probeID,n_observed_normals,panel
cg18452347,97,S1a
cg08852073,97,S1a
cg17208368,97,S1a
cg10212055,55,S1a
cg07230991,97,S1a
cg24538642,88,S1a
cg17920646,75,S1a
cg24536782,81,S1a
cg03116837,97,S1a
cg14317384,77,S1a
cg03028061,97,S1a
cg13390740,97,S1a
cg20995089,97,S1a
cg20071561,97,S1a
cg11068238,97,S1a
cg26877594,97,S1a
cg17961077,97,S1a
cg24670219,97,S1a
cg00759894,97,S1a
cg21546837,97,S1a
cg01143764,97,S1a
cg02187844,97,S1a
cg20223392,97,S1a
cg05985821,97,S1a
cg16139249,97,S1a
cg09073443,97,S1a
cg26919723,97,S1a
cg05321594,97,S1a
cg08699575,65,S1a
cg17651628,97,S1a
cg03102073,97,S1a
cg26688212,97,S1a
cg12126859,97,S1a
cg14654239,97,S1a
cg01457883,91,S1a
cg17016678,97,S1a
cg03745316,97,S1a
cg26840561,97,S1a
cg13200556,97,S1a
cg11995638,97,S1a
cg11898212,97,S1a
cg11871038,94,S1a
cg02536620,81,S1a
cg23322605,97,S1a
cg19927373,97,S1a
cg12686441,97,S1a
cg06942649,97,S1a
cg09533087,97,S1a
cg26678217,97,S1a
cg17136548,66,S1a
cg16018204,96,S1a
cg16507707,97,S1a
cg04495110,68,S1a
cg14601770,97,S1a
cg10076572,97,S1a
cg05459750,97,S1a
cg02341578,97,S1a
cg07782451,97,S1a
cg13923530,97,S1a
cg03294066,97,S1a
cg07233677,79,S1a
cg05142982,97,S1a
cg19019537,97,S1a
cg04134279,97,S1a
cg23109344,71,S1a
cg00066748,58,S1a
cg08072539,97,S1a
cg26280778,60,S1a
cg13291570,85,S1a
cg07745344,97,S1a
cg06878548,97,S1a
cg10702755,97,S1a
cg17142066,97,S1a
cg01821426,97,S1a
cg20167762,97,S1a
cg02477218,97,S1a
cg04166267,94,S1a
cg05028639,97,S1a
cg26221494,97,S1a
cg10225408,97,S1a
cg22238489,97,S1a
cg24842815,92,S1a
cg02467382,96,S1a
cg15320980,97,S1a
cg14321941,97,S1a
cg23872487,97,S1a
cg17719232,97,S1a
cg10943179,97,S1a
cg05361553,97,S1a
cg15825027,97,S1a
cg19660806,97,S1a
cg16856213,97,S1a
cg00837987,91,S1a
cg00403616,97,S1a
cg00111335,97,S1a
cg04179953,97,S1a
cg07655864,97,S1a
cg20128192,97,S1a
cg14560240,97,S1a
cg00450029,97,S1a
cg23958373,97,S1a
cg07234876,97,S1a
cg02524346,97,S1a
cg07685180,97,S1a
cg26554054,97,S1a
cg15331088,97,S1a
cg25340906,97,S1a
cg10396713,97,S1a
cg10454879,97,S1a
cg23055199,97,S1a
cg05423712,97,S1a
cg21778244,97,S1a
cg14325952,97,S1a
cg21173402,97,S1a
cg22908440,97,S1a
cg00776166,97,S1a
cg01811109,97,S1a
cg08885114,97,S1a
cg16779811,97,S1a
cg24470787,97,S1a
cg03179422,97,S1a
cg08147226,97,S1a
cg05956747,97,S1a
cg18581669,97,S1a
cg01911386,97,S1a
cg21459713,97,S1a
cg06016675,97,S1a
cg03824533,97,S1a
cg13264159,97,S1a
cg04867047,97,S1a
cg26001719,97,S1a
cg20780944,97,S1a
cg12992745,97,S1a
cg06013413,97,S1a
cg17461462,96,S1a
cg26817229,97,S1a
cg26625028,97,S1a
cg13582028,97,S1a
cg09960294,94,S1a
cg04670874,95,S1a
cg08454824,97,S1a
cg01053087,97,S1a
cg05875700,97,S1a
cg12641240,94,S1a
cg10276018,97,S1a
cg00251824,97,S1a
cg19002941,97,S1a
cg23291048,97,S1a
cg06765219,97,S1a
cg00157656,91,S1a
cg13254221,97,S1a
cg25230043,97,S1a
cg05871582,97,S1a
cg02209998,97,S1a
cg03761569,92,S1a
cg22153345,97,S1a
cg09875921,97,S1a
cg25616992,97,S1a
cg07417857,95,S1a
cg03104808,97,S1a
cg20916500,97,S1a
cg07163719,97,S1a
cg18332212,97,S1a
cg22811350,97,S1a
cg12848295,97,S1a
cg02668261,97,S1a
cg21856744,97,S1a
cg10189882,97,S1a
cg26431815,97,S1a
cg12550146,97,S1a
cg09701896,97,S1a
cg21740055,97,S1a
cg13175060,97,S1a
cg17094146,97,S1a
cg22843129,97,S1a
cg07780735,97,S1a
cg09747054,97,S1a
cg07795888,97,S1a
cg27127351,97,S1a
cg01409163,97,S1a
cg18002480,97,S1a
cg22307444,97,S1a
cg26684319,97,S1a
cg17179911,97,S1a
cg21650737,96,S1a
cg27048067,97,S1a
cg10765507,97,S1a
cg00395995,97,S1a
cg13203973,97,S1a
cg00733001,97,S1a
cg25930451,97,S1a
cg09664442,97,S1a
cg21853250,97,S1a
cg07228441,97,S1a
cg20048125,97,S1a
cg03134551,97,S1a
cg13442586,97,S1a
cg20672744,97,S1a
cg13974084,97,S1a
cg16168624,97,S1a
cg20670274,97,S1a
cg19259199,97,S1a
cg01142096,97,S1a
cg25969984,97,S1a
cg19572055,97,S1a
cg16537292,97,S1a
cg01993478,97,S1a
cg08823244,97,S1a
cg10683251,97,S1a
cg01200640,97,S1a
cg23008230,97,S1a
cg01369750,97,S1a
cg23156916,97,S1a
cg26777883,97,S1a
cg05022059,97,S1a
cg07249684,97,S1a
cg21198167,97,S1a
cg00259549,97,S1a
cg05269845,97,S1a
cg11366668,97,S1a
cg01310543,97,S1a
cg17756545,56,S1a
cg10868567,97,S1a
cg05260372,97,S1a
cg25481384,97,S1a
cg24166129,97,S1a
cg11774251,97,S1a
cg00641933,97,S1a
cg11933290,97,S1a
cg13343159,97,S1a
cg07270187,91,S1a
cg07284231,25,S1a
cg23111276,97,S1a
cg18509936,97,S1a
cg09496391,97,S1a
cg23321010,97,S1a
cg00349948,97,S1a
cg07874755,97,S1a
cg15984406,78,S1a
cg05140937,97,S1a
cg17966488,97,S1a
cg10335482,97,S1a
cg11832020,97,S1a
cg23286514,97,S1a
cg09959150,97,S1a
cg23562160,97,S1a
cg07744289,97,S1a
cg00032610,97,S1a
cg20387695,97,S1a
cg21594383,80,S1a
cg20557778,97,S1a
cg02123616,97,S1a
cg20077007,97,S1a
cg19788214,97,S1a
cg23196720,97,S1a
cg18788284,25,S1a
cg22059211,97,S1a
cg16584328,97,S1a
cg21618751,97,S1a
cg18196087,97,S1a
cg27627662,97,S1a
cg16442852,97,S1a
cg25037335,80,S1a
cg26063030,56,S1a
cg00345025,97,S1a
cg03615476,57,S1a
cg25371314,97,S1a
cg20652464,97,S1a
cg08268734,97,S1a
cg07757183,97,S1a
cg05556023,97,S1a
cg18327276,97,S1a
cg03534326,97,S1a
cg01620911,97,S1a
cg26283949,97,S1a
cg22933133,97,S1a
cg16897264,97,S1a
cg25669088,97,S1a
cg21503148,97,S1a
cg00283792,92,S1a
cg05612973,97,S1a
cg09020384,97,S1a
cg22561845,97,S1a
cg22866754,97,S1a
cg23548640,97,S1a
cg24535956,97,S1a
cg02840008,97,S1a
cg21158981,97,S1a
cg17450190,97,S1a
cg14975347,97,S1a
cg05973414,97,S1a
cg23153626,56,S1a
cg12033779,90,S1a
cg20110832,97,S1a
cg08123106,97,S1a
cg13406339,97,S1a
cg15965495,97,S1a
cg26049136,90,S1a
cg00148926,97,S1a
cg07178994,97,S1a
cg01971667,97,S1a
cg22379564,97,S1a
cg19790352,97,S1a
cg05979597,97,S1a
cg11351709,97,S1a
cg11137605,97,S1a
cg03494825,97,S1a
cg21352158,97,S1a
cg27241889,97,S1a
cg00281725,97,S1a
cg04165188,97,S1a
cg09180070,80,S1a
cg06784909,97,S1a
cg17370195,97,S1a
cg02730139,97,S1a
cg26362453,97,S1a
cg05616965,97,S1a
cg03063943,97,S1a
cg24645839,97,S1a
cg21772735,97,S1a
cg09142848,96,S1a
cg26078859,97,S1a
cg03646096,97,S1a
cg16579144,97,S1a
cg21037943,97,S1a
cg08586642,97,S1a
cg09525146,97,S1a
cg06931523,97,S1a
cg02923021,97,S1a
cg18984833,97,S1a
cg19727381,97,S1a
cg00069815,97,S1a
cg20791311,97,S1a
cg23360101,97,S1a
cg15415194,97,S1a
cg17574269,97,S1a
cg09012402,97,S1a
cg17377211,97,S1a
cg13153698,97,S1a
cg22388232,97,S1a
cg16719810,97,S1a
cg11885565,97,S1a
cg18026820,97,S1a
cg02083214,97,S1a
cg06166371,97,S1a
cg13553662,97,S1a
cg05874549,97,S1a
cg21398280,97,S1a
cg04552625,97,S1a
cg25256383,97,S1a
cg11968792,97,S1a
cg09605021,97,S1a
cg25070442,97,S1a
cg12162353,97,S1a
cg09141075,97,S1a
cg10334885,97,S1a
cg17007108,97,S1a
cg19877843,74,S1a
cg04028606,97,S1a
cg00241427,97,S1a
cg25673668,97,S1a
cg19994023,97,S1a
cg20098854,97,S1a
cg03533109,97,S1a
cg27376872,97,S1a
cg20111321,97,S1a
cg24483352,97,S1a
cg12168626,97,S1a
cg22551060,97,S1a
cg11769850,97,S1a
cg00785598,97,S1a
cg16174102,95,S1a
cg27176043,97,S1a
cg20993909,97,S1a
cg01044632,97,S1a
cg14652369,97,S1a
cg00116418,97,S1a
cg17176558,97,S1a
cg14340829,97,S1a
cg05682581,97,S1a
cg23353046,97,S1a
cg15309879,97,S1a
cg00602245,97,S1a
cg00687073,97,S1a
cg16451909,97,S1a
cg06763467,97,S1a
cg00008695,97,S1a
cg07796977,97,S1a
cg06547541,97,S1a
cg20449379,97,S1a
cg05576992,97,S1a
cg05232207,97,S1a
cg11507591,97,S1a
cg12443285,97,S1a
cg18110478,97,S1a
cg15129982,72,S1a
cg26246536,88,S1a
cg22298265,97,S1a
cg16852038,97,S1a
cg00351635,88,S1a
cg05446539,97,S1a
cg06809074,97,S1a
cg19726546,97,S1a
cg00830086,97,S1a
cg12165223,97,S1a
cg04392715,97,S1a
cg08237565,97,S1a
cg01355932,97,S1a
cg04480158,97,S1a
cg24554508,97,S1a
cg13526221,97,S1a
cg09095122,97,S1a
cg19291056,82,S1a
cg10529662,97,S1a
cg22106721,82,S1a
cg06167730,94,S1a
cg26206456,97,S1a
cg23310345,97,S1a
cg23666588,97,S1a
cg04887544,90,S1a
cg18836844,97,S1a
cg14025373,97,S1a
cg00553967,97,S1a
cg20383444,97,S1a
cg22932978,97,S1a
cg04918696,83,S1a
cg08202144,97,S1a
cg24530480,97,S1a
cg11374227,97,S1a
cg27653595,97,S1a
cg13730786,97,S1a
cg03002834,97,S1a
cg01869955,97,S1a
cg27509052,97,S1a
cg22865989,97,S1a
cg00565786,97,S1a
cg11165001,97,S1a
cg07671011,97,S1a
cg25461249,97,S1a
cg19861858,97,S1a
cg04851639,97,S1a
cg12551695,97,S1a
cg01410522,97,S1a
cg26056498,97,S1a
cg08324612,97,S1a
cg21649828,97,S1a
cg19824833,97,S1a
cg01603862,97,S1a
cg14864352,97,S1a
cg00447574,97,S1a
cg18585246,97,S1a
cg24614671,97,S1a
cg03967266,59,S1a
cg14907066,97,S1a
cg00186815,93,S1a
cg17311784,97,S1a
cg22346032,97,S1a
cg25705452,97,S1a
cg09618773,97,S1a
cg04106395,97,S1a
cg21515003,97,S1a
cg15682797,95,S1a
cg17119279,97,S1a
cg24185817,97,S1a
cg00091146,97,S1a
cg19625689,97,S1a
cg03139843,97,S1a
cg12023271,97,S1a
cg15982952,97,S1a
cg27256423,97,S1a
cg16538749,96,S1a
cg18996916,97,S1a
cg23984176,97,S1a
cg12192120,96,S1a
cg14041855,97,S1a
cg24931713,97,S1a
cg26359712,97,S1a
cg13004792,97,S1a
cg25624690,97,S1a
cg14393034,95,S1a
cg01488575,97,S1a
cg04204499,97,S1a
cg03843542,97,S1a
cg14399790,97,S1a
cg08387835,97,S1a
cg02698900,93,S1a
cg16331296,97,S1a
cg21453840,97,S1a
cg26006558,97,S1a
cg12991609,97,S1a
cg20550146,97,S1a
cg12086014,97,S1a
cg00912738,97,S1a
cg01333706,97,S1a
cg07612991,97,S1a
cg01486219,97,S1a
cg19267776,97,S1a
cg15972125,97,S1a
cg10317283,97,S1a
cg11692435,97,S1a
cg05283646,97,S1a
cg03907855,97,S1a
cg10402222,97,S1a
cg06212258,76,S1a
cg27523780,97,S1a
cg25478219,97,S1a
cg26363579,97,S1a
cg16371838,97,S1a
cg07554622,97,S1a
cg17834136,97,S1a
cg24126630,97,S1a
cg02154765,97,S1a
cg12797746,97,S1a
cg27106673,97,S1a
cg00621826,83,S1a
cg09058577,97,S1a
cg17835463,97,S1a
cg18739932,97,S1a
cg25493764,91,S1a
cg27323588,97,S1a
cg16922753,97,S1a
cg19530281,97,S1a
cg01788773,97,S1a
cg02640497,97,S1a
cg25249681,97,S1a
cg00922157,97,S1a
cg24951989,97,S1a
cg27269149,95,S1a
cg18144076,97,S1a
cg06269631,97,S1a
cg26628811,97,S1a
cg22477013,97,S1a
cg07894516,97,S1a
cg23051248,97,S1a
cg00992802,75,S1a
cg25092915,97,S1a
cg14747065,97,S1a
cg20164021,97,S1a
cg06081952,97,S1a
cg21087427,97,S1a
cg20586163,97,S1a
cg22917314,97,S1a
cg01917932,97,S1a
cg12171660,97,S1a
cg20860124,97,S1a
cg20816478,97,S1a
cg24885202,97,S1a
cg14481336,63,S1a
cg13715901,97,S1a
cg09577317,97,S1a
cg24124079,97,S1a
cg19309499,97,S1a
cg05624064,97,S1a
cg23411932,97,S1a
cg02895081,97,S1a
cg23667178,97,S1a
cg13689068,97,S1a
cg09967192,97,S1a
cg04895246,97,S1a
cg23785114,97,S1a
cg00324719,97,S1a
cg07148651,97,S1a
cg04671803,97,S1a
cg00178551,97,S1a
cg18786237,97,S1a
cg11459266,97,S1a
cg02986960,97,S1a
cg15983528,97,S1a
cg04036644,97,S1a
cg24313734,97,S1a
cg08205099,97,S1a
cg22006704,97,S1a
cg12975603,97,S1a
cg22094781,90,S1a
cg03565240,97,S1a
cg26904376,97,S1a
cg22287148,97,S1a
cg05950192,97,S1a
cg18929889,90,S1a
cg05313949,96,S1a
cg16879452,21,S1a
cg06777815,88,S1a
cg10982683,96,S1a
cg06789840,97,S1a
cg25189681,97,S1a
cg02886375,97,S1a
cg25203310,97,S1a
cg05585563,97,S1a
cg20003034,96,S1a
cg08072848,54,S1a
cg18475668,97,S1a
cg05779585,97,S1a
cg09552326,80,S1a
cg06039318,97,S1a
cg10952063,97,S1a
cg14479709,97,S1a
cg11500569,97,S1a
cg20465558,97,S1a
cg03964343,97,S1a
cg24793746,97,S1a
cg25641572,97,S1a
cg05231029,97,S1a
cg13954161,97,S1a
cg12165219,97,S1a
cg21046202,97,S1a
cg21146170,97,S1a
cg26098815,97,S1a
cg02152091,97,S1a
cg04271365,90,S1a
cg21179892,97,S1a
cg23886978,97,S1a
cg23201695,97,S1a
cg21006256,97,S1a
cg24513387,97,S1a
cg25674613,97,S1a
cg02946697,97,S1a
cg08285446,97,S1a
cg15654779,97,S1a
cg22152500,97,S1a
cg21418104,93,S1a
cg09978937,97,S1a
cg09853063,95,S1a
cg08638874,97,S1a
cg09954251,74,S1a
cg25596486,76,S1a
cg06957290,97,S1a
cg23321038,97,S1a
cg16518348,95,S1a
cg21751704,97,S1a
cg13293643,97,S1a
cg25821436,97,S1a
cg23626762,97,S1a
cg10765397,97,S1a
cg22273804,97,S1a
cg23959221,97,S1a
cg10286959,97,S1a
cg14386808,97,S1a
cg00476282,97,S1a
cg07011512,97,S1a
cg20578780,97,S1a
cg15855691,97,S1a
cg20309975,97,S1a
cg19747911,97,S1a
cg07874646,97,S1a
cg20937021,97,S1a
cg09692368,97,S1a
cg04842038,97,S1a
cg11644755,97,S1a
cg19697795,97,S1a
cg08872321,97,S1a
cg15428949,97,S1a
cg26535325,97,S1a
cg07179565,97,S1a
cg09034646,97,S1a
cg00298921,97,S1a
cg12249901,97,S1a
cg00931944,97,S1a
cg21347738,97,S1a
cg27065478,97,S1a
cg15326535,97,S1a
cg22744784,97,S1a
cg13376199,97,S1a
cg10787000,97,S1a
cg03342977,97,S1a
cg09759446,97,S1a
cg17817564,97,S1a
cg12718582,97,S1a
cg05938624,97,S1a
cg25664752,97,S1a
cg22457668,97,S1a
cg00943985,97,S1a
cg00536910,97,S1a
cg19845127,97,S1a
cg01925594,97,S1a
cg03128011,97,S1a
cg20088245,96,S1a
cg22034735,97,S1a
cg05029148,97,S1a
cg07511723,97,S1a
cg22288798,97,S1a
cg09610084,97,S1a
cg20385901,97,S1a
cg07021275,97,S1a
cg08219814,97,S1a
cg25605102,97,S1a
cg03092615,97,S1a
cg22508338,97,S1a
cg13582775,97,S1a
cg19616654,97,S1a
cg21449256,97,S1a
cg14439150,97,S1a
cg00267839,97,S1a
cg19517841,97,S1a
cg00601751,97,S1a
cg19119942,97,S1a
cg24627789,97,S1a
cg18501230,90,S1a
cg06709756,97,S1a
cg00320597,97,S1a
cg13562266,97,S1a
cg12340166,97,S1a
cg10326182,97,S1a
cg18100753,97,S1a
cg23971215,96,S1a
cg14603420,97,S1a
cg03762802,97,S1a
cg07751104,97,S1a
cg14720951,97,S1a
cg17090954,97,S1a
cg14548527,97,S1a
cg15582998,97,S1a
cg20749462,97,S1a
cg27134251,97,S1a
cg09050832,97,S1a
cg06008419,28,S1a
cg02490460,97,S1a
cg01760090,97,S1a
cg05041795,97,S1a
cg06983765,97,S1a
cg26361518,97,S1a
cg20520709,97,S1a
cg08877269,97,S1a
cg08919372,97,S1a
cg16335919,97,S1a
cg00728371,97,S1a
cg15961904,97,S1a
cg03917158,97,S1a
cg16457307,97,S1a
cg25876817,97,S1a
cg10670787,97,S1a
cg10818763,97,S1a
cg01150014,97,S1a
cg26140139,97,S1a
cg25057157,97,S1a
cg23790554,97,S1a
cg21776682,97,S1a
cg02095946,97,S1a
cg05413325,97,S1a
cg24596082,97,S1a
cg06016156,86,S1a
cg17677376,97,S1a
cg09127909,97,S1a
cg18064715,89,S1a
cg06452558,97,S1a
cg15742515,97,S1a
cg05873604,97,S1a
cg05974733,97,S1a
cg16442298,97,S1a
cg25147622,97,S1a
cg03551508,97,S1a
cg19722671,97,S1a
cg18167585,97,S1a
cg26864084,97,S1a
cg07802949,95,S1a
cg11759875,97,S1a
cg15305361,97,S1a
cg18813527,97,S1a
cg16113905,97,S1a
cg21723707,97,S1a
cg15687869,97,S1a
cg14215310,97,S1a
cg14499577,97,S1a
cg04041283,97,S1a
cg02243946,97,S1a
cg09050048,97,S1a
cg13454978,97,S1a
cg13187990,97,S1a
cg01980591,97,S1a
cg14484973,97,S1a
cg00827210,97,S1a
cg02511845,97,S1a
cg16582891,97,S1a
cg19270409,97,S1a
cg17478893,97,S1a
cg01518225,97,S1a
cg00996790,97,S1a
cg23884687,97,S1a
cg02335844,97,S1a
cg03081118,88,S1a
cg09896340,97,S1a
cg14807682,97,S1a
cg08992360,97,S1a
cg16008054,97,S1a
cg00102439,97,S1a
cg26075281,97,S1a
cg04496304,97,S1a
cg07756647,97,S1a
cg13063207,97,S1a
cg16076486,97,S1a
cg19839956,97,S1a
cg13367644,97,S1a
cg15992272,97,S1a
cg26493622,97,S1a
cg22252970,97,S1a
cg07012128,97,S1a
cg11691504,97,S1a
cg21851391,82,S1a
cg18427696,97,S1a
cg19404723,97,S1a
cg20705812,97,S1a
cg12618806,97,S1a
cg11254573,97,S1a
cg11217367,97,S1a
cg05809437,97,S1a
cg10636144,97,S1a
cg04007792,94,S1a
cg24526596,97,S1a
cg24890716,97,S1a
cg16909660,97,S1a
cg18629407,97,S1a
cg17664099,97,S1a
cg04050941,95,S1a
cg15938529,94,S1a
cg03723211,97,S1a
cg25398924,97,S1a
cg27412284,97,S1a
cg25955692,97,S1a
cg20009866,97,S1a
cg03006172,97,S1a
cg00598912,97,S1a
cg13725636,97,S1a
cg11747466,97,S1a
cg05951364,97,S1a
cg27185976,97,S1a
cg10702238,97,S1a
cg01527581,97,S1a
cg21755806,97,S1a
cg05951763,97,S1a
cg23424125,97,S1a
cg18496841,97,S1a
cg18803856,97,S1a
cg02192678,97,S1a
cg19993573,97,S1a
cg00579531,97,S1a
cg08038402,97,S1a
cg26321366,97,S1a
cg04058153,97,S1a
cg09052244,97,S1a
cg21127601,87,S1a
cg26607620,97,S1a
cg18437193,97,S1a
cg13649332,97,S1a
cg02643451,97,S1a
cg06449084,97,S1a
cg10448111,97,S1a
cg08779891,97,S1a
cg18540249,97,S1a
cg20257821,97,S1a
cg10868194,97,S1a
cg02641770,97,S1a
cg03185622,97,S1a
cg27469019,97,S1a
cg24356530,97,S1a
cg11114923,97,S1a
cg00510502,97,S1a
cg02985959,97,S1a
cg00623161,97,S1a
cg11878419,97,S1a
cg09418861,97,S1a
cg02903104,74,S1a
cg00142239,93,S1a
cg27043838,97,S1a
cg22787604,97,S1a
cg09427741,97,S1a
cg07422669,97,S1a
cg25086767,97,S1a
cg15833940,97,S1a
cg08387538,63,S1a
cg19915881,97,S1a
cg02840179,97,S1a
cg19772852,97,S1a
cg09938674,97,S1a
cg22806076,97,S1a
cg07872300,97,S1a
cg10557827,96,S1a
cg11734845,97,S1a
cg07337456,97,S1a
cg22385595,97,S1a
cg25449412,97,S1a
cg01750724,89,S1a
cg03518799,97,S1a
cg22102082,97,S1a
cg19005236,97,S1a
cg13408752,97,S1a
cg10831196,97,S1a
cg07346177,97,S1a
cg07205753,97,S1a
cg26942892,97,S1a
cg19107264,96,S1a
cg05475938,97,S1a
cg26128378,97,S1a
cg17105041,97,S1a
cg21763873,97,S1a
cg05577437,97,S1a
cg02255090,97,S1a
cg05805326,97,S1a
cg12667021,97,S1a
cg06070132,97,S1a
cg03901910,97,S1a
cg17726720,97,S1a
cg23546506,97,S1a
cg27316067,97,S1a
cg21591278,97,S1a
cg24257495,97,S1a
cg02987368,95,S1a
cg24035595,97,S1a
cg17407455,97,S1a
cg21620107,97,S1a
cg20812772,97,S1a
cg03613433,97,S1a
cg02709139,97,S1a
cg18736711,97,S1a
cg04687241,97,S1a
cg05455971,97,S1a
cg16520712,97,S1a
cg25633955,97,S1a
cg24150262,97,S1a
cg26553789,97,S1a
cg00672445,97,S1a
cg11966432,97,S1a
cg21819129,97,S1a
cg17638856,97,S1a
cg08575860,97,S1a
cg06040034,92,S1a
cg01571203,97,S1a
cg04910277,97,S1a
cg19911493,97,S1a
cg10489318,97,S1a
cg24507457,97,S1a
cg26463699,97,S1a
cg01154272,97,S1a
cg17124844,97,S1a
cg21774064,97,S1a
cg10718938,97,S1a
cg09055992,97,S1a
cg21930938,97,S1a
cg20597619,97,S1a
cg08082351,97,S1a
cg10605694,97,S1a
cg20076070,97,S1a
cg19049724,97,S1a
cg21237749,97,S1a
cg05636584,97,S1a
cg04461895,42,S1a
cg12020778,97,S1a
cg22603628,97,S1a
cg03308704,97,S1a
cg04685163,97,S1a
cg00199047,97,S1a
cg22763586,97,S1a
cg11192059,97,S1a
cg27351978,97,S1a
cg24265719,97,S1a
cg16268546,97,S1a
cg04501624,97,S1a
cg21397287,97,S1a
cg23042540,97,S1a
cg24311644,97,S1a
cg17697873,97,S1a
cg26170568,97,S1a
cg02789870,97,S1a
cg21492214,97,S1a
cg27219961,97,S1a
cg20658779,97,S1a
cg25833001,97,S1a
cg25947184,93,S1a
cg08198773,97,S1a
cg19131313,97,S1a
cg17159058,97,S1a
cg12127758,63,S1a
cg22856010,55,S1a
cg10046227,97,S1a
cg17694851,97,S1a
cg16222326,97,S1a
cg20610654,97,S1a
cg24391279,97,S1a
cg23833896,97,S1a
cg15739309,97,S1a
cg20915447,97,S1a
cg26184856,97,S1a
cg13996619,97,S1a
cg11948688,97,S1a
cg26975524,53,S1a
cg23952859,93,S1a
cg19366147,97,S1a
cg20905415,97,S1a
cg03701425,97,S1a
cg12089360,97,S1a
cg12723350,97,S1a
cg17051905,97,S1a
cg16317553,97,S1a
cg24578875,97,S1a
cg17290127,97,S1a
cg09410841,17,S1a
cg06824812,97,S1a
cg02118755,97,S1a
cg10355466,97,S1a
cg23878422,97,S1a
cg16321109,97,S1a
cg26830192,97,S1a
cg17927889,97,S1a
cg02236941,40,S1a
cg20713968,97,S1a
cg24885442,97,S1a
cg07876450,97,S1a
cg22756942,85,S1a
cg03411742,97,S1a
cg14682990,96,S1a
cg01833044,97,S1a
cg02000426,97,S1a
cg00726871,97,S1a
cg01166253,97,S1a
cg06572713,97,S1a
cg22461390,97,S1a
cg06742077,97,S1a
cg17937101,97,S1a
cg20113820,97,S1a
cg05650680,97,S1a
cg25673948,97,S1a
cg11998141,97,S1a
cg09177567,97,S1a
cg09899173,97,S1a
cg12142501,97,S1a
cg15821939,97,S1a
cg00790020,97,S1a
cg23123017,97,S1a
cg18098065,97,S1a
cg23299804,97,S1a
cg01801826,97,S1a
cg23541921,97,S1a
cg10964367,97,S1a
cg06076323,97,S1a
cg14861020,97,S1a
cg14681767,97,S1a
cg27564715,97,S1a
cg24889829,97,S1a
cg11492536,96,S1a
cg18797823,97,S1a
cg09259595,97,S1a
cg25323005,97,S1a
cg06463230,95,S1a
cg21845869,96,S1a
cg11902180,96,S1a
cg00156551,97,S1a
cg14925067,97,S1a
cg27468857,97,S1a
cg13474004,97,S1a
cg10434754,97,S1a
cg07264062,83,S1a
cg00030807,97,S1a
cg00284386,97,S1a
cg22310744,97,S1a
cg19930652,97,S1a
cg24556080,97,S1a
cg17458053,97,S1a
cg00783409,97,S1a
cg14336665,97,S1a
cg17164443,97,S1a
cg22678465,97,S1a
cg22029879,97,S1a
cg07575086,97,S1a
cg14154819,97,S1a
cg15857889,97,S1a
cg26832427,97,S1a
cg17992194,97,S1a
cg19109740,97,S1a
cg11407612,97,S1a
cg17220632,97,S1a
cg18024053,97,S1a
cg04887836,97,S1a
cg18499636,97,S1a
cg09582000,70,S1a
cg01571283,97,S1a
cg07279631,97,S1a
cg25365379,97,S1a
cg14330479,97,S1a
cg02324367,97,S1a
cg21967789,97,S1a
cg00474873,97,S1a
cg25881328,97,S1a
cg07298996,97,S1a
cg24255327,97,S1a
cg16294168,97,S1a
cg00691598,97,S1a
cg01144965,97,S1a
cg06937351,97,S1a
cg24889466,97,S1a
cg11047382,97,S1a
cg07313340,97,S1a
cg11699208,97,S1a
cg05178234,97,S1a
cg20612486,97,S1a
cg21151461,97,S1a
cg25389250,97,S1a
cg23902994,97,S1a
cg17717972,97,S1a
cg00936442,97,S1a
cg08753841,91,S1a
cg02475948,97,S1a
cg24352757,97,S1a
cg08427854,97,S1a
cg24804146,97,S1a
cg24706251,97,S1a
cg16507631,97,S1a
cg16145598,97,S1a
cg12847536,97,S1a
cg07509167,97,S1a
cg08980014,97,S1a
cg26772538,97,S1a
cg12512466,97,S1a
cg23204612,97,S1a
cg24504942,97,S1a
cg01005441,97,S1a
cg20223754,97,S1a
cg18511558,97,S1a
cg07428430,97,S1a
cg01291398,97,S1a
cg16064261,97,S1a
cg14968844,97,S1a
cg22934237,97,S1a
cg21760381,95,S1a
cg16592709,97,S1a
cg14839837,97,S1a
cg11087042,97,S1a
cg16852369,37,S1a
cg18533546,97,S1a
cg03705571,97,S1a
cg05833946,97,S1a
cg07011029,97,S1a
cg10296718,97,S1a
cg01971085,97,S1a
cg21750179,92,S1a
cg18456456,97,S1a
cg23223533,97,S1a
cg15956049,97,S1a
cg14287424,97,S1a
cg26101086,97,S1a
cg12035503,97,S1a
cg20763234,97,S1a
cg03748210,97,S1a
cg10443978,97,S1a
cg27392040,97,S1a
cg25063796,97,S1a
cg00729564,97,S1a
cg21437623,97,S1a
cg17002510,97,S1a
cg07550595,97,S1a
cg01674777,94,S1a
cg18107989,97,S1a
cg26382251,97,S1a
cg17491300,97,S1a
cg08381013,97,S1a
cg20149022,97,S1a
cg22629762,97,S1a
cg07239452,97,S1a
cg19351604,97,S1a
cg14023009,97,S1a
cg01607321,96,S1a
cg04202620,97,S1a
cg08771923,97,S1a
cg02150714,97,S1a
cg07694735,97,S1a
cg06807837,97,S1a
cg01824603,97,S1a
cg04804094,97,S1a
cg09915232,97,S1a
cg09126794,91,S1a
cg00639143,97,S1a
cg27511289,97,S1a
cg23780635,97,S1a
cg11559989,97,S1a
cg23354307,97,S1a
cg26500804,97,S1a
cg10204506,97,S1a
cg25828741,97,S1a
cg13621836,97,S1a
cg05596468,97,S1a
cg20038366,97,S1a
cg22384183,97,S1a
cg04909834,97,S1a
cg00131893,97,S1a
cg03923966,97,S1a
cg03240966,97,S1a
cg21161403,97,S1a
cg10119564,97,S1a
cg10195336,97,S1a
cg08753331,95,S1a
cg11498228,97,S1a
cg20690085,97,S1a
cg09578937,97,S1a
cg08929626,97,S1a
cg08586913,97,S1a
cg14231959,97,S1a
cg22062741,97,S1a
cg24833027,97,S1a
cg24138325,84,S1a
cg05488778,97,S1a
cg12502286,97,S1a
cg21394273,91,S1a
cg13323878,97,S1a
cg10890925,97,S1a
cg14301933,97,S1a
cg22325580,97,S1a
cg15175005,97,S1a
cg25330029,97,S1a
cg20163645,97,S1a
cg17527435,97,S1a
cg06879681,97,S1a
cg27134322,97,S1a
cg19627093,97,S1a
cg14390047,97,S1a
cg10176011,97,S1a
cg11589287,97,S1a
cg13056369,97,S1a
cg26195495,84,S1a
cg03125531,97,S1a
cg13522891,92,S1a
cg20305578,97,S1a
cg11010976,97,S1a
cg27003787,97,S1a
cg18537482,97,S1a
cg25058438,97,S1a
cg04854911,97,S1a
cg18168520,97,S1a
cg00667680,97,S1a
cg26342552,97,S1a
cg21244135,97,S1a
cg17953716,97,S1a
cg12972705,97,S1a
cg16426366,97,S1a
cg01109279,78,S1a
cg13316543,59,S1a
cg07356114,97,S1a
cg17508025,96,S1a
cg00688236,50,S1a
cg15629072,97,S1a
cg22030181,97,S1a
cg06316133,97,S1a
cg20910202,97,S1a
cg11737172,97,S1a
cg08867707,93,S1a
cg09147140,97,S1a
cg24414127,97,S1a
cg01670896,97,S1a
cg07505680,97,S1a
cg22504267,97,S1a
cg01570068,97,S1a
cg01648999,97,S1a
cg09936663,97,S1a
cg06047886,97,S1a
cg01540522,79,S1a
cg27126872,97,S1a
cg09689137,97,S1a
cg23426958,97,S1a
cg25021970,97,S1a
cg21698185,97,S1a
cg04785900,97,S1a
cg09618998,97,S1a
cg02913553,97,S1a
cg05888181,60,S1a
cg20849109,97,S1a
cg24598145,97,S1a
cg07461572,97,S1a
cg17826006,97,S1a
cg15745205,97,S1a
cg14069296,96,S1a
cg00191102,42,S1a
cg09529783,97,S1a
cg13290785,97,S1a
cg22325764,97,S1a
cg01012713,93,S1a
cg24951880,97,S1a
cg26355796,97,S1a
cg12934366,97,S1a
cg21707089,97,S1a
cg02860599,97,S1a
cg08625822,97,S1a
cg10759972,97,S1a
cg14023020,97,S1a
cg21884509,97,S1a
cg17012665,68,S1a
cg21918755,97,S1a
cg27277081,97,S1a
cg07920250,80,S1a
cg24885213,97,S1a
cg03748499,97,S1a
cg24925986,97,S1a
cg08597799,97,S1a
cg08008144,97,S1a
cg03589230,97,S1a
cg18766054,97,S1a
cg22843712,97,S1a
cg10700718,97,S1a
cg25898146,56,S1a
cg25541958,97,S1a
cg13318572,97,S1a
cg11701148,68,S1a
cg10452704,97,S1a
cg21132577,97,S1a
cg20103825,97,S1a
cg12284098,97,S1a
cg13428978,97,S1a
cg05241134,97,S1a
cg20219329,96,S1a
cg00840694,97,S1a
cg24282259,97,S1a
cg20255231,97,S1a
cg02473254,97,S1a
cg09584650,70,S1a
cg07709358,97,S1a
cg00527552,97,S1a
cg24290751,97,S1a
cg26394687,97,S1a
cg06421751,97,S1a
cg21700780,97,S1a
cg02349416,97,S1a
cg20638896,97,S1a
cg20816077,97,S1a
cg07503203,97,S1a
cg20181312,97,S1a
cg00319223,97,S1a
cg03454775,97,S1a
cg23751024,97,S1a
cg20188974,97,S1a
cg08462127,97,S1a
cg04146801,97,S1a
cg22658846,97,S1a
cg13386217,97,S1a
cg21899743,97,S1a
cg21944972,97,S1a
cg20559158,97,S1a
cg21844893,97,S1a
cg00874558,97,S1a
cg06216883,97,S1a
cg21816685,97,S1a
cg17665357,97,S1a
cg23588952,97,S1a
cg02618355,97,S1a
cg21789085,95,S1a
cg06445972,97,S1a
cg01233141,97,S1a
cg16491319,83,S1a
cg22123993,97,S1a
cg24701320,97,S1a
cg07510346,97,S1a
cg01012295,97,S1a
cg12738008,97,S1a
cg01439248,97,S1a
cg23467281,95,S1a
cg24311952,97,S1a
cg15456293,97,S1a
cg07744547,97,S1a
cg05003890,97,S1a
cg09567013,97,S1a
cg05037544,97,S1a
cg21773297,52,S1a
cg21768014,97,S1a
cg11040181,87,S1a
cg06054159,97,S1a
cg02243278,97,S1a
cg00535538,97,S1a
cg08174789,82,S1a
cg22020784,97,S1a
cg19307543,97,S1a
cg04790480,97,S1a
cg22740895,97,S1a
cg11955491,97,S1a
cg04009784,97,S1a
cg16814653,97,S1a
cg07155455,97,S1a
cg05482066,48,S1a
cg06463670,97,S1a
cg08305879,97,S1a
cg01703246,97,S1a
cg25554316,97,S1a
cg12881901,97,S1a
cg08186965,97,S1a
cg11497458,97,S1a
cg08475401,97,S1a
cg11243826,97,S1a
cg19197915,97,S1a
cg01880541,97,S1a
cg09570655,97,S1a
cg21053362,97,S1a
cg07720478,97,S1a
cg13631192,97,S1a
cg04910588,97,S1a
cg15583738,97,S1a
cg13168317,97,S1a
cg07041999,63,S1a
cg23304784,66,S1a
cg24194124,97,S1a
cg10139717,97,S1a
cg13959062,97,S1a
cg14356225,97,S1a
cg02023757,97,S1a
cg01862641,97,S1a
cg04495336,97,S1a
cg08642198,97,S1a
cg13320538,97,S1a
cg12255501,97,S1a
cg11644161,91,S1a
cg16580982,97,S1a
cg01466164,77,S1a
cg15239628,97,S1a
cg02362336,97,S1a
cg14993167,97,S1a
cg16485474,97,S1a
cg16402557,97,S1a
cg00160828,97,S1a
cg19308397,97,S1a
cg24475182,97,S1a
cg23099839,97,S1a
cg11779808,97,S1a
cg04671734,97,S1a
cg04122358,97,S1a
cg11122451,97,S1a
cg05008004,97,S1a
cg26684174,97,S1a
cg22645961,97,S1a
cg02973680,97,S1a
cg10565662,97,S1a
cg10350607,97,S1a
cg21769514,97,S1a
cg14350958,91,S1a
cg09092987,97,S1a
cg04640809,97,S1a
cg00336791,90,S1a
cg07155495,93,S1a
cg19923622,97,S1a
cg26793019,97,S1a
cg11210374,97,S1a
cg12027248,97,S1a
cg25329377,97,S1a
cg27029018,97,S1a
cg02528400,97,S1a
cg12243864,97,S1a
cg24477102,97,S1a
cg20912923,97,S1a
cg00332689,95,S1a
cg26852625,97,S1a
cg08373605,95,S1a
cg02563011,97,S1a
cg25766801,97,S1a
cg02006324,97,S1a
cg19884629,97,S1a
cg00018696,96,S1a
cg25338036,97,S1a
cg01070560,95,S1a
cg17817521,97,S1a
cg06710438,97,S1a
cg02630677,97,S1a
cg08642111,97,S1a
cg16785381,97,S1a
cg12028740,85,S1a
cg23345631,97,S1a
cg22911315,97,S1a
cg00246768,97,S1a
cg23564432,97,S1a
cg27340648,97,S1a
cg23702644,97,S1a
cg01434302,45,S1a
cg05999364,94,S1a
cg22726414,97,S1a
cg00552087,97,S1a
cg16761276,97,S1a
cg11782250,97,S1a
cg14940233,97,S1a
cg15244965,97,S1a
cg17102269,97,S1a
cg20911707,97,S1a
cg22663467,97,S1a
cg22016513,97,S1a
cg11492932,83,S1a
cg00631327,97,S1a
cg09539824,32,S1a
cg26837853,97,S1a
cg07777433,97,S1a
cg11925907,97,S1a
cg08132734,97,S1a
cg12989342,97,S1a
cg02487491,97,S1a
cg15195541,95,S1a
cg12269374,97,S1a
cg11532179,97,S1a
cg17001717,97,S1a
cg20934731,84,S1a
cg09044665,83,S1a
cg23154832,97,S1a
cg24327361,84,S1a
cg19849211,97,S1a
cg08625617,97,S1a
cg02680398,97,S1a
cg08236285,97,S1a
cg18317533,97,S1a
cg27258394,97,S1a
cg12042060,93,S1a
cg05306225,97,S1a
cg10290764,97,S1a
cg09159022,97,S1a
cg23495279,97,S1a
cg15908006,97,S1a
cg23818621,97,S1a
cg04663870,97,S1a
cg14762856,97,S1a
cg26763877,97,S1a
cg12258042,97,S1a
cg15237923,97,S1a
cg08383399,97,S1a
cg22619018,97,S1a
cg20564969,97,S1a
cg01136458,97,S1a
cg27255656,97,S1a
cg25956036,97,S1a
cg11003814,50,S1a
cg26957110,97,S1a
cg27550595,97,S1a
cg23407520,97,S1a
cg09862711,97,S1a
cg04051278,86,S1a
cg11958666,97,S1a
cg24839145,95,S1a
cg19404426,96,S1a
cg03330484,97,S1a
cg22901249,97,S1a
cg08879886,97,S1a
cg10061374,97,S1a
cg15531411,97,S1a
cg27498197,97,S1a
cg23982568,97,S1a
cg18119380,97,S1a
cg23549331,32,S1a
cg05265089,97,S1a
cg07539200,97,S1a
cg04463232,97,S1a
cg15684290,97,S1a
cg03381304,97,S1a
cg02213466,97,S1a
cg22873130,97,S1a
cg16870442,97,S1a
cg09637024,97,S1a
cg03773820,97,S1a
cg14383815,97,S1a
cg11043092,97,S1a
cg11385631,97,S1a
cg09035995,97,S1a
cg15447610,95,S1a
cg10451621,97,S1a
cg12074090,97,S1a
cg02606480,97,S1a
cg03459920,97,S1a
cg00159682,97,S1a
cg17596531,97,S1a
cg17754742,97,S1a
cg21743914,97,S1a
cg21193744,97,S1a
cg19438658,97,S1a
cg20821838,97,S1a
cg15530351,97,S1a
cg20460488,97,S1a
cg23706836,97,S1a
cg24195359,97,S1a
cg20490392,97,S1a
cg25350011,97,S1a
cg04017131,97,S1a
cg02548132,97,S1a
cg24670715,97,S1a
cg02402368,97,S1a
cg03631656,97,S1a
cg10395101,97,S1a
cg24519108,33,S1a
cg26976315,97,S1a
cg03755955,97,S1a
cg15646626,97,S1a
cg16451879,72,S1a
cg18537383,97,S1a
cg08777992,97,S1a
cg01775245,97,S1a
cg01544777,97,S1a
cg25009088,97,S1a
cg08130814,97,S1a
cg00949532,97,S1a
cg15686167,97,S1a
cg07762458,97,S1a
cg19626303,97,S1a
cg07662864,97,S1a
cg11149658,97,S1a
cg14833805,97,S1a
cg08580015,97,S1a
cg21216933,97,S1a
cg26571487,97,S1a
cg21154557,97,S1a
cg10239429,97,S1a
cg06565184,97,S1a
cg05876644,97,S1a
cg14938593,97,S1a
cg11227064,97,S1a
cg08749286,97,S1a
cg07089399,97,S1a
cg24948743,97,S1a
cg05223251,97,S1a
cg03759537,96,S1a
cg06261059,97,S1a
cg25936876,97,S1a
cg25604352,97,S1a
cg19361430,97,S1a
cg09749788,97,S1a
cg20915460,97,S1a
cg24470692,40,S1a
cg05048922,97,S1a
cg14686845,97,S1a
cg22055304,97,S1a
cg09346904,97,S1a
cg09293387,97,S1a
cg01811037,97,S1a
cg12294506,97,S1a
cg21672705,97,S1a
cg16675029,97,S1a
cg06342110,97,S1a
cg17513219,97,S1a
cg10045955,97,S1a
cg23638070,70,S1a
cg10134963,97,S1a
cg26814335,97,S1a
cg25004868,97,S1a
cg21257675,97,S1a
cg08588748,97,S1a
cg14718293,97,S1a
cg24896021,97,S1a
cg11478584,97,S1a
cg10307940,97,S1a
cg24422826,97,S1a
cg10761351,97,S1a
cg08001580,97,S1a
cg22103414,97,S1a
cg11708223,97,S1a
cg25038773,97,S1a
cg06364044,97,S1a
cg11380909,97,S1a
cg26356462,97,S1a
cg01917069,97,S1a
cg08959677,97,S1a
cg04251194,97,S1a
cg03535101,97,S1a
cg09963024,97,S1a
cg05554906,97,S1a
cg19662554,97,S1a
cg05714119,97,S1a
cg25494730,97,S1a
cg21593231,97,S1a
cg14859743,97,S1a
cg07362164,97,S1a
cg19362774,96,S1a
cg26470958,97,S1a
cg26923072,97,S1a
cg07395751,97,S1a
cg07710907,97,S1a
cg26344087,97,S1a
cg02969380,97,S1a
cg07297068,97,S1a
cg24149904,97,S1a
cg21493703,97,S1a
cg17763188,97,S1a
cg11878365,97,S1a
cg05234760,97,S1a
cg26217504,97,S1a
cg06055551,97,S1a
cg24668990,97,S1a
cg12482557,97,S1a
cg02060902,97,S1a
cg13971571,97,S1a
cg21092867,97,S1a
cg16580759,97,S1a
cg27319216,97,S1a
cg25722644,97,S1a
cg08292935,97,S1a
cg01691696,97,S1a
cg24292612,97,S1a
cg02465761,97,S1a
cg19033555,97,S1a
cg26795848,95,S1a
cg03082247,74,S1a
cg05418199,90,S1a
cg23293467,97,S1a
cg16834356,97,S1a
cg27212977,97,S1a
cg02932321,97,S1a
cg08312330,97,S1a
cg07974303,97,S1a
cg21006539,97,S1a
cg19657214,97,S1a
cg07089660,94,S1a
cg10679266,97,S1a
cg19304352,97,S1a
cg19401149,97,S1a
cg00705004,96,S1a
cg15481539,97,S1a
cg04636166,97,S1a
cg23679004,97,S1a
cg04747619,97,S1a
cg19791907,97,S1a
cg13720284,85,S1a
cg19151858,89,S1a
cg14979907,97,S1a
cg08458197,96,S1a
cg22974952,97,S1a
cg11970804,94,S1a
cg16837680,82,S1a
cg15462221,97,S1a
cg14343924,92,S1a
cg14263553,97,S1a
cg16300553,96,S1a
cg15741354,97,S1a
cg01009920,97,S1a
cg05230854,97,S1a
cg02520399,97,S1a
cg16812730,92,S1a
cg02227026,97,S1a
cg26550646,95,S1a
cg26970905,97,S1a
cg18050997,97,S1a
cg02109073,97,S1a
cg23015041,97,S1a
cg05942562,97,S1a
cg02527252,97,S1a
cg14819618,97,S1a
cg27000590,97,S1a
cg07890238,97,S1a
cg09292244,97,S1a
cg18717967,90,S1a
cg08447380,97,S1a
cg14350318,97,S1a
cg25539628,97,S1a
cg27625815,96,S1a
cg24906819,97,S1a
cg01035616,97,S1a
cg02903059,97,S1a
cg07340894,97,S1a
cg20633203,97,S1a
cg21167106,97,S1a
cg14764956,97,S1a
cg18303581,97,S1a
cg23092680,97,S1a
cg02239258,97,S1a
cg01532694,97,S1a
cg09260627,97,S1a
cg04618532,97,S1a
cg11973777,97,S1a
cg19886820,97,S1a
cg10597661,97,S1a
cg12253571,94,S1a
cg16456596,97,S1a
cg19996406,97,S1a
cg16194746,73,S1a
cg25925578,97,S1a
cg25519723,78,S1a
cg21880079,97,S1a
cg18226700,97,S1a
cg04345694,97,S1a
cg24192909,97,S1a
cg00569813,97,S1a
cg09504570,96,S1a
cg27515052,97,S1a
cg26824721,97,S1a
cg05760962,97,S1a
cg25634484,97,S1a
cg05888298,97,S1a
cg21906414,97,S1a
cg01383753,97,S1a
cg18904891,97,S1a
cg17143192,97,S1a
cg06671706,97,S1a
cg00074818,97,S1a
cg19436804,97,S1a
cg15441656,89,S1a
cg24900164,95,S1a
cg01774131,97,S1a
cg26100214,97,S1a
cg26708874,97,S1a
cg27095592,97,S1a
cg09820716,97,S1a
cg27044841,97,S1a
cg04654363,97,S1a
cg04468380,97,S1a
cg12977346,94,S1a
cg05460571,97,S1a
cg07755718,97,S1a
cg20081993,97,S1a
cg05870116,97,S1a
cg20497631,97,S1a
cg03394405,97,S1a
cg12618270,97,S1a
cg24923430,72,S1a
cg00195828,97,S1a
cg20789016,97,S1a
cg09037082,96,S1a
cg22680252,90,S1a
cg00718039,78,S1a
cg12077460,97,S1a
cg02049979,97,S1a
cg04025970,97,S1a
cg11784887,97,S1a
cg09128169,97,S1a
cg09957504,94,S1a
cg01617280,90,S1a
cg27280535,97,S1a
cg20987067,97,S1a
cg21002223,56,S1a
cg01239928,97,S1a
cg03899721,97,S1a
cg01022370,97,S1a
cg01784220,97,S1a
cg00372375,97,S1a
cg08961196,97,S1a
cg23361275,97,S1a
cg01274122,97,S1a
cg15923408,97,S1a
cg15819853,97,S1a
cg09171127,97,S1a
cg00216523,97,S1a
cg09720758,97,S1a
cg00132008,97,S1a
cg20859646,97,S1a
cg03022920,97,S1a
cg22732549,97,S1a
cg04015433,97,S1a
cg08756121,97,S1a
cg26711333,97,S1a
cg03899229,97,S1a
cg27537692,97,S1a
cg17802537,97,S1a
cg01829926,94,S1a
cg04756296,97,S1a
cg10039590,97,S1a
cg18237548,47,S1a
cg07118638,97,S1a
cg25232934,97,S1a
cg01718711,97,S1a
cg12892311,97,S1a
cg14378659,97,S1a
cg27397958,97,S1a
cg11995313,97,S1a
cg24386894,97,S1a
cg20165746,64,S1a
cg25307778,97,S1a
cg05418508,97,S1a
cg00690195,97,S1a
cg24966363,97,S1a
cg00184457,97,S1a
cg25455865,97,S1a
cg01527562,97,S1a
cg02142995,97,S1a
cg02326058,90,S1a
cg01887881,97,S1a
cg20515095,97,S1a
cg11945845,97,S1a
cg26628496,97,S1a
cg20400248,97,S1a
cg24727203,97,S1a
cg19508701,97,S1a
cg10347799,97,S1a
cg23433113,97,S1a
cg10317098,97,S1a
cg19422304,97,S1a
cg10186992,96,S1a
cg01092561,97,S1a
cg04227985,97,S1a
cg05806645,97,S1a
cg20749955,97,S1a
cg14143728,94,S1a
cg19886405,97,S1a
cg23217680,97,S1a
cg03078239,97,S1a
cg04465154,97,S1a
cg24270182,97,S1a
cg16016465,80,S1a
cg14215082,97,S1a
cg06797644,97,S1a
cg22808750,97,S1a
cg10120652,89,S1a
cg17371580,97,S1a
cg02525997,97,S1a
cg10359460,97,S1a
cg01723581,82,S1a
cg03470646,72,S1a
cg18049182,97,S1a
cg07962051,96,S1a
cg01515835,95,S1a
cg08501054,97,S1a
cg06047700,97,S1a
cg11755740,97,S1a
cg18837932,97,S1a
cg13267177,97,S1a
cg18979581,97,S1a
cg24379315,97,S1a
cg04228628,97,S1a
cg10455704,97,S1a
cg25785630,97,S1a
cg27454300,97,S1a
cg26296408,97,S1a
cg20044305,96,S1a
cg10976481,94,S1a
cg17969579,8,S1a
cg20819482,80,S1a
cg20744156,97,S1a
cg23320011,92,S1a
cg13088432,96,S1a
cg24701369,96,S1a
cg10419849,97,S1a
cg00678005,97,S1a
cg06032483,97,S1a
cg18974903,87,S1a
cg09984054,97,S1a
cg21290162,97,S1a
cg18217048,97,S1a
cg10499595,97,S1a
cg02242004,97,S1a
cg25353171,97,S1a
cg01749436,97,S1a
cg21762788,97,S1a
cg13283153,97,S1a
cg06545268,97,S1a
cg27598956,97,S1a
cg01454752,97,S1a
cg05985146,97,S1a
cg15526246,92,S1a
cg00528902,94,S1a
cg16424920,97,S1a
cg10866298,97,S1a
cg21535000,97,S1a
cg12877251,97,S1a
cg14278808,97,S1a
cg15248835,97,S1a
cg06292304,97,S1a
cg24185864,97,S1a
cg18246262,97,S1a
cg15537082,84,S1a
cg24511738,97,S1a
cg19571106,97,S1a
cg09500200,97,S1a
cg10543574,97,S1a
cg19787969,97,S1a
cg04218812,97,S1a
cg22058099,97,S1a
cg10008501,97,S1a
cg21511365,97,S1a
cg07401230,97,S1a
cg27392850,97,S1a
cg23585835,97,S1a
cg07301044,90,S1a
cg03024720,97,S1a
cg17526103,97,S1a
cg23158754,97,S1a
cg11374933,97,S1a
cg01150044,97,S1a
cg22688815,97,S1a
cg11269159,97,S1a
cg06182099,97,S1a
cg04989185,91,S1a
cg00056202,97,S1a
cg19352062,97,S1a
cg17045534,97,S1a
cg03304718,97,S1a
cg01761595,90,S1a
cg05572751,97,S1a
cg06518714,96,S1a
cg26566224,97,S1a
cg01535726,86,S1a
cg18452600,97,S1a
cg12345456,93,S1a
cg21625330,87,S1a
cg00958676,97,S1a
cg04409932,97,S1a
cg11557530,97,S1a
cg12848467,97,S1a
cg21504904,97,S1a
cg07998290,97,S1a
cg04815626,97,S1a
cg27250139,97,S1a
cg26951958,93,S1a
cg02457461,97,S1a
cg17964305,97,S1a
cg13405608,97,S1a
cg09538573,97,S1a
cg02192555,96,S1a
cg26880445,90,S1a
cg11824826,97,S1a
cg17575721,97,S1a
cg01511457,96,S1a
cg12712618,97,S1a
cg10585806,97,S1a
cg24520755,97,S1a
cg01048752,97,S1a
cg07399532,97,S1a
cg11707391,97,S1a
cg27627799,97,S1a
cg27124276,97,S1a
cg12247164,97,S1a
cg00302160,93,S1a
cg27108504,96,S1a
cg24632920,97,S1a
cg22643879,97,S1a
cg08841257,97,S1a
cg01970784,97,S1a
cg07129852,97,S1a
cg10937131,97,S1a
cg09495855,97,S1a
cg06992223,97,S1a
cg12810313,97,S1a
cg16038868,97,S1a
cg14257676,97,S1a
cg05753693,97,S1a
cg06620390,97,S1a
cg03287126,90,S1a
cg19851009,97,S1a
cg22646726,97,S1a
cg18786515,97,S1a
cg11548083,97,S1a
cg26966828,97,S1a
cg13440795,90,S1a
cg10414350,88,S1a
cg20679581,97,S1a
cg15633056,97,S1a
cg16773768,97,S1a
cg05070839,97,S1a
cg17475643,97,S1a
cg11794801,97,S1a
cg15678504,97,S1a
cg02785561,97,S1a
cg21490047,97,S1a
cg00629382,97,S1a
cg16173529,97,S1a
cg13625620,97,S1a
cg01043583,97,S1a
cg09974041,97,S1a
cg26621943,97,S1a
cg02319733,97,S1a
cg12940923,97,S1a
cg21915799,97,S1a
cg22917652,97,S1a
cg14302973,97,S1a
cg02131230,97,S1a
cg23400122,97,S1a
cg10300895,97,S1a
cg14264678,97,S1a
cg17886471,97,S1a
cg16742608,97,S1a
cg21997510,97,S1a
cg01072821,97,S1a
cg00014260,97,S1a
cg23996846,97,S1a
cg04057858,97,S1a
cg10657228,97,S1a
cg03145322,97,S1a
cg24010903,97,S1a
cg02525722,96,S1a
cg07353006,97,S1a
cg11489090,97,S1a
cg07220366,97,S1a
cg23883874,97,S1a
cg26288502,97,S1a
cg05191264,97,S1a
cg07693569,97,S1a
cg16297818,97,S1a
cg11040268,97,S1a
cg02608752,94,S1a
cg14228452,97,S1a
cg05759421,97,S1a
cg26158150,97,S1a
cg20845970,97,S1a
cg14628260,97,S1a
cg04796828,97,S1a
cg05759166,97,S1a
cg24998791,97,S1a
cg07797693,97,S1a
cg08775375,97,S1a
cg14930838,97,S1a
cg20213479,97,S1a
cg06952801,97,S1a
cg21138131,97,S1a
cg19847130,97,S1a
cg21814290,97,S1a
cg20781335,97,S1a
cg24323548,97,S1a
cg13601595,97,S1a
cg20181426,97,S1a
cg23885809,97,S1a
cg22143395,97,S1a
cg00528016,97,S1a
cg00622658,97,S1a
cg00291316,97,S1a
cg27411982,97,S1a
cg04413673,97,S1a
cg02517488,97,S1a
cg10800250,97,S1a
cg17981470,97,S1a
cg18461678,97,S1a
cg25231776,97,S1a
cg26101170,97,S1a
cg02788718,97,S1a
cg02724490,97,S1a
cg20009332,97,S1a
cg16847396,97,S1a
cg10764196,97,S1a
cg14733904,97,S1a
cg00321901,97,S1a
cg24899626,97,S1a
cg01838497,97,S1a
cg17329886,95,S1a
cg04501334,97,S1a
cg25377605,96,S1a
cg10121745,97,S1a
cg19806833,97,S1a
cg23424800,13,S1a
cg15816503,97,S1a
cg03790427,97,S1a
cg00870242,97,S1a
cg01384495,97,S1a
cg25663892,97,S1a
cg21926804,97,S1a
cg08601628,97,S1a
cg11419025,97,S1a
cg20449619,97,S1a
cg01601443,97,S1a
cg22647929,97,S1a
cg05938889,97,S1a
cg00843634,97,S1a
cg24036517,97,S1a
cg14992524,97,S1a
cg20671920,97,S1a
cg08833675,97,S1a
cg22272840,95,S1a
cg09709472,97,S1a
cg07660671,97,S1a
cg19403029,97,S1a
cg25258843,97,S1a
cg14855657,97,S1a
cg26077100,97,S1a
cg08056146,97,S1a
cg07233097,97,S1a
cg22008625,97,S1a
cg11603463,97,S1a
cg24690731,97,S1a
cg16799111,97,S1a
cg08908987,97,S1a
cg04341324,97,S1a
cg18420643,97,S1a
cg14631910,97,S1a
cg07969676,97,S1a
cg20674701,95,S1a
cg09968391,97,S1a
cg02563503,97,S1a
cg01131038,97,S1a
cg24338833,97,S1a
cg09031473,97,S1a
cg15854181,97,S1a
cg07392860,97,S1a
cg17296220,97,S1a
cg23565663,97,S1a
cg07935657,97,S1a
cg17130474,97,S1a
cg05613265,97,S1a
cg11302791,97,S1a
cg22651416,97,S1a
cg25083091,97,S1a
cg01580655,97,S1a
cg10328831,97,S1a
cg16337566,97,S1a
cg02690648,97,S1a
cg17371911,97,S1a
cg02167149,89,S1a
cg20332679,97,S1a
cg13457217,97,S1a
cg23584735,97,S1a
cg04776839,97,S1a
cg26886855,97,S1a
cg01269314,19,S1a
cg20685215,68,S1a
cg12033043,97,S1a
cg23539780,69,S1a
cg01619129,97,S1a
cg06788404,97,S1a
cg04475298,97,S1a
cg26027776,97,S1a
cg04317883,97,S1a
cg11821591,97,S1a
cg11108432,97,S1a
cg14232358,97,S1a
cg26471982,97,S1a
cg27100760,97,S1a
cg03593471,97,S1a
cg13379339,97,S1a
cg17881513,94,S1a
cg09460231,95,S1a
cg26598540,97,S1a
cg27655954,97,S1a
cg26075742,97,S1a
cg01652721,97,S1a
cg19044918,97,S1a
cg04800320,97,S1a
cg04843087,97,S1a
cg24188794,97,S1a
cg25398727,97,S1a
cg20637438,97,S1a
cg01558037,97,S1a
cg16497219,97,S1a
cg06367527,97,S1a
cg14025978,97,S1a
cg16277725,97,S1a
cg11044290,97,S1a
cg02470287,97,S1a
cg20858107,81,S1a
cg23730558,97,S1a
cg01536222,97,S1a
cg01273802,97,S1a
cg04844714,97,S1a
cg06811478,97,S1a
cg26237168,97,S1a
cg16299576,97,S1a
cg24278138,97,S1a
cg09052083,97,S1a
cg08270254,97,S1a
cg04317977,97,S1a
cg14637067,97,S1a
cg01613189,97,S1a
cg26552638,97,S1a
cg16513326,97,S1a
cg02569740,97,S1a
cg02310165,97,S1a
cg18339098,97,S1a
cg01706263,97,S1a
cg14201324,97,S1a
cg04963089,77,S1a
cg04841358,97,S1a
cg21966656,93,S1a
cg17167536,97,S1a
cg16232071,97,S1a
cg10596361,97,S1a
cg16664915,97,S1a
cg00364747,97,S1a
cg13519851,97,S1a
cg03617420,97,S1a
cg09559047,97,S1a
cg16145703,97,S1a
cg14919250,97,S1a
cg21725652,97,S1a
cg24574147,97,S1a
cg10823658,97,S1a
cg20189073,97,S1a
cg23007325,97,S1a
cg22866875,97,S1a
cg06940756,97,S1a
cg11273493,97,S1a
cg04879378,97,S1a
cg09697033,97,S1a
cg25092989,97,S1a
cg25459301,97,S1a
cg03381408,97,S1a
cg21789131,94,S1a
cg03245271,97,S1a
cg09051192,97,S1a
cg27534424,97,S1a
cg23673360,96,S1a
cg21300361,71,S1a
cg06819296,97,S1a
cg03438558,97,S1a
cg07699149,97,S1a
cg02475374,97,S1a
cg24634055,96,S1a
cg23565027,97,S1a
cg07356412,97,S1a
cg12267497,97,S1a
cg10333252,97,S1a
cg07229212,69,S1a
cg11746684,97,S1a
cg12276019,97,S1a
cg11051055,97,S1a
cg27487839,97,S1a
cg24664689,97,S1a
cg10947146,97,S1a
cg15301489,97,S1a
cg24631970,97,S1a
cg04657224,97,S1a
cg09758742,97,S1a
cg20940153,97,S1a
cg26675876,97,S1a
cg11434468,97,S1a
cg27025752,97,S1a
cg13966853,72,S1a
cg23590404,97,S1a
cg25233520,97,S1a
cg20902975,97,S1a
cg24378421,97,S1a
cg21337580,97,S1a
cg03034634,97,S1a
cg05998339,97,S1a
cg24861394,97,S1a
cg07725729,97,S1a
cg20575848,97,S1a
cg24997174,97,S1a
cg09758595,97,S1a
cg15411402,97,S1a
cg00306350,97,S1a
cg20951726,97,S1a
cg06240162,95,S1a
cg05306183,96,S1a
cg20905180,30,S1a
cg14923438,97,S1a
cg25405723,97,S1a
cg22351426,93,S1a
cg12981288,95,S1a
cg03326563,97,S1a
cg15906055,97,S1a
cg03805769,97,S1a
cg14715413,97,S1a
cg03220670,97,S1a
cg16074812,97,S1a
cg13286698,97,S1a
cg02601489,97,S1a
cg01489256,97,S1a
cg23436576,97,S1a
cg21293242,97,S1a
cg03192020,97,S1a
cg10809491,97,S1a
cg13165109,97,S1a
cg05362548,97,S1a
cg14900984,96,S1a
cg21775007,85,S1a
cg25447652,97,S1a
cg03399933,97,S1a
cg03533216,97,S1a
cg09141662,97,S1a
cg12292648,97,S1a
cg08265495,88,S1a
cg02178032,97,S1a
cg15596359,97,S1a
cg07353255,97,S1a
cg24901707,97,S1a
cg23282442,97,S1a
cg05445291,97,S1a
cg04291970,91,S1a
cg19276186,97,S1a
cg02519718,97,S1a
cg21088119,97,S1a
cg19747960,97,S1a
cg02771117,97,S1a
cg16103604,97,S1a
cg03059247,97,S1a
cg02621357,97,S1a
cg15137355,97,S1a
cg26681367,97,S1a
cg16824901,97,S1a
cg26274995,97,S1a
cg06551905,97,S1a
cg08224773,97,S1a
cg11944933,97,S1a
cg23045373,97,S1a
cg27224195,97,S1a
cg10220992,97,S1a
cg07392449,97,S1a
cg12265959,97,S1a
cg17185823,97,S1a
cg20717059,97,S1a
cg00832105,97,S1a
cg09528494,97,S1a
cg10147394,97,S1a
cg15742700,97,S1a
cg13440894,97,S1a
cg22826986,97,S1a
cg03860768,97,S1a
cg19882315,97,S1a
cg21497594,97,S1a
cg21701351,97,S1a
cg07608611,94,S1a
cg12641275,97,S1a
cg15685006,97,S1a
cg26161004,97,S1a
cg14702231,97,S1a
cg13533935,97,S1a
cg04335815,65,S1a
cg24861686,97,S1a
cg07764073,97,S1a
cg21175976,97,S1a
cg16861076,97,S1a
cg02910793,97,S1a
cg05635807,97,S1a
cg23808421,70,S1a
cg12840336,97,S1a
cg14817130,97,S1a
cg00835249,97,S1a
cg22006708,97,S1a
cg15952840,97,S1a
cg26318674,79,S1a
cg12996100,97,S1a
cg08711378,97,S1a
cg08911368,96,S1a
cg09817024,97,S1a
cg16284953,97,S1a
cg07291889,97,S1a
cg24415728,97,S1a
cg23823894,97,S1a
cg25651129,97,S1a
cg16012489,97,S1a
cg03975306,96,S1a
cg17583844,97,S1a
cg03325664,97,S1a
cg00115954,97,S1a
cg22799963,97,S1a
cg10193681,97,S1a
cg12945444,97,S1a
cg06691542,97,S1a
cg21069005,50,S1a
cg16871763,97,S1a
cg04050824,97,S1a
cg07556789,97,S1a
cg11320910,97,S1a
cg27030482,97,S1a
cg01605435,97,S1a
cg06991484,97,S1a
cg19746780,97,S1a
cg22883125,97,S1a
cg16782885,97,S1a
cg00468380,97,S1a
cg12569013,97,S1a
cg12984580,72,S1a
cg03506216,97,S1a
cg04446992,97,S1a
cg16015276,97,S1a
cg01509065,97,S1a
cg06558050,97,S1a
cg20908789,97,S1a
cg02119091,71,S1a
cg16844941,97,S1a
cg03333634,97,S1a
cg05237485,97,S1a
cg04167595,97,S1a
cg03024537,97,S1a
cg01098320,78,S1a
cg16441259,97,S1a
cg12117141,97,S1a
cg09098624,97,S1a
cg26006870,97,S1a
cg02146032,97,S1a
cg01182865,97,S1a
cg10210909,41,S1a
cg19971388,97,S1a
cg21227848,97,S1a
cg22320962,97,S1a
cg08379586,97,S1a
cg13680188,97,S1a
cg16795466,97,S1a
cg05930881,97,S1a
cg13166213,97,S1a
cg04233840,97,S1a
cg00595237,97,S1a
cg06707081,97,S1a
cg18123948,97,S1a
cg05412333,97,S1a
cg10451078,97,S1a
cg09130043,97,S1a
cg10866709,97,S1a
cg27100236,97,S1a
cg16803596,97,S1a
cg14379719,97,S1a
cg02726121,97,S1a
cg09951349,97,S1a
cg00397986,97,S1a
cg14900471,97,S1a
cg14666113,97,S1a
cg21073927,97,S1a
cg00090147,97,S1a
cg03007522,97,S1a
cg24738627,97,S1a
cg14487356,97,S1a
cg25216696,97,S1a
cg06704518,97,S1a
cg24646414,97,S1a
cg09626984,97,S1a
cg11981599,97,S1a
cg20279283,97,S1a
cg01546563,97,S1a
cg18119192,97,S1a
cg19172575,97,S1a
cg13434842,97,S1a
cg17795240,97,S1a
cg26020513,97,S1a
cg25945788,77,S1a
cg00412675,97,S1a
cg16816874,97,S1a
cg03579045,97,S1a
cg12637676,97,S1a
cg16810626,82,S1a
cg04880278,97,S1a
cg13293535,88,S1a
cg24910352,97,S1a
cg06707765,97,S1a
cg00911881,97,S1a
cg12395012,97,S1a
cg03628820,97,S1a
cg12567615,71,S1a
cg23972785,52,S1a
cg23916205,97,S1a
cg18127003,97,S1a
cg06407417,97,S1a
cg24387126,97,S1a
cg01644798,97,S1a
cg23430066,97,S1a
cg11123440,97,S1a
cg09232555,97,S1a
cg02898412,97,S1a
cg11908155,97,S1a
cg04541228,97,S1a
cg20207567,96,S1a
cg00873037,97,S1a
cg05267444,96,S1a
cg08325212,97,S1a
cg14033944,97,S1a
cg14684581,97,S1a
cg26752888,97,S1a
cg19560979,97,S1a
cg06498398,97,S1a
cg00598335,97,S1a
cg14329976,97,S1a
cg09768257,97,S1a
cg17955761,97,S1a
cg16331727,97,S1a
cg13008174,97,S1a
cg17155499,65,S1a
cg16649577,97,S1a
cg09041527,97,S1a
cg15836394,97,S1a
cg02887248,97,S1a
cg08874430,97,S1a
cg02840367,97,S1a
cg14784428,97,S1a
cg24123057,97,S1a
cg16736242,97,S1a
cg22870256,97,S1a
cg06911282,97,S1a
cg00661245,97,S1a
cg02711665,60,S1a
cg00262122,82,S1a
cg11598005,97,S1a
cg01402994,97,S1a
cg13963446,97,S1a
cg12568669,97,S1a
cg20577477,96,S1a
cg05079465,62,S1a
cg01029590,96,S1a
cg01428454,72,S1a
cg07277962,97,S1a
cg03654169,97,S1a
cg20539307,97,S1a
cg16624891,97,S1a
cg21919729,97,S1a
cg22654980,85,S1a
cg08012294,97,S1a
cg21756720,97,S1a
cg17019285,97,S1a
cg00057317,97,S1a
cg22139271,97,S1a
cg02637136,97,S1a
cg04315434,97,S1a
cg26407100,82,S1a
cg18787975,97,S1a
cg00276098,97,S1a
cg13384816,97,S1a
cg07593977,97,S1a
cg19746565,97,S1a
cg26788142,97,S1a
cg21440764,97,S1a
cg01716419,97,S1a
cg02254885,97,S1a
cg10729373,97,S1a
cg23899654,97,S1a
cg16074309,97,S1a
cg16271720,97,S1a
cg27034466,97,S1a
cg01359236,97,S1a
cg15992975,91,S1a
cg18718312,97,S1a
cg09377823,96,S1a
cg18564928,76,S1a
cg22065733,97,S1a
cg15426459,97,S1a
cg27127887,97,S1a
cg02600411,97,S1a
cg11465442,96,S1a
cg05852732,97,S1a
cg04897713,97,S1a
cg01058004,97,S1a
cg08649707,90,S1a
cg02309752,97,S1a
cg08115957,97,S1a
cg01134551,97,S1a
cg03265268,97,S1a
cg05226729,97,S1a
cg22743884,96,S1a
cg01006983,95,S1a
cg09810466,97,S1a
cg10805511,97,S1a
cg26001178,97,S1a
cg06266132,96,S1a
cg02101571,97,S1a
cg01468193,97,S1a
cg24789143,97,S1a
cg23285059,87,S1a
cg12842420,97,S1a
cg07717198,97,S1a
cg01876435,97,S1a
cg08597142,90,S1a
cg22989463,97,S1a
cg18805486,97,S1a
cg23496358,87,S1a
cg16453630,96,S1a
cg20450712,95,S1a
cg24921221,97,S1a
cg23719367,97,S1a
cg05687865,97,S1a
cg07307335,51,S1a
cg00598600,69,S1a
cg14651457,97,S1a
cg01563663,97,S1a
cg16747173,97,S1a
cg04573959,97,S1a
cg02933969,97,S1a
cg20078067,97,S1a
cg23680049,97,S1a
cg12949807,97,S1a
cg20637919,97,S1a
cg15462925,97,S1a
cg21556191,97,S1a
cg00919013,78,S1a
cg27319723,97,S1a
cg19931644,97,S1a
cg20674212,97,S1a
cg07068655,97,S1a
cg06066180,97,S1a
cg02249228,97,S1a
cg27534306,97,S1a
cg06028151,97,S1a
cg17477493,92,S1a
cg09014858,97,S1a
cg02935780,97,S1a
cg23822276,97,S1a
cg11209481,97,S1a
cg13473157,94,S1a
cg14501253,97,S1a
cg17465133,97,S1a
cg15412102,97,S1a
cg25191598,97,S1a
cg06869039,97,S1a
cg25515982,97,S1a
cg01028360,97,S1a
cg08196601,93,S1a
cg16883935,97,S1a
cg00574017,97,S1a
cg05238386,97,S1a
cg07137416,97,S1a
cg26339990,97,S1a
cg08145256,97,S1a
cg17120402,93,S1a
cg26799834,97,S1a
cg26794885,73,S1a
cg20543645,97,S1a
cg08596486,97,S1a
cg27378814,97,S1a
cg18238570,97,S1a
cg26360930,97,S1a
cg18037893,97,S1a
cg22095507,97,S1a
cg16749785,97,S1a
cg06043512,97,S1a
cg02126477,97,S1a
cg00431673,96,S1a
cg17989952,97,S1a
cg15131001,97,S1a
cg03068843,97,S1a
cg26244164,51,S1a
cg03231596,97,S1a
cg10941185,97,S1a
cg13559439,97,S1a
cg00328075,97,S1a
cg04982401,97,S1a
cg08783941,97,S1a
cg00476317,95,S1a
cg07135446,97,S1a
cg06164608,97,S1a
cg19024344,97,S1a
cg26464821,97,S1a
cg14904305,97,S1a
cg05568274,97,S1a
cg15623503,97,S1a
cg20158867,97,S1a
cg24819686,97,S1a
cg19040483,97,S1a
cg08148801,97,S1a
cg17678139,97,S1a
cg13880379,92,S1a
cg03485669,97,S1a
cg16420641,34,S1a
cg13007701,76,S1a
cg25768632,96,S1a
cg25650073,97,S1a
cg03184452,97,S1a
cg16643422,97,S1a
cg01624348,20,S1a
cg20744108,97,S1a
cg03683497,97,S1a
cg18792365,53,S1a
cg07123118,97,S1a
cg06103746,97,S1a
cg17590523,97,S1a
cg03304380,97,S1a
cg20536983,97,S1a
cg10090985,97,S1a
cg25086418,97,S1a
cg26148020,97,S1a
cg22045977,90,S1a
cg02049217,97,S1a
cg02727824,97,S1a
cg22452650,97,S1a
cg14419079,97,S1a
cg27484878,97,S1a
cg26125690,90,S1a
cg01070197,97,S1a
cg16099871,97,S1a
cg26326560,96,S1a
cg12121765,75,S1a
cg05226008,97,S1a
cg08768218,97,S1a
cg10349685,74,S1a
cg12512013,97,S1a
cg00933411,97,S1a
cg22732636,97,S1a
cg17070005,97,S1a
cg03566418,81,S1a
cg02718516,97,S1a
cg06448090,97,S1a
cg07603922,97,S1a
cg24727311,97,S1a
cg23089838,97,S1a
cg15971100,97,S1a
cg15451642,97,S1a
cg20282158,97,S1a
cg26965236,63,S1a
cg25513732,97,S1a
cg18015393,96,S1a
cg15846556,72,S1a
cg13277044,97,S1a
cg12665059,97,S1a
cg21087481,97,S1a
cg16427638,97,S1a
cg02836965,97,S1a
cg11399834,90,S1a
cg09047559,97,S1a
cg01750716,97,S1a
cg27135984,97,S1a
cg02431866,97,S1a
cg19004110,97,S1a
cg01874863,97,S1a
cg06895767,97,S1a
cg01117274,97,S1a
cg26925231,97,S1a
cg02830545,97,S1a
cg16266667,97,S1a
cg26247737,97,S1a
cg20596629,97,S1a
cg09766556,97,S1a
cg07177321,97,S1a
cg16832628,97,S1a
cg08764465,97,S1a
cg15254385,97,S1a
cg14639904,97,S1a
cg21494924,97,S1a
cg14202099,80,S1a
cg16243756,97,S1a
cg18145877,97,S1a
cg03127174,97,S1a
cg03032098,97,S1a
cg26374823,97,S1a
cg07568779,97,S1a
cg13996963,97,S1a
cg12089439,97,S1a
cg22042996,59,S1a
cg25032722,89,S1a
cg21844749,53,S1a
cg18211014,63,S1a
cg01418388,97,S1a
cg18909982,75,S1a
cg18336854,97,S1a
cg17639413,97,S1a
cg17725037,97,S1a
cg25334892,97,S1a
cg21548021,96,S1a
cg23322851,97,S1a
cg21431387,97,S1a
cg07347534,58,S1a
cg06623274,63,S1a
cg16303562,97,S1a
cg16536964,62,S1a
cg10836855,97,S1a
cg25225906,97,S1a
cg22339902,81,S1a
cg08992172,97,S1a
cg23475489,61,S1a
cg05020759,94,S1a
cg04050696,97,S1a
cg24011522,96,S1a
cg21180467,97,S1a
cg26770890,97,S1a
cg10088890,96,S1a
cg23350350,88,S1a
cg03520282,97,S1a
cg03669147,96,S1a
cg16294570,62,S1a
cg05578055,97,S1a
cg02695780,97,S1a
cg11192975,97,S1a
cg01003803,97,S1a
cg06872257,97,S1a
cg24030449,97,S1a
cg14605021,97,S1a
cg11196848,97,S1a
cg17808882,97,S1a
cg04451175,97,S1a
cg27110277,97,S1a
cg23296836,97,S1a
cg21747559,96,S1a
cg21653826,97,S1a
cg03919781,97,S1a
cg23218760,97,S1a
cg18577280,97,S1a
cg05956498,97,S1a
cg00720475,97,S1a
cg12097222,97,S1a
cg26831415,97,S1a
cg16649001,97,S1a
cg07421329,61,S1a
cg00846288,97,S1a
cg06564811,97,S1a
cg25944668,97,S1a
cg15454043,97,S1a
cg13252206,97,S1a
cg05883219,97,S1a
cg22822822,55,S1a
cg05315865,97,S1a
cg26667142,97,S1a
cg03356157,97,S1a
cg15993110,97,S1a
cg09938978,97,S1a
cg03508526,83,S1a
cg20576160,97,S1a
cg03274401,97,S1a
cg17090611,97,S1a
cg19677927,97,S1a
cg10818446,97,S1a
cg23869439,97,S1a
cg17257720,97,S1a
cg26025906,97,S1a
cg23214816,97,S1a
cg11193896,71,S1a
cg18284672,97,S1a
cg10539616,97,S1a
cg13243377,97,S1a
cg04054907,97,S1a
cg17512779,97,S1a
cg16791216,97,S1a
cg25490175,97,S1a
cg17548406,97,S1a
cg17084326,97,S1a
cg17509872,97,S1a
cg17670975,97,S1a
cg07132675,97,S1a
cg12239716,97,S1a
cg19041462,74,S1a
cg04840732,97,S1a
cg27596649,97,S1a
cg09984096,97,S1a
cg06435363,72,S1a
cg12186771,97,S1a
cg27315958,97,S1a
cg25964213,97,S1a
cg15638882,65,S1a
cg22390040,97,S1a
cg10124475,97,S1a
cg08963616,97,S1a
cg12068916,97,S1a
cg14744919,97,S1a
cg03080147,97,S1a
cg09421307,97,S1a
cg11377730,97,S1a
cg23845889,97,S1a
cg15852516,97,S1a
cg06763054,97,S1a
cg12296772,97,S1a
cg08231493,97,S1a
cg04792712,97,S1a
cg15600488,97,S1a
cg02490989,97,S1a
cg00004996,97,S1a
cg18444097,67,S1a
cg09050761,69,S1a
cg10588586,97,S1a
cg08098256,95,S1a
cg01053241,97,S1a
cg02207200,97,S1a
cg24168914,97,S1a
cg26199576,97,S1a
cg25557835,97,S1a
cg03340398,97,S1a
cg23370213,97,S1a
cg09020665,97,S1a
cg11553245,82,S1a
cg16906456,97,S1a
cg04053163,97,S1a
cg22416376,97,S1a
cg02786378,69,S1a
cg22843424,97,S1a
cg07538364,97,S1a
cg19351350,97,S1a
cg17224835,97,S1a
cg24049348,97,S1a
cg22139555,97,S1a
cg11899374,97,S1a
cg14860473,97,S1a
cg10293422,66,S1a
cg23881204,97,S1a
cg08518568,97,S1a
cg16800975,97,S1a
cg15643885,97,S1a
cg10160407,97,S1a
cg26859900,97,S1a
cg04551011,97,S1a
cg10501177,96,S1a
cg03803210,97,S1a
cg15000813,73,S1a
cg18214661,95,S1a
cg23181433,69,S1a
cg20050877,97,S1a
cg09535738,59,S1a
cg21629715,97,S1a
cg00144817,97,S1a
cg23894563,97,S1a
cg14709253,89,S1a
cg16493813,97,S1a
cg15458977,97,S1a
cg17644611,97,S1a
cg12548824,97,S1a
cg01993952,32,S1a
cg00121389,44,S1a
cg03508052,97,S1a
cg05807467,97,S1a
cg17117049,97,S1a
cg02698708,97,S1a
cg22348298,97,S1a
cg18563140,97,S1a
cg23002008,81,S1a
cg12716367,97,S1a
cg04898035,97,S1a
cg18109537,97,S1a
cg04846347,97,S1a
cg06093279,97,S1a
cg00778858,97,S1a
cg21188772,97,S1a
cg20517154,97,S1a
cg15910928,97,S1a
cg22996534,97,S1a
cg01800426,97,S1a
cg10232580,97,S1a
cg22807551,97,S1a
cg05799058,77,S1a
cg20000937,97,S1a
cg18315983,97,S1a
cg08627089,61,S1a
cg01871995,97,S1a
cg20142213,97,S1a
cg15635524,97,S1a
cg02573329,97,S1a
cg21341889,97,S1a
cg26834846,97,S1a
cg09094615,97,S1a
cg04467958,97,S1a
cg08963608,97,S1a
cg19034708,97,S1a
cg17918875,97,S1a
cg26692822,97,S1a
cg20533955,97,S1a
cg11050116,97,S1a
cg06008158,97,S1a
cg25454546,97,S1a
cg04443233,97,S1a
cg16008221,97,S1a
cg13246007,97,S1a
cg03125955,97,S1a
cg00610205,97,S1a
cg18067069,84,S1a
cg23540819,97,S1a
cg06891716,97,S1a
cg04565547,97,S1a
cg17804581,97,S1a
cg11910167,97,S1a
cg25148255,97,S1a
cg07434407,97,S1a
cg25437947,97,S1a
cg10583499,97,S1a
cg17044611,97,S1a
cg06865273,97,S1a
cg24465448,97,S1a
cg19938277,97,S1a
cg13563405,97,S1a
cg00705908,79,S1a
cg07312099,46,S1a
cg18929511,96,S1a
cg04912297,97,S1a
cg12052340,97,S1a
cg06937927,97,S1a
cg21298408,97,S1a
cg02041869,97,S1a
cg04149472,97,S1a
cg04241863,95,S1a
cg15797286,97,S1a
cg15138846,97,S1a
cg21172319,97,S1a
cg07470176,93,S1a
cg09102997,97,S1a
cg22904102,97,S1a
cg18509990,97,S1a
cg17140469,97,S1a
cg10626254,97,S1a
cg24583452,97,S1a
cg24555670,97,S1a
cg12174804,97,S1a
cg23630442,97,S1a
cg15452308,97,S1a
cg14494313,97,S1a
cg18736775,97,S1a
cg12639234,97,S1a
cg00593212,97,S1a
cg19910147,97,S1a
cg17522953,97,S1a
cg01029926,96,S1a
cg03140766,97,S1a
cg24613644,97,S1a
cg14251964,97,S1a
cg00343747,97,S1a
cg25516151,53,S1a
cg05835241,97,S1a
cg14337472,97,S1a
cg23283590,97,S1a
cg14499211,97,S1a
cg03175513,97,S1a
cg27054948,97,S1a
cg21598067,48,S1a
cg01957585,97,S1a
cg11323985,97,S1a
cg26118821,97,S1a
cg12082271,97,S1a
cg22276811,87,S1a
cg09894683,96,S1a
cg24829772,97,S1a
cg00428636,97,S1a
cg21912556,84,S1a
cg11186179,97,S1a
cg23400169,79,S1a
cg09988291,97,S1a
cg12065800,97,S1a
cg11818841,97,S1a
cg04249541,97,S1a
cg21055546,97,S1a
cg07282465,97,S1a
cg07288541,97,S1a
cg22872064,97,S1a
cg22993554,81,S1a
cg17701159,97,S1a
cg09075327,97,S1a
cg17133833,97,S1a
cg06866712,97,S1a
cg01573321,89,S1a
cg00954467,88,S1a
cg13579473,97,S1a
cg14752877,97,S1a
cg20677986,97,S1a
cg03215416,88,S1a
cg26530020,97,S1a
cg06399735,97,S1a
cg08040428,97,S1a
cg05063395,97,S1a
cg14860917,97,S1a
cg17294237,97,S1a
cg01460276,97,S1a
cg24056567,97,S1a
cg24804106,97,S1a
cg14408927,97,S1a
cg19414122,97,S1a
cg08970649,97,S1a
cg27064337,97,S1a
cg26441221,97,S1a
cg25627341,67,S1a
cg26133091,97,S1a
cg08092966,97,S1a
cg15587955,88,S1a
cg05701478,92,S1a
cg23089425,97,S1a
cg09521575,97,S1a
cg08696928,97,S1a
cg24189303,97,S1a
cg00201595,93,S1a
cg12750757,44,S1a
cg01093391,97,S1a
cg18823849,97,S1a
cg25928811,97,S1a
cg17202879,97,S1a
cg23188950,97,S1a
cg18500674,97,S1a
cg06772863,97,S1a
cg03610826,97,S1a
cg22631203,97,S1a
cg17786042,86,S1a
cg00609148,97,S1a
cg14936266,97,S1a
cg09140851,97,S1a
cg22708914,97,S1a
cg12794421,97,S1a
cg02732583,97,S1a
cg21451378,97,S1a
cg09537031,97,S1a
cg03384094,97,S1a
cg22853797,97,S1a
cg13209892,97,S1a
cg10362613,97,S1a
cg12622242,94,S1a
cg25252858,95,S1a
cg20220678,94,S1a
cg03393445,97,S1a
cg06419180,97,S1a
cg11303988,95,S1a
cg00158770,97,S1a
cg12159464,97,S1a
cg18741439,97,S1a
cg03514770,97,S1a
cg11157440,97,S1a
cg03651021,97,S1a
cg15123742,97,S1a
cg06562184,97,S1a
cg12741231,97,S1a
cg06699216,97,S1a
cg10930540,90,S1a
cg19484559,87,S1a
cg01280390,97,S1a
cg17487784,97,S1a
cg16615388,97,S1a
cg02854313,97,S1a
cg17509561,97,S1a
cg14722693,97,S1a
cg12059540,97,S1a
cg05374044,97,S1a
cg01129958,97,S1a
cg15232539,97,S1a
cg05800416,97,S1a
cg06386478,97,S1a
cg19895047,95,S1a
cg26286961,90,S1a
cg04066265,97,S1a
cg23904224,97,S1a
cg03649589,97,S1a
cg24280945,97,S1a
cg06784232,97,S1a
cg21449646,93,S1a
cg03957420,97,S1a
cg01752856,97,S1a
cg13449368,97,S1a
cg01922603,85,S1a
cg10040541,97,S1a
cg27510066,97,S1a
cg23328404,93,S1a
cg20450123,97,S1a
cg14854503,97,S1a
cg18325192,97,S1a
cg15379858,97,S1a
cg11155735,91,S1a
cg11505841,97,S1a
cg11095122,97,S1a
cg00002190,97,S1a
cg04340918,97,S1a
cg19859445,97,S1a
cg00923880,97,S1a
cg14960592,97,S1a
cg15860695,97,S1a
cg02513141,97,S1a
cg07151445,97,S1a
cg08952343,97,S1a
cg04793826,97,S1a
cg00128601,97,S1a
cg08677347,97,S1a
cg10941916,97,S1a
cg09019154,97,S1a
cg01513086,97,S1a
cg22105545,97,S1a
cg10964160,97,S1a
cg03894339,97,S1a
cg01411142,97,S1a
cg17834443,97,S1a
cg20203136,97,S1a
cg16998718,97,S1a
cg17823320,97,S1a
cg18015323,97,S1a
cg07743387,97,S1a
cg24516516,94,S1a
cg07420745,97,S1a
cg16339598,87,S1a
cg00017362,97,S1a
cg08842584,97,S1a
cg04035597,94,S1a
cg00471141,94,S1a
cg16125291,72,S1a
cg07263235,97,S1a
cg20435463,97,S1a
cg13337658,26,S1a
cg22108175,81,S1a
cg07964216,97,S1a
cg18015746,97,S1a
cg08918749,97,S1a
cg16420199,97,S1a
cg07072366,97,S1a
cg26289317,72,S1a
cg04649769,97,S1a
cg06890152,97,S1a
cg04265951,97,S1a
cg18449136,97,S1a
cg08002746,57,S1a
cg08416720,97,S1a
cg08268388,97,S1a
cg20237820,97,S1a
cg06885284,97,S1a
cg01793320,97,S1a
cg10133953,97,S1a
cg03369247,97,S1a
cg12089483,97,S1a
cg09628359,97,S1a
cg22441882,97,S1a
cg24390932,97,S1a
cg13857100,97,S1a
cg06686789,97,S1a
cg04395689,53,S1a
cg13734055,97,S1a
cg17637107,97,S1a
cg08924995,97,S1a
cg22804475,97,S1a
cg05315874,97,S1a
cg21142257,97,S1a
cg21463177,97,S1a
cg26553883,97,S1a
cg27484320,97,S1a
cg15310871,97,S1a
cg16479633,84,S1a
cg12855271,97,S1a
cg25306432,97,S1a
cg01815167,97,S1a
cg17016242,97,S1a
cg07269491,97,S1a
cg10250776,97,S1a
cg10007777,97,S1a
cg14301348,97,S1a
cg13583414,97,S1a
cg05596199,97,S1a
cg22321646,97,S1a
cg05796178,97,S1a
cg25167650,97,S1a
cg06879998,97,S1a
cg08385610,97,S1a
cg01664925,97,S1a
cg02245467,97,S1a
cg26917999,97,S1a
cg17327115,97,S1a
cg10121113,97,S1a
cg20890260,97,S1a
cg17744279,97,S1a
cg10851774,97,S1a
cg17092985,97,S1a
cg22023627,97,S1a
cg10762126,97,S1a
cg00014333,97,S1a
cg13518968,97,S1a
cg22932649,97,S1a
cg17634572,36,S1a
cg01749725,97,S1a
cg26727231,97,S1a
cg20101349,97,S1a
cg09772075,97,S1a
cg27655507,97,S1a
cg15631458,97,S1a
cg11696922,97,S1a
cg06915334,97,S1a
cg15190738,97,S1a
cg26572207,97,S1a
cg27595512,97,S1a
cg09539496,97,S1a
cg12036735,97,S1a
cg08866876,97,S1a
cg27132535,97,S1a
cg06666194,97,S1a
cg21243889,97,S1a
cg04777352,97,S1a
cg01607444,58,S1a
cg04610985,97,S1a
cg05690685,97,S1a
cg27515671,97,S1a
cg09954189,97,S1a
cg11237852,97,S1a
cg10145533,97,S1a
cg16934473,97,S1a
cg25459300,97,S1a
cg02516330,97,S1a
cg07356515,97,S1a
cg05192402,97,S1a
cg20849324,97,S1a
cg11462459,97,S1a
cg01755505,97,S1a
cg07512997,97,S1a
cg08885179,97,S1a
cg00676711,97,S1a
cg18147606,97,S1a
cg08237040,97,S1a
cg20765100,97,S1a
cg21149708,97,S1a
cg21150271,97,S1a
cg07079663,97,S1a
cg03272344,97,S1a
cg04687581,97,S1a
cg21481789,97,S1a
cg03964515,97,S1a
cg21651081,97,S1a
cg07164125,97,S1a
cg12935656,62,S1a
cg24196612,97,S1a
cg15997512,97,S1a
cg23716449,97,S1a
cg09950370,97,S1a
cg24568905,97,S1a
cg24490256,97,S1a
cg11132979,97,S1a
cg16284000,97,S1a
cg02601352,97,S1a
cg04302570,97,S1a
cg12131827,97,S1a
cg26846409,97,S1a
cg25235068,97,S1a
cg00137611,97,S1a
cg17929997,97,S1a
cg16729832,97,S1a
cg24930223,97,S1a
cg22276619,97,S1a
cg20521389,97,S1a
cg22987590,97,S1a
cg00902636,97,S1a
cg14633783,97,S1a
cg09459291,97,S1a
cg06067208,97,S1a
cg03453638,97,S1a
cg14072903,97,S1a
cg05021638,97,S1a
cg03330485,97,S1a
cg21922825,97,S1a
cg08698026,96,S1a
cg18244362,97,S1a
cg01787552,97,S1a
cg22838079,97,S1a
cg07470314,97,S1a
cg03089940,97,S1a
cg12468850,97,S1a
cg25597362,97,S1a
cg00255726,97,S1a
cg02837301,97,S1a
cg15316716,97,S1a
cg21163717,97,S1a
cg03732056,97,S1a
cg09314421,97,S1a
cg13292636,97,S1a
cg21031128,97,S1a
cg14386061,97,S1a
cg08288130,97,S1a
cg16476235,89,S1a
cg10331390,97,S1a
cg05998295,97,S1a
cg17100207,97,S1a
cg19201477,96,S1a
cg15466569,97,S1a
cg08260549,97,S1a
cg17168535,97,S1a
cg22735832,97,S1a
cg02412345,97,S1a
cg22272713,97,S1a
cg22872857,97,S1a
cg10047019,97,S1a
cg03445287,78,S1a
cg02889774,97,S1a
cg04031030,95,S1a
cg04802034,97,S1a
cg04197554,97,S1a
cg25071869,97,S1a
cg10312211,97,S1a
cg25220625,97,S1a
cg14545963,97,S1a
cg02129877,61,S1a
cg26411702,97,S1a
cg09708488,97,S1a
cg03998605,97,S1a
cg12186410,97,S1a
cg09860781,97,S1a
cg26401870,97,S1a
cg08781728,97,S1a
cg07485417,97,S1a
cg14374799,97,S1a
cg00827176,97,S1a
cg13202952,40,S1a
cg09433588,97,S1a
cg08095204,97,S1a
cg10194829,97,S1a
cg20321432,97,S1a
cg26069514,97,S1a
cg19433341,97,S1a
cg16293656,97,S1a
cg02302670,97,S1a
cg15246619,97,S1a
cg03025830,97,S1a
cg11707219,97,S1a
cg07170045,97,S1a
cg06829538,97,S1a
cg23967540,97,S1a
cg25460807,97,S1a
cg20794351,97,S1a
cg25875537,97,S1a
cg13523576,97,S1a
cg07777909,93,S1a
cg19002763,97,S1a
cg18901355,97,S1a
cg27601695,96,S1a
cg02710485,97,S1a
cg09316140,97,S1a
cg03292675,97,S1a
cg02046552,97,S1a
cg24931658,97,S1a
cg06672250,97,S1a
cg08149865,97,S1a
cg00891025,97,S1a
cg17560136,96,S1a
cg12840024,97,S1a
cg14706739,97,S1a
cg14837598,97,S1a
cg16678564,97,S1a
cg03979241,97,S1a
cg26392737,97,S1a
cg04662594,97,S1a
cg00729699,97,S1a
cg18210562,97,S1a
cg03021802,97,S1a
cg23897733,97,S1a
cg23896874,97,S1a
cg14746762,97,S1a
cg25985013,97,S1a
cg27315996,97,S1a
cg04967698,97,S1a
cg16782396,97,S1a
cg26735153,97,S1a
cg10296516,97,S1a
cg25407543,97,S1a
cg24471555,97,S1a
cg11282402,97,S1a
cg23188819,97,S1a
cg21154823,97,S1a
cg20576064,97,S1a
cg26215399,97,S1a
cg03399239,97,S1a
cg23056433,97,S1a
cg21313962,97,S1a
cg17758805,97,S1a
cg10087374,97,S1a
cg03520938,97,S1a
cg10754941,97,S1a
cg06044105,97,S1a
cg25159159,97,S1a
cg22294063,97,S1a
cg02649613,97,S1a
cg12712908,97,S1a
cg17207815,97,S1a
cg08433673,97,S1a
cg09951048,97,S1a
cg14222607,89,S1a
cg18202003,97,S1a
cg00115549,97,S1a
cg16573957,97,S1a
cg25903363,97,S1a
cg25668426,97,S1a
cg26344606,97,S1a
cg04122019,97,S1a
cg00555600,97,S1a
cg26045434,97,S1a
cg26702929,97,S1a
cg12748258,97,S1a
cg04232466,97,S1a
cg15137760,97,S1a
cg24638235,97,S1a
cg13160221,97,S1a
cg23300529,97,S1a
cg20996314,97,S1a
cg17289764,97,S1a
cg26495757,97,S1a
cg03193472,97,S1a
cg02049938,97,S1a
cg10127660,97,S1a
cg16315334,97,S1a
cg00664054,63,S1a
cg16311504,97,S1a
cg02498268,97,S1a
cg17373321,97,S1a
cg16256610,97,S1a
cg20582089,97,S1a
cg08265500,97,S1a
cg24601037,97,S1a
cg18917667,97,S1a
cg26495758,97,S1a
cg19738333,97,S1a
cg13265914,97,S1a
cg06245229,97,S1a
cg07664173,97,S1a
cg02399048,97,S1a
cg19085352,97,S1a
cg07772400,97,S1a
cg18440818,97,S1a
cg17316784,96,S1a
cg07044548,97,S1a
cg00912427,97,S1a
cg06028804,97,S1a
cg16484575,97,S1a
cg24382070,97,S1a
cg25552492,97,S1a
cg01039695,97,S1a
cg15235096,97,S1a
cg22505891,97,S1a
cg18317494,97,S1a
cg00038711,97,S1a
cg09935736,97,S1a
cg13958676,97,S1a
cg16663570,97,S1a
cg19516009,97,S1a
cg00270259,97,S1a
cg05498866,97,S1a
cg14079785,97,S1a
cg11540705,97,S1a
cg00327383,97,S1a
cg12486533,97,S1a
cg14404763,97,S1a
cg07242414,97,S1a
cg09981907,97,S1a
cg05635218,97,S1a
cg22552168,97,S1a
cg00559444,97,S1a
cg04559604,97,S1a
cg03741653,97,S1a
cg18799284,97,S1a
cg18544058,97,S1a
cg00920938,97,S1a
cg23666300,97,S1a
cg03358506,97,S1a
cg04737356,97,S1a
cg23043779,97,S1a
cg01753327,97,S1a
cg15127863,97,S1a
cg21054655,97,S1a
cg22272100,97,S1a
cg14316305,97,S1a
cg07922980,97,S1a
cg01675241,97,S1a
cg26509870,97,S1a
cg07438238,96,S1a
cg01894631,97,S1a
cg17481197,96,S1a
cg07200386,97,S1a
cg00575769,97,S1a
cg04011470,97,S1a
cg20086660,97,S1a
cg20567768,97,S1a
cg22102057,97,S1a
cg17948297,97,S1a
cg17891421,97,S1a
cg23536138,97,S1a
cg17674604,97,S1a
cg00339913,97,S1a
cg10754705,97,S1a
cg16148593,97,S1a
cg14700684,97,S1a
cg08819647,97,S1a
cg26104206,97,S1a
cg13093774,97,S1a
cg07315894,97,S1a
cg23352722,97,S1a
cg18237323,97,S1a
cg05947740,97,S1a
cg14399988,97,S1a
cg05844390,97,S1a
cg14839085,97,S1a
cg00697642,97,S1a
cg27266060,97,S1a
cg07059360,97,S1a
cg02204148,97,S1a
cg06021753,97,S1a
cg24129618,97,S1a
cg03368399,97,S1a
cg21925296,97,S1a
cg06112727,97,S1a
cg08316073,97,S1a
cg06333435,97,S1a
cg11699593,97,S1a
cg12569071,97,S1a
cg10206887,97,S1a
cg25284208,96,S1a
cg08264885,97,S1a
cg27001893,97,S1a
cg20806085,97,S1a
cg20207314,97,S1a
cg06053347,97,S1a
cg03594078,81,S1a
cg12858593,36,S1a
cg23431988,97,S1a
cg00420450,97,S1a
cg14487702,97,S1a
cg10298898,97,S1a
cg10137597,97,S1a
cg21471580,93,S1a
cg26039829,97,S1a
cg02463440,97,S1a
cg02788857,97,S1a
cg18135555,97,S1a
cg09517075,97,S1a
cg07298985,82,S1a
cg17304084,97,S1a
cg26375660,97,S1a
cg05079448,94,S1a
cg25076324,97,S1a
cg07216348,69,S1a
cg01428750,97,S1a
cg26954671,97,S1a
cg00433296,97,S1a
cg05254747,97,S1a
cg25257677,97,S1a
cg05487207,96,S1a
cg14348540,97,S1a
cg01032570,95,S1a
cg11485247,97,S1a
cg26182263,97,S1a
cg24483002,97,S1a
cg15740790,97,S1a
cg14926340,97,S1a
cg01250699,97,S1a
cg07837262,97,S1a
cg15257755,97,S1a
cg14697605,97,S1a
cg22483449,97,S1a
cg23563866,97,S1a
cg27458152,97,S1a
cg02479022,97,S1a
cg12081754,41,S1a
cg13512537,97,S1a
cg23129673,97,S1a
cg23413666,97,S1a
cg01754958,97,S1a
cg24136932,60,S1a
cg21605366,97,S1a
cg08325885,97,S1a
cg13180375,97,S1a
cg16102063,97,S1a
cg17260383,97,S1a
cg01320780,97,S1a
cg06824641,97,S1a
cg27004076,97,S1a
cg17642145,97,S1a
cg05713735,97,S1a
cg25983305,97,S1a
cg17838127,96,S1a
cg02640558,97,S1a
cg20910008,97,S1a
cg19694519,96,S1a
cg19021985,96,S1a
cg08080498,97,S1a
cg08497772,97,S1a
cg03601354,97,S1a
cg23563443,97,S1a
cg13951572,97,S1a
cg07896312,97,S1a
cg07459525,97,S1a
cg20568227,97,S1a
cg22321237,97,S1a
cg18530251,97,S1a
cg03572859,97,S1a
cg17142470,92,S1a
cg01582937,76,S1a
cg26654771,97,S1a
cg20365580,97,S1a
cg25475538,97,S1a
cg12062198,97,S1a
cg13198489,97,S1a
cg23560755,97,S1a
cg03478916,97,S1a
cg19675778,97,S1a
cg15316206,97,S1a
cg04394254,97,S1a
cg10191684,97,S1a
cg07924703,97,S1a
cg15658824,97,S1a
cg07469555,97,S1a
cg24805258,97,S1a
cg25654652,97,S1a
cg21291431,97,S1a
cg27049070,97,S1a
cg01301541,97,S1a
cg22987389,97,S1a
cg06164440,93,S1a
cg05698069,97,S1a
cg15323252,97,S1a
cg27649089,97,S1a
cg22973076,97,S1a
cg01677561,97,S1a
cg04569055,97,S1a
cg10433005,97,S1a
cg23696886,97,S1a
cg20449614,97,S1a
cg26366616,97,S1a
cg09424554,97,S1a
cg01463828,97,S1a
cg09125300,97,S1a
cg02637537,97,S1a
cg04395718,97,S1a
cg01710189,42,S1a
cg11461670,97,S1a
cg00920139,97,S1a
cg19216211,97,S1a
cg03934689,97,S1a
cg00992153,97,S1a
cg21658235,97,S1a
cg14690197,97,S1a
cg02227867,97,S1a
cg00599393,97,S1a
cg19455335,97,S1a
cg12137450,97,S1a
cg07538190,97,S1a
cg03555325,97,S1a
cg07149267,97,S1a
cg09093714,97,S1a
cg01793387,97,S1a
cg14482093,97,S1a
cg16266672,97,S1a
cg14276435,97,S1a
cg24261270,97,S1a
cg18811789,97,S1a
cg04789776,97,S1a
cg27484386,97,S1a
cg13162328,97,S1a
cg25631518,97,S1a
cg12749531,97,S1a
cg17182503,97,S1a
cg17687970,97,S1a
cg26818792,97,S1a
cg20382089,97,S1a
cg07536704,97,S1a
cg03733263,85,S1a
cg01810593,1,S1a
cg13086025,97,S1a
cg18197354,97,S1a
cg03955375,97,S1a
cg05418938,97,S1a
cg24791156,97,S1a
cg25764534,97,S1a
cg19496639,97,S1a
cg05642426,97,S1a
cg08612190,97,S1a
cg15942979,97,S1a
cg18025275,97,S1a
cg17250770,97,S1a
cg06226386,97,S1a
cg05828925,97,S1a
cg04868238,97,S1a
cg09177577,97,S1a
cg20138055,97,S1a
cg15424369,97,S1a
cg24824842,97,S1a
cg02929961,97,S1a
cg01408251,97,S1a
cg07622815,97,S1a
cg07385743,97,S1a
cg12295617,97,S1a
cg08970457,97,S1a
cg21156815,97,S1a
cg17571279,97,S1a
cg07164659,97,S1a
cg21553199,72,S1a
cg03434823,97,S1a
cg13264616,97,S1a
cg25930146,97,S1a
cg17257947,97,S1a
cg13713148,97,S1a
cg00732775,57,S1a
cg07082452,97,S1a
cg03127416,97,S1a
cg14394550,85,S1a
cg08810842,97,S1a
cg23253448,97,S1a
cg11460727,97,S1a
cg05361559,97,S1a
cg03301376,97,S1a
cg01460805,97,S1a
cg18123026,97,S1a
cg10369796,97,S1a
cg24403722,97,S1a
cg23513784,97,S1a
cg13259811,97,S1a
cg07964178,97,S1a
cg09607471,97,S1a
cg10063961,97,S1a
cg25811575,97,S1a
cg06412523,97,S1a
cg09431913,96,S1a
cg04950361,97,S1a
cg20363904,97,S1a
cg23097985,97,S1a
cg26718357,97,S1a
cg20085265,97,S1a
cg22631350,97,S1a
cg04770764,97,S1a
cg06889975,97,S1a
cg02555152,97,S1a
cg12168054,97,S1a
cg26189139,97,S1a
cg17465752,97,S1a
cg10686304,97,S1a
cg03720745,97,S1a
cg01802415,97,S1a
cg24790184,94,S1a
cg22251569,97,S1a
cg24603408,97,S1a
cg10423052,97,S1a
cg23675837,97,S1a
cg21287554,97,S1a
cg00952516,97,S1a
cg26286901,97,S1a
cg11782559,97,S1a
cg19185544,97,S1a
cg12458587,97,S1a
cg11707031,97,S1a
cg09080173,97,S1a
cg21147433,97,S1a
cg13521002,97,S1a
cg03696370,97,S1a
cg07090083,97,S1a
cg16336248,97,S1a
cg11847597,97,S1a
cg25072880,90,S1a
cg00742963,97,S1a
cg11007075,97,S1a
cg14538320,97,S1a
cg06232266,97,S1a
cg10611863,97,S1a
cg19840732,97,S1a
cg20378690,95,S1a
cg22134757,97,S1a
cg21932360,97,S1a
cg14155196,97,S1a
cg02169279,94,S1a
cg17836177,97,S1a
cg01211283,97,S1a
cg09423126,97,S1a
cg24494617,89,S1a
cg08578216,97,S1a
cg15854394,97,S1a
cg11769400,96,S1a
cg24639902,97,S1a
cg10565216,97,S1a
cg02382109,97,S1a
cg08204162,97,S1a
cg00901161,97,S1a
cg16575322,97,S1a
cg01966160,97,S1a
cg18050520,85,S1a
cg10579705,97,S1a
cg23996349,97,S1a
cg12082089,97,S1a
cg19148519,97,S1a
cg25882887,97,S1a
cg17466952,97,S1a
cg13402847,97,S1a
cg20642630,97,S1a
cg03437605,97,S1a
cg03274800,97,S1a
cg18444544,97,S1a
cg10951691,97,S1a
cg07595301,97,S1a
cg07086112,97,S1a
cg12271419,93,S1a
cg14145159,97,S1a
cg19861842,97,S1a
cg24924221,91,S1a
cg21799053,97,S1a
cg21344124,97,S1a
cg11242200,97,S1a
cg13289692,97,S1a
cg04447123,97,S1a
cg16007711,97,S1a
cg20091591,97,S1a
cg18890417,97,S1a
cg00396783,97,S1a
cg18249908,97,S1a
cg08602214,97,S1a
cg00612308,97,S1a
cg00071408,97,S1a
cg26362079,97,S1a
cg21900589,97,S1a
cg05638250,97,S1a
cg13718185,97,S1a
cg24581795,97,S1a
cg00264419,97,S1a
cg13580286,97,S1a
cg08954353,97,S1a
cg05934196,97,S1a
cg03542721,97,S1a
cg07177001,97,S1a
cg10854029,97,S1a
cg02008544,97,S1a
cg04338042,97,S1a
cg26918957,97,S1a
cg10700964,97,S1a
cg17190864,97,S1a
cg08907891,97,S1a
cg16861508,97,S1a
cg13462030,97,S1a
cg13126206,97,S1a
cg26653714,97,S1a
cg01523600,97,S1a
cg16175263,97,S1a
cg05636175,97,S1a
cg23831143,97,S1a
cg27090216,97,S1a
cg08309809,97,S1a
cg23965061,97,S1a
cg14015044,97,S1a
cg01407244,97,S1a
cg02938601,82,S1a
cg23221723,97,S1a
cg26500398,97,S1a
cg18099850,97,S1a
cg23051664,97,S1a
cg10964421,97,S1a
cg01456571,97,S1a
cg01031400,97,S1a
cg11947493,97,S1a
cg22783363,97,S1a
cg04134048,97,S1a
cg15244327,97,S1a
cg20190112,97,S1a
cg18145806,97,S1a
cg00217442,97,S1a
cg06905516,97,S1a
cg17208467,97,S1a
cg04793096,97,S1a
cg00651709,97,S1a
cg26400840,97,S1a
cg12784848,97,S1a
cg23892336,97,S1a
cg18249625,97,S1a
cg10245048,97,S1a
cg21308111,97,S1a
cg18064152,97,S1a
cg01725531,97,S1a
cg00990613,97,S1a
cg20460852,97,S1a
cg00994643,97,S1a
cg02692052,97,S1a
cg23882019,97,S1a
cg22843797,97,S1a
cg26530341,97,S1a
cg24278165,97,S1a
cg23303108,97,S1a
cg09098025,76,S1a
cg17048073,94,S1a
cg00140501,97,S1a
cg24810594,97,S1a
cg07356681,97,S1a
cg10977890,97,S1a
cg16403912,97,S1a
cg16193207,97,S1a
cg21631753,97,S1a
cg26695257,97,S1a
cg03971254,80,S1a
cg00329472,97,S1a
cg07892167,97,S1a
cg05713242,75,S1a
cg09364211,97,S1a
cg21551725,97,S1a
cg27322228,97,S1a
cg24842402,6,S1a
cg27317242,97,S1a
cg04903451,97,S1a
cg18531635,97,S1a
cg22510637,97,S1a
cg20981791,97,S1a
cg20142986,97,S1a
cg24531955,97,S1a
cg07963670,97,S1a
cg24531534,90,S1a
cg07396746,97,S1a
cg16661761,97,S1a
cg21397592,97,S1a
cg17804498,97,S1a
cg18406934,97,S1a
cg09535960,97,S1a
cg04028450,97,S1a
cg24911388,92,S1a
cg08864083,96,S1a
cg06768079,97,S1a
cg17571992,97,S1a
cg10090386,97,S1a
cg09042448,18,S1a
cg18233786,97,S1a
cg22996912,97,S1a
cg03664800,97,S1a
cg00558156,97,S1a
cg25074071,97,S1a
cg07352539,97,S1a
cg26563553,97,S1a
cg26506507,97,S1a
cg02183676,97,S1a
cg13531748,97,S1a
cg05365729,97,S1a
cg04259752,97,S1a
cg00326251,97,S1a
cg01190934,97,S1a
cg11041161,97,S1a
cg13216124,97,S1a
cg04177885,97,S1a
cg07748154,97,S1a
cg11136969,84,S1a
cg26981432,97,S1a
cg15896259,75,S1a
cg04712321,92,S1a
cg26837477,97,S1a
cg21074015,39,S1a
cg14564237,97,S1a
cg25097801,97,S1a
cg20168104,97,S1a
cg03266380,97,S1a
cg10606797,97,S1a
cg10038542,97,S1a
cg15321997,97,S1a
cg01385230,97,S1a
cg00472375,97,S1a
cg22900798,97,S1a
cg08769781,97,S1a
cg25329685,89,S1a
cg09962974,97,S1a
cg24430616,97,S1a
cg13580084,97,S1a
cg14857877,97,S1a
cg08322043,97,S1a
cg09616413,97,S1a
cg01969683,97,S1a
cg26613648,97,S1a
cg10125599,97,S1a
cg11051899,97,S1a
cg01770362,97,S1a
cg09621438,97,S1a
cg14755852,97,S1a
cg17522466,95,S1a
cg03144215,97,S1a
cg03596993,97,S1a
cg20763254,97,S1a
cg25944700,97,S1a
cg20890157,97,S1a
cg00669044,97,S1a
cg26801445,97,S1a
cg02190353,53,S1a
cg18065686,97,S1a
cg24917065,97,S1a
cg00892891,95,S1a
cg16812174,97,S1a
cg18186478,65,S1a
cg07659624,97,S1a
cg20207276,97,S1a
cg01416724,97,S1a
cg03084648,97,S1a
cg26617611,97,S1a
cg17797797,97,S1a
cg08026493,97,S1a
cg20845639,97,S1a
cg27392395,97,S1a
cg00337090,97,S1a
cg06696292,97,S1a
cg12529432,97,S1a
cg01543179,69,S1a
cg21481775,97,S1a
cg01688141,97,S1a
cg13609723,97,S1a
cg05005921,97,S1a
cg12866648,97,S1a
cg25145993,97,S1a
cg21428681,97,S1a
cg18502021,97,S1a
cg11823496,97,S1a
cg10635443,97,S1a
cg16081281,97,S1a
cg25499067,97,S1a
cg10345920,97,S1a
cg05310249,97,S1a
cg04434896,97,S1a
cg14451926,97,S1a
cg00425918,97,S1a
cg01336781,97,S1a
cg03330710,97,S1a
cg13021619,97,S1a
cg14428146,97,S1a
cg15854847,97,S1a
cg05477514,97,S1a
cg20892260,97,S1a
cg13324546,97,S1a
cg03694713,97,S1a
cg22747746,97,S1a
cg10603004,97,S1a
cg03749016,97,S1a
cg16544169,97,S1a
cg12165546,97,S1a
cg12812583,97,S1a
cg11548303,97,S1a
cg07143418,97,S1a
cg00258597,97,S1a
cg13197216,97,S1a
cg04466549,97,S1a
cg21231715,97,S1a
cg00849052,97,S1a
cg08460621,17,S1a
cg09618933,53,S1a
cg03079395,86,S1a
cg04649897,97,S1a
cg07005294,97,S1a
cg19771920,97,S1a
cg01740146,97,S1a
cg08749108,97,S1a
cg23495581,97,S1a
cg24605948,97,S1a
cg04395970,97,S1a
cg04285652,97,S1a
cg19719133,97,S1a
cg15820062,97,S1a
cg00126320,97,S1a
cg18026631,97,S1a
cg09916157,97,S1a
cg10136012,97,S1a
cg14968300,97,S1a
cg21517739,97,S1a
cg04349084,97,S1a
cg02372145,97,S1a
cg15908152,97,S1a
cg03324961,97,S1a
cg21590108,97,S1a
cg04899715,95,S1a
cg14908245,44,S1a
cg05943122,97,S1a
cg23288838,97,S1a
cg10170774,97,S1a
cg00013451,97,S1a
cg00410898,97,S1a
cg07774884,95,S1a
cg04645534,36,S1a
cg20272884,91,S1a
cg25967146,97,S1a
cg22227138,44,S1a
cg25513712,97,S1a
cg10208777,93,S1a
cg10855978,96,S1a
cg20131581,97,S1a
cg11871864,97,S1a
cg21146209,97,S1a
cg02848091,97,S1a
cg02719954,97,S1a
cg07866212,97,S1a
cg14747813,97,S1a
cg11890659,97,S1a
cg10220494,97,S1a
cg25148674,97,S1a
cg21656925,97,S1a
cg13310292,96,S1a
cg00327697,97,S1a
cg18757155,96,S1a
cg17969683,97,S1a
cg22915945,97,S1a
cg14976447,67,S1a
cg20551671,97,S1a
cg14143055,97,S1a
cg01759110,97,S1a
cg13059335,97,S1a
cg02885543,93,S1a
cg04403442,88,S1a
cg06118245,97,S1a
cg17897391,97,S1a
cg08383526,96,S1a
cg05847038,97,S1a
cg20433580,97,S1a
cg18748617,97,S1a
cg26826339,95,S1a
cg02324249,97,S1a
cg15537269,97,S1a
cg24030680,97,S1a
cg09884225,40,S1a
cg12754260,97,S1a
cg26330518,97,S1a
cg18898125,97,S1a
cg09234518,97,S1a
cg16459364,97,S1a
cg07502389,97,S1a
cg18267374,97,S1a
cg07552803,97,S1a
cg23290344,97,S1a
cg02761376,97,S1a
cg02106941,97,S1a
cg19677607,97,S1a
cg22562942,97,S1a
cg20585869,97,S1a
cg17078116,97,S1a
cg04118306,97,S1a
cg03169018,97,S1a
cg26980244,97,S1a
cg02002551,97,S1a
cg12026749,97,S1a
cg01583969,95,S1a
cg03012544,97,S1a
cg24705551,97,S1a
cg27475652,97,S1a
cg24561366,97,S1a
cg18098386,90,S1a
cg00720822,97,S1a
cg25882579,97,S1a
cg24733530,97,S1a
cg00280177,21,S1a
cg26568762,97,S1a
cg05056638,97,S1a
cg25352397,96,S1a
cg14253670,97,S1a
cg23425735,97,S1a
cg13822256,97,S1a
cg22727581,97,S1a
cg01023696,97,S1a
cg07773060,97,S1a
cg00197313,97,S1a
cg24000873,97,S1a
cg16080876,97,S1a
cg24032666,70,S1a
cg22978087,97,S1a
cg01614020,97,S1a
cg06999323,96,S1a
cg13266631,97,S1a
cg15717071,97,S1a
cg01432561,97,S1a
cg15416643,91,S1a
cg10798059,97,S1a
cg03530168,97,S1a
cg08625482,97,S1a
cg02251175,82,S1a
cg24907011,97,S1a
cg13126875,97,S1a
cg08134070,97,S1a
cg26205981,97,S1a
cg21816292,90,S1a
cg03533519,97,S1a
cg23733133,97,S1a
cg17670477,97,S1a
cg10892158,97,S1a
cg10900696,97,S1a
cg08314383,97,S1a
cg13568950,97,S1a
cg23986772,97,S1a
cg18323768,97,S1a
cg25451958,97,S1a
cg26882164,97,S1a
cg21186900,97,S1a
cg02840697,97,S1a
cg25923729,97,S1a
cg17464982,97,S1a
cg05809843,97,S1a
cg17212019,97,S1a
cg26276556,97,S1a
cg21904719,97,S1a
cg15812469,97,S1a
cg22630875,97,S1a
cg20376313,97,S1a
cg01638025,97,S1a
cg16826874,97,S1a
cg25192419,97,S1a
cg02485347,97,S1a
cg13734972,97,S1a
cg17131178,97,S1a
cg24805985,97,S1a
cg14333237,96,S1a
cg05039382,92,S1a
cg00157012,97,S1a
cg23677311,97,S1a
cg04789529,97,S1a
cg19076265,97,S1a
cg27185978,95,S1a
cg25162451,95,S1a
cg05043716,97,S1a
cg04137490,97,S1a
cg01818776,82,S1a
cg09852619,97,S1a
cg20227326,97,S1a
cg00914787,97,S1a
cg25489617,97,S1a
cg25981678,97,S1a
cg20036377,97,S1a
cg03458012,97,S1a
cg08170583,52,S1a
cg07476353,96,S1a
cg26996885,97,S1a
cg22502171,96,S1a
cg17647884,97,S1a
cg26195710,97,S1a
cg00685971,97,S1a
cg22852235,97,S1a
cg05366058,97,S1a
cg08110559,96,S1a
cg07149772,57,S1a
cg05244581,97,S1a
cg22974837,97,S1a
cg16450821,97,S1a
cg20708129,97,S1a
cg01076035,97,S1a
cg14332079,85,S1a
cg10177147,97,S1a
cg14988396,97,S1a
cg24971181,97,S1a
cg08716729,97,S1a
cg03525527,97,S1a
cg03897897,97,S1a
cg21305265,97,S1a
cg27411370,97,S1a
cg17161883,97,S1a
cg14778644,97,S1a
cg05005217,94,S1a
cg13172367,97,S1a
cg11080379,76,S1a
cg11307296,97,S1a
cg02149895,92,S1a
cg11999571,97,S1a
cg21138935,97,S1a
cg02681163,97,S1a
cg21775463,97,S1a
cg17008486,97,S1a
cg10724965,97,S1a
cg06162872,97,S1a
cg03602212,97,S1a
cg06008873,97,S1a
cg07616828,97,S1a
cg13390388,97,S1a
cg08322280,88,S1a
cg20944195,97,S1a
cg09953520,97,S1a
cg04166411,97,S1a
cg00318347,97,S1a
cg15246712,97,S1a
cg01065180,97,S1a
cg06078892,97,S1a
cg03150515,97,S1a
cg22883472,97,S1a
cg22987487,97,S1a
cg10905495,97,S1a
cg03595881,96,S1a
cg05487589,94,S1a
cg17203647,97,S1a
cg03573945,97,S1a
cg22280475,97,S1a
cg05748163,97,S1a
cg14855519,97,S1a
cg18239431,97,S1a
cg09559189,97,S1a
cg16310415,97,S1a
cg04679712,97,S1a
cg16895719,97,S1a
cg22324567,97,S1a
cg16792842,97,S1a
cg21925968,97,S1a
cg15441392,97,S1a
cg08283882,97,S1a
cg14346873,97,S1a
cg11813976,97,S1a
cg16749235,79,S1a
cg17451609,97,S1a
cg22841810,97,S1a
cg25777549,97,S1a
cg20683656,97,S1a
cg12863565,66,S1a
cg24295381,97,S1a
cg11006995,97,S1a
cg22524065,97,S1a
cg00424572,97,S1a
cg18506390,97,S1a
cg06541501,97,S1a
cg05397631,97,S1a
cg06877669,97,S1a
cg14933159,97,S1a
cg12160448,97,S1a
cg08398805,97,S1a
cg24489983,97,S1a
cg05643464,97,S1a
cg19883384,97,S1a
cg02745262,97,S1a
cg24923694,97,S1a
cg06455149,96,S1a
cg08715231,97,S1a
cg15268740,97,S1a
cg09497201,97,S1a
cg24184636,97,S1a
cg16154155,97,S1a
cg06410057,97,S1a
cg09430976,96,S1a
cg22977892,97,S1a
cg05273205,92,S1a
cg25079691,97,S1a
cg04244354,97,S1a
cg12563372,97,S1a
cg03244560,97,S1a
cg14712794,58,S1a
cg00829961,97,S1a
cg14312649,97,S1a
cg16036528,97,S1a
cg00333512,97,S1a
cg26820845,97,S1a
cg14830371,92,S1a
cg08000082,84,S1a
cg03611039,97,S1a
cg03523685,97,S1a
cg19879483,97,S1a
cg16738060,97,S1a
cg25828093,91,S1a
cg25356015,97,S1a
cg02695292,97,S1a
cg12285565,97,S1a
cg04675946,97,S1a
cg17535550,97,S1a
cg19889626,97,S1a
cg04064160,97,S1a
cg20300502,97,S1a
cg26071551,97,S1a
cg24344143,97,S1a
cg17291136,97,S1a
cg20684661,49,S1a
cg16896031,97,S1a
cg10207787,97,S1a
cg17117160,97,S1a
cg08317834,97,S1a
cg06876710,97,S1a
cg13877285,97,S1a
cg21150486,97,S1a
cg17287814,97,S1a
cg06403126,97,S1a
cg08642325,97,S1a
cg24127101,97,S1a
cg14194344,97,S1a
cg18011691,6,S1a
cg14823825,74,S1a
cg08201604,68,S1a
cg14990266,97,S1a
cg02895278,81,S1a
cg01516737,97,S1a
cg01957971,54,S1a
cg09069499,97,S1a
cg01706566,97,S1a
cg02464098,97,S1a
cg23883215,97,S1a
cg03359468,97,S1a
cg05648367,97,S1a
cg05232067,97,S1a
cg27338396,97,S1a
cg13516551,96,S1a
cg15157360,97,S1a
cg13160058,97,S1a
cg22816343,97,S1a
cg11498726,77,S1a
cg13553693,97,S1a
cg22987267,93,S1a
cg22022716,97,S1a
cg00822187,97,S1a
cg11276203,97,S1a
cg03280108,97,S1a
cg21618700,97,S1a
cg01924868,97,S1a
cg26040708,97,S1a
cg05367885,97,S1a
cg25358770,97,S1a
cg06549924,97,S1a
cg17893474,97,S1a
cg17192322,97,S1a
cg22108864,97,S1a
cg01862311,97,S1a
cg06935608,97,S1a
cg18341905,97,S1a
cg17140978,97,S1a
cg22861744,97,S1a
cg00021152,97,S1a
cg15937832,97,S1a
cg06691218,97,S1a
cg07138115,97,S1a
cg22757399,97,S1a
cg02993352,97,S1a
cg02154186,97,S1a
cg24410546,97,S1a
cg20639802,97,S1a
cg00444261,97,S1a
cg11277148,97,S1a
cg06038777,97,S1a
cg00713411,97,S1a
cg00174421,97,S1a
cg18235000,97,S1a
cg26268277,97,S1a
cg24562814,97,S1a
cg08275047,97,S1a
cg00122406,97,S1a
cg00441434,97,S1a
cg08446255,97,S1a
cg14967899,97,S1a
cg22308941,97,S1a
cg12024050,97,S1a
cg04138376,97,S1a
cg10368981,97,S1a
cg22544144,97,S1a
cg18825258,97,S1a
cg01214321,97,S1a
cg02787772,97,S1a
cg16901082,44,S1a
cg00926238,97,S1a
cg03245229,97,S1a
cg02835343,97,S1a
cg00470636,82,S1a
cg12037509,97,S1a
cg26187031,97,S1a
cg10789956,97,S1a
cg12097896,97,S1a
cg06435374,97,S1a
cg12393552,97,S1a
cg24811472,97,S1a
cg06250135,97,S1a
cg08216304,93,S1a
cg22294804,97,S1a
cg19610383,97,S1a
cg00718883,97,S1a
cg11537607,50,S1a
cg10399402,95,S1a
cg07581623,97,S1a
cg10075360,97,S1a
cg12252412,97,S1a
cg22308453,96,S1a
cg05238782,97,S1a
cg06053605,97,S1a
cg02519717,97,S1a
cg16895486,97,S1a
cg14825340,97,S1a
cg23328194,97,S1a
cg07572251,97,S1a
cg02501086,97,S1a
cg02776627,97,S1a
cg23289779,66,S1a
cg09557462,97,S1a
cg02409177,97,S1a
cg21230493,97,S1a
cg07645844,97,S1a
cg17963840,97,S1a
cg23008606,97,S1a
cg20303399,97,S1a
cg22461835,97,S1a
cg22295787,97,S1a
cg00460235,97,S1a
cg26730369,97,S1a
cg03651608,97,S1a
cg08097281,71,S1a
cg09516839,56,S1a
cg14585235,97,S1a
cg17504341,53,S1a
cg25013726,69,S1a
cg02620147,63,S1a
cg23760300,27,S1a
cg11064291,97,S1a
cg07088770,97,S1a
cg06090895,97,S1a
cg22901726,97,S1a
cg24337010,97,S1a
cg25799879,97,S1a
cg25762706,97,S1a
cg11688949,97,S1a
cg02130905,97,S1a
cg03789372,97,S1a
cg05004900,97,S1a
cg08499602,97,S1a
cg05996169,97,S1a
cg06824770,97,S1a
cg00093542,97,S1a
cg20466074,97,S1a
cg04423627,97,S1a
cg18280558,97,S1a
cg13318091,97,S1a
cg05018671,97,S1a
cg05755408,97,S1a
cg09127592,29,S1a
cg00377497,97,S1a
cg20546928,97,S1a
cg18976893,97,S1a
cg21099326,97,S1a
cg03562744,97,S1a
cg13815930,97,S1a
cg06691810,97,S1a
cg02626909,97,S1a
cg21299372,97,S1a
cg23725592,97,S1a
cg16350314,97,S1a
cg07747343,97,S1a
cg21443261,97,S1a
cg15712821,97,S1a
cg03994248,97,S1a
cg24928877,60,S1a
cg23698023,97,S1a
cg20593774,97,S1a
cg00337440,97,S1a
cg06815112,97,S1a
cg18234130,91,S1a
cg21186296,97,S1a
cg23736307,97,S1a
cg07216194,97,S1a
cg23693289,97,S1a
cg14221460,97,S1a
cg11641102,97,S1a
cg10345404,97,S1a
cg15681255,97,S1a
cg12832162,92,S1a
cg12743031,97,S1a
cg10168330,97,S1a
cg18407864,97,S1a
cg16118367,97,S1a
cg26330738,97,S1a
cg00341935,97,S1a
cg00658161,97,S1a
cg25001305,97,S1a
cg00017601,97,S1a
cg19901994,97,S1a
cg25493687,97,S1a
cg08948225,97,S1a
cg05896926,97,S1a
cg18734877,97,S1a
cg08498406,97,S1a
cg00782843,97,S1a
cg22914507,97,S1a
cg08606493,97,S1a
cg12141623,97,S1a
cg16291069,97,S1a
cg00254556,97,S1a
cg23293774,97,S1a
cg16474701,97,S1a
cg04035728,97,S1a
cg07054263,97,S1a
cg24519347,97,S1a
cg17367545,97,S1a
cg10132273,86,S1a
cg02953306,97,S1a
cg00421144,97,S1a
cg07150473,97,S1a
cg05359237,97,S1a
cg21437157,97,S1a
cg07331053,30,S1a
cg07766743,67,S1a
cg25399743,91,S1a
cg21608792,97,S1a
cg22099723,97,S1a
cg14717796,97,S1a
cg26063037,97,S1a
cg16411256,97,S1a
cg24081819,97,S1a
cg22303758,97,S1a
cg19513293,97,S1a
cg26027576,97,S1a
cg27535341,96,S1a
cg10317867,97,S1a
cg04921824,97,S1a
cg10175334,97,S1a
cg16762778,97,S1a
cg08970347,97,S1a
cg24592790,97,S1a
cg01579299,97,S1a
cg21666367,97,S1a
cg13879655,97,S1a
cg04803944,97,S1a
cg24613906,97,S1a
cg01572979,97,S1a
cg24030037,97,S1a
cg11697169,97,S1a
cg01916918,97,S1a
cg03735511,97,S1a
cg22738440,97,S1a
cg13620439,97,S1a
cg09969545,97,S1a
cg16292768,97,S1a
cg08594681,97,S1a
cg22313574,97,S1a
cg14917244,96,S1a
cg12729838,97,S1a
cg11783834,97,S1a
cg13488078,97,S1a
cg00359590,97,S1a
cg19442470,97,S1a
cg18931633,97,S1a
cg25302704,97,S1a
cg11775417,97,S1a
cg23548686,97,S1a
cg19549068,97,S1a
cg20504077,97,S1a
cg05499834,97,S1a
cg24257038,97,S1a
cg04929736,97,S1a
cg13159325,97,S1a
cg11467637,97,S1a
cg21739400,97,S1a
cg23460950,97,S1a
cg02393097,97,S1a
cg11694223,97,S1a
cg00928580,97,S1a
cg00621779,97,S1a
cg13351161,97,S1a
cg04264299,97,S1a
cg10605130,97,S1a
cg03891330,97,S1a
cg11046502,97,S1a
cg13096135,97,S1a
cg22951989,97,S1a
cg26847866,97,S1a
cg00839333,97,S1a
cg20781847,96,S1a
cg15304425,97,S1a
cg27512316,97,S1a
cg07706114,97,S1a
cg21929472,97,S1a
cg22561757,97,S1a
cg05626079,97,S1a
cg26794938,97,S1a
cg13949137,97,S1a
cg17482963,97,S1a
cg09039475,96,S1a
cg02032552,97,S1a
cg14666006,97,S1a
cg08773844,97,S1a
cg22269486,97,S1a
cg16735490,97,S1a
cg13467649,97,S1a
cg26534677,95,S1a
cg04425710,97,S1a
cg12564175,97,S1a
cg03524611,97,S1a
cg22414352,97,S1a
cg27020965,97,S1a
cg05741837,97,S1a
cg06556616,97,S1a
cg11071070,97,S1a
cg18221891,95,S1a
cg18718844,97,S1a
cg22350926,94,S1a
cg17769705,97,S1a
cg04108328,82,S1a
cg13634966,58,S1a
cg21177558,97,S1a
cg17795291,97,S1a
cg27310938,97,S1a
cg12863373,97,S1a
cg21734487,97,S1a
cg00410990,97,S1a
cg01579019,97,S1a
cg11026430,97,S1a
cg26261431,97,S1a
cg21210376,97,S1a
cg06816054,93,S1a
cg21887430,97,S1a
cg17973773,97,S1a
cg16137715,97,S1a
cg00138766,97,S1a
cg12116192,87,S1a
cg22303442,97,S1a
cg04214878,97,S1a
cg27331738,97,S1a
cg05077122,97,S1a
cg22505075,97,S1a
cg14917706,97,S1a
cg20339715,15,S1a
cg24602499,97,S1a
cg24554944,97,S1a
cg20157314,97,S1a
cg01787494,97,S1a
cg06065245,97,S1a
cg03206569,97,S1a
cg15793573,97,S1a
cg02128053,97,S1a
cg09055205,84,S1a
cg13709561,97,S1a
cg17297634,97,S1a
cg18746826,97,S1a
cg24037389,97,S1a
cg12240992,97,S1a
cg12823072,97,S1a
cg03386509,97,S1a
cg05270752,93,S1a
cg13124863,97,S1a
cg07634191,97,S1a
cg20263156,97,S1a
cg04051571,97,S1a
cg02623471,97,S1a
cg10171125,97,S1a
cg16004055,97,S1a
cg24861124,97,S1a
cg22272888,76,S1a
cg13398470,97,S1a
cg11093508,97,S1a
cg09286444,97,S1a
cg12329832,96,S1a
cg01310875,97,S1a
cg12991306,73,S1a
cg06971659,97,S1a
cg03430526,97,S1a
cg22414525,97,S1a
cg04720865,97,S1a
cg19781013,97,S1a
cg01209934,97,S1a
cg15692687,97,S1a
cg02516513,97,S1a
cg25374552,97,S1a
cg18022570,97,S1a
cg22487209,97,S1a
cg17572663,97,S1a
cg18249244,83,S1a
cg05621091,97,S1a
cg05026033,97,S1a
cg23713147,63,S1a
cg02510729,97,S1a
cg02046475,97,S1a
cg26534493,97,S1a
cg09632453,97,S1a
cg18334799,9,S1a
cg19391527,97,S1a
cg05988605,97,S1a
cg22632756,97,S1a
cg27336360,97,S1a
cg13077562,97,S1a
cg02787980,97,S1a
cg10416846,97,S1a
cg00643296,97,S1a
cg03642518,97,S1a
cg22679014,74,S1a
cg03066788,97,S1a
cg02397571,97,S1a
cg20274304,97,S1a
cg03746834,97,S1a
cg07886914,97,S1a
cg21330896,97,S1a
cg17199018,97,S1a
cg19507160,79,S1a
cg26101942,97,S1a
cg04890934,97,S1a
cg03920392,97,S1a
cg22017639,97,S1a
cg14446015,97,S1a
cg13411962,97,S1a
cg19139277,97,S1a
cg10627155,97,S1a
cg01719123,97,S1a
cg12832228,97,S1a
cg13098621,97,S1a
cg19033875,97,S1a
cg00987379,97,S1a
cg07006853,97,S1a
cg08606497,97,S1a
cg06780777,97,S1a
cg06832791,96,S1a
cg00924265,97,S1a
cg24540678,97,S1a
cg22230538,97,S1a
cg01392307,97,S1a
cg04118242,97,S1a
cg08867150,97,S1a
cg14554372,97,S1a
cg26890159,97,S1a
cg21221873,97,S1a
cg01713086,97,S1a
cg03552359,96,S1a
cg02537960,97,S1a
cg09010387,97,S1a
cg15964998,96,S1a
cg22688072,96,S1a
cg15645888,97,S1a
cg10699291,97,S1a
cg18508125,97,S1a
cg19100061,97,S1a
cg14598765,97,S1a
cg24324469,97,S1a
cg10197546,97,S1a
cg03184243,97,S1a
cg18239973,97,S1a
cg24327472,97,S1a
cg00815583,97,S1a
cg16729690,97,S1a
cg08943089,97,S1a
cg06931245,97,S1a
cg26762173,97,S1a
cg05102651,97,S1a
cg14934978,97,S1a
cg22507733,97,S1a
cg11710000,97,S1a
cg04046704,97,S1a
cg11500788,97,S1a
cg19305938,97,S1a
cg08004365,97,S1a
cg09049417,65,S1a
cg03275375,97,S1a
cg00572243,70,S1a
cg23665710,97,S1a
cg01425188,30,S1a
cg19117545,74,S1a
cg07164600,26,S1a
cg15837119,97,S1a
cg27256077,97,S1a
cg14497919,97,S1a
cg12892962,97,S1a
cg02621936,97,S1a
cg20978277,97,S1a
cg02707357,97,S1a
cg15551981,97,S1a
cg19193147,97,S1a
cg25557858,97,S1a
cg07328417,97,S1a
cg12518041,97,S1a
cg00945932,97,S1a
cg20529126,97,S1a
cg17048233,7,S1a
cg25028855,97,S1a
cg26001764,97,S1a
cg02882487,97,S1a
cg26754350,97,S1a
cg00328720,97,S1a
cg06012410,97,S1a
cg07551677,97,S1a
cg06940232,64,S1a
cg14082097,44,S1a
cg04440597,97,S1a
cg15219014,97,S1a
cg24139520,97,S1a
cg17687458,97,S1a
cg15894748,97,S1a
cg08272591,97,S1a
cg14711433,97,S1a
cg21252372,97,S1a
cg17047311,97,S1a
cg25678707,97,S1a
cg26876514,97,S1a
cg13518537,94,S1a
cg10605767,78,S1a
cg26333660,97,S1a
cg14829271,97,S1a
cg11699257,97,S1a
cg22042465,97,S1a
cg25449585,97,S1a
cg26890195,97,S1a
cg11385906,97,S1a
cg23559680,97,S1a
cg01124961,97,S1a
cg05314271,97,S1a
cg04041942,97,S1a
cg03363242,97,S1a
cg14442394,97,S1a
cg01188976,97,S1a
cg14143435,97,S1a
cg03103158,85,S1a
cg07358015,94,S1a
cg06241765,48,S1a
cg21406217,37,S1a
cg15720343,97,S1a
cg07267296,97,S1a
cg10947480,97,S1a
cg00459975,97,S1a
cg07759052,97,S1a
cg26207423,87,S1a
cg16799737,43,S1a
cg07962641,96,S1a
cg00954578,97,S1a
cg27054166,97,S1a
cg15681145,97,S1a
cg20212339,92,S1a
cg16847760,95,S1a
cg11893955,97,S1a
cg02324835,97,S1a
cg11531557,97,S1a
cg25422895,97,S1a
cg07654202,97,S1a
cg20858437,97,S1a
cg20024324,97,S1a
cg16144590,97,S1a
cg16821252,97,S1a
cg09888753,97,S1a
cg00978855,97,S1a
cg05196487,97,S1a
cg19888654,97,S1a
cg07563765,97,S1a
cg10932125,97,S1a
cg14895374,97,S1a
cg22561384,97,S1a
cg19780614,97,S1a
cg08296263,97,S1a
cg04905644,97,S1a
cg16142313,97,S1a
cg07237653,97,S1a
cg07023317,97,S1a
cg25596405,97,S1a
cg09322573,97,S1a
cg06043201,97,S1a
cg12508856,92,S1a
cg15139038,97,S1a
cg00936790,81,S1a
cg00328219,97,S1a
cg06238667,96,S1a
cg04025431,96,S1a
cg02000775,97,S1a
cg07058086,97,S1a
cg06178942,97,S1a
cg10220156,97,S1a
cg10641504,97,S1a
cg16316695,97,S1a
cg23569415,97,S1a
cg23731836,97,S1a
cg09690373,60,S1a
cg18875839,97,S1a
cg02835742,97,S1a
cg04022108,97,S1a
cg20147400,97,S1a
cg01805427,96,S1a
cg02152631,97,S1a
cg01653327,97,S1a
cg24951140,97,S1a
cg19147369,97,S1a
cg16295774,97,S1a
cg10709282,80,S1a
cg27469037,97,S1a
cg03364486,97,S1a
cg17375585,97,S1a
cg18159666,97,S1a
cg12465251,97,S1a
cg19123749,97,S1a
cg00472722,97,S1a
cg20253920,97,S1a
cg15717598,97,S1a
cg05576828,97,S1a
cg12721804,97,S1a
cg18197963,97,S1a
cg03394159,97,S1a
cg24379915,97,S1a
cg01865118,97,S1a
cg07151117,97,S1a
cg18432895,97,S1a
cg05976753,97,S1a
cg00936146,97,S1a
cg13273799,97,S1a
cg05972070,97,S1a
cg01576531,97,S1a
cg00782124,97,S1a
cg24420395,97,S1a
cg08777490,97,S1a
cg19687358,97,S1a
cg18070061,97,S1a
cg05418877,97,S1a
cg24260218,97,S1a
cg13983578,97,S1a
cg19384032,97,S1a
cg26422018,97,S1a
cg03486157,97,S1a
cg25751295,97,S1a
cg05573997,97,S1a
cg22013170,97,S1a
cg00355802,97,S1a
cg00315056,97,S1a
cg12805172,97,S1a
cg27130302,97,S1a
cg13635007,97,S1a
cg11642681,97,S1a
cg21073748,97,S1a
cg05128656,97,S1a
cg15944766,97,S1a
cg00510870,97,S1a
cg23435671,75,S1a
cg06120235,97,S1a
cg20863282,97,S1a
cg24495643,97,S1a
cg23314364,97,S1a
cg03726357,97,S1a
cg02675546,97,S1a
cg14423651,51,S1a
cg11542784,96,S1a
cg22292713,97,S1a
cg18557212,97,S1a
cg05973488,97,S1a
cg25355291,97,S1a
cg21430685,97,S1a
cg07709148,97,S1a
cg00446414,97,S1a
cg13600477,97,S1a
cg14374980,97,S1a
cg20604028,85,S1a
cg11908762,97,S1a
cg11638399,97,S1a
cg03603593,97,S1a
cg01666716,97,S1a
cg18816905,97,S1a
cg19405484,97,S1a
cg13518625,92,S1a
cg02017407,44,S1a
cg17315703,97,S1a
cg09933836,96,S1a
cg17779658,97,S1a
cg00420997,97,S1a
cg22333800,97,S1a
cg23223330,97,S1a
cg26565120,97,S1a
cg08887138,97,S1a
cg23674011,93,S1a
cg24009881,95,S1a
cg05977072,97,S1a
cg15686474,97,S1a
cg00286119,97,S1a
cg25116789,97,S1a
cg11820154,97,S1a
cg10721220,96,S1a
cg19791143,97,S1a
cg21497480,97,S1a
cg23695222,97,S1a
cg26992245,96,S1a
cg26499430,83,S1a
cg14618762,97,S1a
cg17722086,97,S1a
cg20907614,68,S1a
cg00877553,76,S1a
cg27221554,97,S1a
cg18813599,97,S1a
cg17657300,97,S1a
cg19691797,97,S1a
cg23701599,97,S1a
cg15698851,97,S1a
cg20001850,97,S1a
cg04562391,97,S1a
cg07927426,97,S1a
cg10433231,97,S1a
cg25358938,97,S1a
cg04002885,97,S1a
cg19993591,97,S1a
cg14896990,97,S1a
cg00177923,97,S1a
cg11477977,97,S1a
cg06246552,97,S1a
cg04039925,97,S1a
cg18986713,97,S1a
cg09980339,97,S1a
cg00093815,97,S1a
cg06927280,97,S1a
cg16536330,97,S1a
cg00133629,84,S1a
cg14260002,97,S1a
cg00940560,96,S1a
cg21058822,97,S1a
cg16866206,97,S1a
cg08201851,97,S1a
cg23406830,97,S1a
cg04374813,97,S1a
cg03746590,97,S1a
cg18977290,97,S1a
cg08887137,97,S1a
cg10354845,97,S1a
cg03104356,97,S1a
cg15319076,97,S1a
cg09557342,97,S1a
cg26767593,83,S1a
cg11792616,97,S1a
cg02159999,97,S1a
cg04156219,97,S1a
cg11959620,97,S1a
cg00868476,97,S1a
cg14895559,84,S1a
cg20237264,97,S1a
cg00964221,97,S1a
cg21622977,93,S1a
cg26122129,97,S1a
cg02837128,82,S1a
cg15854125,40,S1a
cg10286310,85,S1a
cg03389525,97,S1a
cg14997704,97,S1a
cg14658362,97,S1a
cg13490635,97,S1a
cg26541854,97,S1a
cg07236718,97,S1a
cg17221758,97,S1a
cg00447833,96,S1a
cg13455434,33,S1a
cg22431992,53,S1a
cg23044884,76,S1a
cg02619478,97,S1a
cg06705997,97,S1a
cg09938213,97,S1a
cg16625218,97,S1a
cg03633268,97,S1a
cg12167489,41,S1a
cg23830290,97,S1a
cg05001531,97,S1a
cg05873496,87,S1a
cg08790301,66,S1a
cg03953926,97,S1a
cg05780722,96,S1a
cg03952724,97,S1a
cg09272186,75,S1a
cg07561338,81,S1a
cg13172905,94,S1a
cg00997969,97,S1a
cg24955400,80,S1a
cg24586039,97,S1a
cg17882976,88,S1a
cg26383811,94,S1a
cg08774902,97,S1a
cg03796224,97,S1a
cg04874580,90,S1a
cg14219752,97,S1a
cg14326263,97,S1a
cg26971928,97,S1a
cg19314470,97,S1a
cg07575193,42,S1a
cg17181805,97,S1a
cg27521744,97,S1a
cg06945634,97,S1a
cg24705939,97,S1a
cg17467243,97,S1a
cg19124927,97,S1a
cg24128292,97,S1a
cg23760732,97,S1a
cg21816849,97,S1a
cg02667880,97,S1a
cg21703813,97,S1a
cg19847588,82,S1a
cg16873385,60,S1a
cg03655174,79,S1a
cg02007288,97,S1a
cg18530729,97,S1a
cg09052458,97,S1a
cg14871856,97,S1a
cg01818648,97,S1a
cg03589207,97,S1a
cg01156629,97,S1a
cg09086714,97,S1a
cg12107954,97,S1a
cg18356330,97,S1a
cg27498434,97,S1a
cg25305776,85,S1a
cg08305799,91,S1a
cg06049177,97,S1a
cg07899425,97,S1a
cg07077080,97,S1a
cg17325073,97,S1a
cg04052100,97,S1a
cg16190018,97,S1a
cg08238777,97,S1a
cg19913448,97,S1a
cg11633204,97,S1a
cg22990888,97,S1a
cg10301990,97,S1a
cg17021442,97,S1a
cg25960191,97,S1a
cg24471459,97,S1a
cg10113081,97,S1a
cg01591416,97,S1a
cg08837587,97,S1a
cg07148325,97,S1a
cg25948993,97,S1a
cg16285780,97,S1a
cg23558764,97,S1a
cg07666727,97,S1a
cg09388991,97,S1a
cg14774288,97,S1a
cg26910651,97,S1a
cg26631144,97,S1a
cg13342158,97,S1a
cg24698622,97,S1a
cg04927725,97,S1a
cg23693487,93,S1a
cg26631437,97,S1a
cg19418958,92,S1a
cg20939319,97,S1a
cg14561071,97,S1a
cg08591091,97,S1a
cg10209083,97,S1a
cg14655649,97,S1a
cg00719143,97,S1a
cg16408218,8,S1a
cg22660171,97,S1a
cg04756577,48,S1a
cg14212788,89,S1a
cg03325522,97,S1a
cg02638909,97,S1a
cg18907656,97,S1a
cg12672713,97,S1a
cg02006610,95,S1a
cg10709021,97,S1a
cg09945801,97,S1a
cg08587721,97,S1a
cg21604516,97,S1a
cg05779300,97,S1a
cg25618087,97,S1a
cg07129253,97,S1a
cg18996590,97,S1a
cg01755467,97,S1a
cg18324126,97,S1a
cg23139473,97,S1a
cg09438491,97,S1a
cg04269065,97,S1a
cg19560547,97,S1a
cg23610841,97,S1a
cg07123227,97,S1a
cg03410815,97,S1a
cg21608195,97,S1a
cg08603706,97,S1a
cg03184037,97,S1a
cg15944457,97,S1a
cg02994645,97,S1a
cg08843001,97,S1a
cg04833152,97,S1a
cg19311679,86,S1a
cg20533040,97,S1a
cg00697858,97,S1a
cg04002325,97,S1a
cg09969018,97,S1a
cg24420773,97,S1a
cg02993340,97,S1a
cg03530274,97,S1a
cg20786280,80,S1a
cg08494221,54,S1a
cg22332577,97,S1a
cg19910930,97,S1a
cg04478080,97,S1a
cg18101152,97,S1a
cg12158488,30,S1a
cg00116305,97,S1a
cg06397379,90,S1a
cg18387156,97,S1a
cg08776832,97,S1a
cg04773818,97,S1a
cg04555373,97,S1a
cg03430846,96,S1a
cg24946597,97,S1a
cg00614182,97,S1a
cg12166610,97,S1a
cg05387189,97,S1a
cg14315805,96,S1a
cg20369838,97,S1a
cg25050565,97,S1a
cg22626985,97,S1a
cg23637605,97,S1a
cg23964820,55,S1a
cg25353930,97,S1a
cg09939075,97,S1a
cg05303728,97,S1a
cg22651812,83,S1a
cg07214270,97,S1a
cg11791144,97,S1a
cg00324366,97,S1a
cg21968599,97,S1a
cg05303690,95,S1a
cg08122807,74,S1a
cg13618529,97,S1a
cg10870165,97,S1a
cg03349819,97,S1a
cg19162158,97,S1a
cg25230074,97,S1a
cg17457560,97,S1a
cg08695336,97,S1a
cg22865798,97,S1a
cg14488905,97,S1a
cg08032135,97,S1a
cg06926782,97,S1a
cg16734451,97,S1a
cg17661135,97,S1a
cg04490596,97,S1a
cg09811386,97,S1a
cg16623836,97,S1a
cg17547296,97,S1a
cg24995904,97,S1a
cg14597598,76,S1a
cg13272412,97,S1a
cg20541191,97,S1a
cg14598943,97,S1a
cg12196232,97,S1a
cg14663451,97,S1a
cg11481675,97,S1a
cg26068079,49,S1a
cg15431703,97,S1a
cg11316943,97,S1a
cg14662728,96,S1a
cg02709924,97,S1a
cg20127899,97,S1a
cg02359746,97,S1a
cg25422422,97,S1a
cg24466229,97,S1a
cg27643360,51,S1a
cg05027713,97,S1a
cg01544400,97,S1a
cg13156856,97,S1a
cg20424036,97,S1a
cg02143988,97,S1a
cg02617560,97,S1a
cg06106484,97,S1a
cg19591696,93,S1a
cg18571640,97,S1a
cg08842441,80,S1a
cg21167723,97,S1a
cg15455772,71,S1a
cg10886225,93,S1a
cg17795789,89,S1a
cg15150274,97,S1a
cg13720344,97,S1a
cg20349695,97,S1a
cg17003783,97,S1a
cg18892473,97,S1a
cg03594044,97,S1a
cg11911367,97,S1a
cg02729086,97,S1a
cg09523446,97,S1a
cg23863718,97,S1a
cg10353612,97,S1a
cg07391088,97,S1a
cg04687486,97,S1a
cg08513527,97,S1a
cg01444149,97,S1a
cg16456625,97,S1a
cg23663332,97,S1a
cg19528610,97,S1a
cg04617786,97,S1a
cg13558608,97,S1a
cg20071498,97,S1a
cg20155550,97,S1a
cg01054658,97,S1a
cg11554525,97,S1a
cg21658333,97,S1a
cg12674192,97,S1a
cg07703130,97,S1a
cg15313617,63,S1a
cg03933341,97,S1a
cg26426774,97,S1a
cg00692760,97,S1a
cg13562246,97,S1a
cg24736217,96,S1a
cg11951961,97,S1a
cg20705358,97,S1a
cg00792687,97,S1a
cg26948599,97,S1a
cg04340421,85,S1a
cg13529074,85,S1a
cg11008718,97,S1a
cg19906737,97,S1a
cg22610784,97,S1a
cg08328324,81,S1a
cg18030007,97,S1a
cg07516225,97,S1a
cg08503393,97,S1a
cg11755107,97,S1a
cg00425988,97,S1a
cg12973479,97,S1a
cg05494269,97,S1a
cg12098665,97,S1a
cg17167045,50,S1a
cg22479887,97,S1a
cg08327744,97,S1a
cg27515800,97,S1a
cg15140822,97,S1a
cg25781202,97,S1a
cg16795450,97,S1a
cg19273655,97,S1a
cg09904573,97,S1a
cg05227667,97,S1a
cg25230571,97,S1a
cg27529911,97,S1a
cg23569802,97,S1a
cg13975075,97,S1a
cg00319774,97,S1a
cg23187159,97,S1a
cg19937513,97,S1a
cg25738273,97,S1a
cg05293775,97,S1a
cg20909354,97,S1a
cg26881713,84,S1a
cg19863319,97,S1a
cg23134211,83,S1a
cg01869632,97,S1a
cg00441301,97,S1a
cg18281355,97,S1a
cg27416898,97,S1a
cg19340858,97,S1a
cg21614402,97,S1a
cg25067862,97,S1a
cg22616126,97,S1a
cg14445783,97,S1a
cg04055779,97,S1a
cg16031846,97,S1a
cg04338863,97,S1a
cg13335271,96,S1a
cg24299548,97,S1a
cg27188860,91,S1a
cg01990257,97,S1a
cg02943456,97,S1a
cg04233201,96,S1a
cg23831517,97,S1a
cg00267694,97,S1a
cg07791803,97,S1a
cg06832258,97,S1a
cg24148447,97,S1a
cg16176378,97,S1a
cg15977096,60,S1a
cg00413543,97,S1a
cg14283887,97,S1a
cg27338560,97,S1a
cg02624460,97,S1a
cg20814718,97,S1a
cg19403244,95,S1a
cg20776920,97,S1a
cg13561879,97,S1a
cg08000065,97,S1a
cg26872137,97,S1a
cg17486097,97,S1a
cg04402007,97,S1a
cg15981092,97,S1a
cg16137995,97,S1a
cg08701686,92,S1a
cg27244980,97,S1a
cg03995061,97,S1a
cg21320573,80,S1a
cg22507558,95,S1a
cg18760194,59,S1a
cg07574158,97,S1a
cg26764980,97,S1a
cg02355183,96,S1a
cg01311313,97,S1a
cg26679047,97,S1a
cg19003975,93,S1a
cg10393548,97,S1a
cg00297600,97,S1a
cg04623440,78,S1a
cg22872195,80,S1a
cg23222401,97,S1a
cg07396194,97,S1a
cg00948124,97,S1a
cg22386073,97,S1a
cg08754088,97,S1a
cg08300924,97,S1a
cg18583697,97,S1a
cg03752965,32,S1a
cg11093149,79,S1a
cg10861722,97,S1a
cg23279503,87,S1a
cg17765553,97,S1a
cg18790559,97,S1a
cg21342470,93,S1a
cg23539034,97,S1a
cg07385257,97,S1a
cg11265488,97,S1a
cg00573887,97,S1a
cg11497131,97,S1a
cg11091397,73,S1a
cg23287004,97,S1a
cg21206021,97,S1a
cg17819250,97,S1a
cg03102898,96,S1a
cg12677267,82,S1a
cg16334849,97,S1a
cg19782158,97,S1a
cg27030380,97,S1a
cg08254266,97,S1a
cg05693450,97,S1a
cg06622573,97,S1a
cg08331840,97,S1a
cg07338584,97,S1a
cg12033248,97,S1a
cg05749559,97,S1a
cg13632752,97,S1a
cg26294014,94,S1a
cg13017983,97,S1a
cg02925831,97,S1a
cg19722347,90,S1a
cg22523679,73,S1a
cg04107251,90,S1a
cg06527267,97,S1a
cg26883840,91,S1a
cg23411426,97,S1a
cg20893180,97,S1a
cg21293455,97,S1a
cg19284368,97,S1a
cg05959430,97,S1a
cg17196051,97,S1a
cg01870916,97,S1a
cg20098468,71,S1a
cg24848452,97,S1a
cg15320349,97,S1a
cg10820544,75,S1a
cg23224142,97,S1a
cg12931554,97,S1a
cg01755924,97,S1a
cg08462367,97,S1a
cg24468765,97,S1a
cg11202634,97,S1a
cg17149262,55,S1a
cg00576689,97,S1a
cg00770372,97,S1a
cg18065874,97,S1a
cg19619014,39,S1a
cg14681171,97,S1a
cg23493018,97,S1a
cg08833741,97,S1a
cg05707211,97,S1a
cg10705306,97,S1a
cg06520296,97,S1a
cg08158233,97,S1a
cg22380139,97,S1a
cg21889263,97,S1a
cg23280999,97,S1a
cg05279866,97,S1a
cg24298539,44,S1a
cg11639815,97,S1a
cg05266624,97,S1a
cg05318516,97,S1a
cg22529664,94,S1a
cg27128883,97,S1a
cg00053916,97,S1a
cg03925072,97,S1a
cg25195968,97,S1a
cg13622355,97,S1a
cg07879671,97,S1a
cg26977759,97,S1a
cg10327067,97,S1a
cg01920011,97,S1a
cg13490227,97,S1a
cg25487404,97,S1a
cg20919781,97,S1a
cg18542992,97,S1a
cg04553559,97,S1a
cg13580526,78,S1a
cg12440566,97,S1a
cg05721253,97,S1a
cg08991457,94,S1a
cg14491007,97,S1a
cg11859541,97,S1a
cg15142246,97,S1a
cg03994018,97,S1a
cg05942831,97,S1a
cg18379495,97,S1a
cg17804635,97,S1a
cg11409101,97,S1a
cg07576409,97,S1a
cg04717143,97,S1a
cg08458733,97,S1a
cg14602087,72,S1a
cg00225196,97,S1a
cg05570141,97,S1a
cg14152785,97,S1a
cg03074188,97,S1a
cg02183903,97,S1a
cg15134714,97,S1a
cg02979703,97,S1a
cg20798740,96,S1a
cg22280148,97,S1a
cg06415302,75,S1a
cg02650323,97,S1a
cg16978367,97,S1a
cg13077699,97,S1a
cg17465233,97,S1a
cg13612524,97,S1a
cg26432044,97,S1a
cg09056309,97,S1a
cg01981230,97,S1a
cg10063512,97,S1a
cg12180121,97,S1a
cg18191664,97,S1a
cg01150297,97,S1a
cg09896598,97,S1a
cg09478597,97,S1a
cg24260847,97,S1a
cg01467789,97,S1a
cg14036776,97,S1a
cg04793634,97,S1a
cg06994936,97,S1a
cg13346869,97,S1a
cg05020125,97,S1a
cg21505509,97,S1a
cg08247852,97,S1a
cg09188212,97,S1a
cg00450319,39,S1a
cg00007675,97,S1a
cg26393977,97,S1a
cg03399210,97,S1a
cg19149125,97,S1a
cg03995337,97,S1a
cg22838674,97,S1a
cg16732643,97,S1a
cg14658556,97,S1a
cg10620501,97,S1a
cg02146453,97,S1a
cg05715005,97,S1a
cg15695962,97,S1a
cg20128099,97,S1a
cg23252698,97,S1a
cg18793571,89,S1a
cg09406921,97,S1a
cg26836171,97,S1a
cg03266297,10,S1a
cg05516773,97,S1a
cg25013571,77,S1a
cg27641482,97,S1a
cg21533958,97,S1a
cg11490751,97,S1a
cg03450509,97,S1a
cg05613951,97,S1a
cg03174294,97,S1a
cg02886549,97,S1a
cg20011352,97,S1a
cg09121695,97,S1a
cg03806095,97,S1a
cg07118000,97,S1a
cg24910112,97,S1a
cg01751917,97,S1a
cg18715243,97,S1a
cg27481708,97,S1a
cg20272648,97,S1a
cg23649140,97,S1a
cg14930065,97,S1a
cg13726789,97,S1a
cg13372487,97,S1a
cg14922775,97,S1a
cg26147935,97,S1a
cg22992125,97,S1a
cg06009497,97,S1a
cg02250400,97,S1a
cg24450194,97,S1a
cg05552035,97,S1a
cg12869334,97,S1a
cg12424646,97,S1a
cg01226742,97,S1a
cg03171419,97,S1a
cg18461548,97,S1a
cg24390519,97,S1a
cg01643927,97,S1a
cg07623995,97,S1a
cg02894896,97,S1a
cg11265336,97,S1a
cg16313587,97,S1a
cg02999463,97,S1a
cg10567419,97,S1a
cg10519680,97,S1a
cg19904653,90,S1a
cg20466478,97,S1a
cg22871204,97,S1a
cg13429150,97,S1a
cg00250525,97,S1a
cg26216323,81,S1a
cg26974427,60,S1a
cg12113316,97,S1a
cg14774440,97,S1a
cg26565476,97,S1a
cg19626138,97,S1a
cg00920892,97,S1a
cg17339440,94,S1a
cg10211776,97,S1a
cg17218270,97,S1a
cg16840978,97,S1a
cg13625816,78,S1a
cg03318906,97,S1a
cg14089503,97,S1a
cg26988692,97,S1a
cg06435639,97,S1a
cg22513169,97,S1a
cg26551897,97,S1a
cg24468105,97,S1a
cg05472579,97,S1a
cg24883586,97,S1a
cg21348533,97,S1a
cg07313709,97,S1a
cg09440788,97,S1a
cg10557578,97,S1a
cg03978658,97,S1a
cg20708516,97,S1a
cg20600916,97,S1a
cg00242020,97,S1a
cg23545906,97,S1a
cg08805386,97,S1a
cg14825683,97,S1a
cg25323152,97,S1a
cg10925364,97,S1a
cg16648137,66,S1a
cg17534216,97,S1a
cg13057663,97,S1a
cg06118302,97,S1a
cg05182393,65,S1a
cg22275864,97,S1a
cg16223863,97,S1a
cg27498114,97,S1a
cg09258813,97,S1a
cg17619823,97,S1a
cg09442828,97,S1a
cg24438644,97,S1a
cg03103178,97,S1a
cg02174634,97,S1a
cg23460057,97,S1a
cg10357888,97,S1a
cg01386493,97,S1a
cg19806221,97,S1a
cg00432461,97,S1a
cg08772302,97,S1a
cg00354863,97,S1a
cg22545112,97,S1a
cg22728323,97,S1a
cg09510263,97,S1a
cg21815479,97,S1a
cg09188300,97,S1a
cg04423064,97,S1a
cg05695311,97,S1a
cg18350458,97,S1a
cg13426096,97,S1a
cg18834416,97,S1a
cg25500285,97,S1a
cg03613132,97,S1a
cg04217082,97,S1a
cg17887364,97,S1a
cg02138124,97,S1a
cg06437703,97,S1a
cg26921611,97,S1a
cg07074976,97,S1a
cg17509681,97,S1a
cg24001280,97,S1a
cg23361195,97,S1a
cg04091109,97,S1a
cg03189282,97,S1a
cg00590869,97,S1a
cg27255459,97,S1a
cg10062221,97,S1a
cg03705346,97,S1a
cg02897270,97,S1a
cg24318412,97,S1a
cg01642070,97,S1a
cg21453287,97,S1a
cg04768184,97,S1a
cg06699638,97,S1a
cg03024183,97,S1a
cg10296513,97,S1a
cg25217636,97,S1a
cg19515324,97,S1a
cg14655858,92,S1a
cg23627553,95,S1a
cg05580671,97,S1a
cg07092525,97,S1a
cg09630404,97,S1a
cg00464095,97,S1a
cg16275183,97,S1a
cg23494863,97,S1a
cg09793866,97,S1a
cg26067361,97,S1a
cg07345027,97,S1a
cg09932420,97,S1a
cg03072082,97,S1a
cg27087572,97,S1a
cg06927863,97,S1a
cg18048544,97,S1a
cg26386464,97,S1a
cg05370861,97,S1a
cg23409476,97,S1a
cg11759446,97,S1a
cg03222257,97,S1a
cg08302486,97,S1a
cg15641275,97,S1a
cg14726525,97,S1a
cg19500185,97,S1a
cg05964363,97,S1a
cg07569953,97,S1a
cg05269024,97,S1a
cg17516945,97,S1a
cg24002388,97,S1a
cg17513198,97,S1a
cg17139035,97,S1a
cg11201273,97,S1a
cg17340655,97,S1a
cg03482339,97,S1a
cg04218418,97,S1a
cg27052402,97,S1a
cg16937126,97,S1a
cg20338628,97,S1a
cg07088328,97,S1a
cg15186685,97,S1a
cg16232702,97,S1a
cg12619398,97,S1a
cg23285761,97,S1a
cg12859234,97,S1a
cg03229959,97,S1a
cg09315468,97,S1a
cg04954894,70,S1a
cg04500377,97,S1a
cg06015733,97,S1a
cg20000539,78,S1a
cg21286173,97,S1a
cg25405452,97,S1a
cg19272266,97,S1a
cg03716822,97,S1a
cg24853978,97,S1a
cg27105630,97,S1a
cg10007002,97,S1a
cg11189715,97,S1a
cg12951224,97,S1a
cg12021219,97,S1a
cg21658405,97,S1a
cg23730244,97,S1a
cg03140883,97,S1a
cg23679332,97,S1a
cg20170882,97,S1a
cg07862736,97,S1a
cg05503307,97,S1a
cg24463664,97,S1a
cg09641728,97,S1a
cg04477010,97,S1a
cg22598885,97,S1a
cg16273943,97,S1a
cg10068740,97,S1a
cg08167846,87,S1a
cg24258108,97,S1a
cg03341508,80,S1a
cg11198604,97,S1a
cg27524515,97,S1a
cg07079833,97,S1a
cg00556052,97,S1a
cg01609705,97,S1a
cg16477886,97,S1a
cg25510610,97,S1a
cg22284748,92,S1a
cg10174585,97,S1a
cg14336578,97,S1a
cg01506891,97,S1a
cg02516583,97,S1a
cg05250042,97,S1a
cg18453192,97,S1a
cg20544675,8,S1a
cg12480941,97,S1a
cg20888907,97,S1a
cg19077071,97,S1a
cg05906295,97,S1a
cg20791178,97,S1a
cg26232451,97,S1a
cg02121324,97,S1a
cg22629196,97,S1a
cg24828864,97,S1a
cg07862977,97,S1a
cg03089725,97,S1a
cg27653103,97,S1a
cg20336472,97,S1a
cg07343607,97,S1a
cg18106968,97,S1a
cg16625770,97,S1a
cg01866148,89,S1a
cg11547613,97,S1a
cg14733725,97,S1a
cg04685186,96,S1a
cg02043791,97,S1a
cg13278539,36,S1a
cg13123964,97,S1a
cg00400221,97,S1a
cg21128610,97,S1a
cg14489594,97,S1a
cg02639993,97,S1a
cg20913106,97,S1a
cg12614213,97,S1a
cg10300229,97,S1a
cg07498778,97,S1a
cg08117032,97,S1a
cg09324698,97,S1a
cg27063138,97,S1a
cg05810369,97,S1a
cg26385256,97,S1a
cg20148210,97,S1a
cg27646230,97,S1a
cg08722122,96,S1a
cg10823844,97,S1a
cg15791248,97,S1a
cg05177519,97,S1a
cg17120578,97,S1a
cg18739367,97,S1a
cg01976921,97,S1a
cg02157224,97,S1a
cg26185500,97,S1a
cg03127563,97,S1a
cg23012676,97,S1a
cg23843812,97,S1a
cg11653466,97,S1a
cg02923831,97,S1a
cg24834823,97,S1a
cg24909309,97,S1a
cg08986840,87,S1a
cg04624228,97,S1a
cg04458368,97,S1a
cg24859937,97,S1a
cg17508816,97,S1a
cg00273037,89,S1a
cg23718201,97,S1a
cg19311055,97,S1a
cg03163812,97,S1a
cg06569121,97,S1a
cg25160034,97,S1a
cg11363168,97,S1a
cg04848137,97,S1a
cg14565485,97,S1a
cg02896757,97,S1a
cg11422851,97,S1a
cg19849544,97,S1a
cg14213394,97,S1a
cg01670306,97,S1a
cg14434213,97,S1a
cg04929612,97,S1a
cg17186750,97,S1a
cg20684375,97,S1a
cg12140000,97,S1a
cg25540871,97,S1a
cg15325809,97,S1a
cg01235083,97,S1a
cg16924776,97,S1a
cg19106326,96,S1a
cg25307332,97,S1a
cg13721383,97,S1a
cg20845659,97,S1a
cg00190034,97,S1a
cg14773619,97,S1a
cg20870000,97,S1a
cg21708058,70,S1a
cg02245794,97,S1a
cg14597214,97,S1a
cg11241541,97,S1a
cg15659713,97,S1a
cg01471372,97,S1a
cg02345321,97,S1a
cg03547905,97,S1a
cg02565702,97,S1a
cg11071960,97,S1a
cg09560979,97,S1a
cg19695041,97,S1a
cg19660812,78,S1a
cg14284618,97,S1a
cg15299510,96,S1a
cg10786043,97,S1a
cg04889181,97,S1a
cg09990086,97,S1a
cg04017769,97,S1a
cg01094748,97,S1a
cg17491987,97,S1a
cg21707996,97,S1a
cg27460040,90,S1a
cg22991992,97,S1a
cg27470978,97,S1a
cg17742459,97,S1a
cg01803771,97,S1a
cg07395611,97,S1a
cg18566114,97,S1a
cg04142296,97,S1a
cg01785359,97,S1a
cg25371169,97,S1a
cg16536016,97,S1a
cg01073837,97,S1a
cg00484532,97,S1a
cg24141036,97,S1a
cg20819084,97,S1a
cg22747848,97,S1a
cg10788321,97,S1a
cg10846728,97,S1a
cg02434428,97,S1a
cg24581462,95,S1a
cg13514772,89,S1a
cg11746341,97,S1a
cg13971849,97,S1a
cg23894287,97,S1a
cg21145938,97,S1a
cg22284745,97,S1a
cg07132086,97,S1a
cg21184369,84,S1a
cg24312537,49,S1a
cg04589674,33,S1a
cg18990313,97,S1a
cg12535715,97,S1a
cg16473915,97,S1a
cg15046062,97,S1a
cg27258399,97,S1a
cg04771100,97,S1a
cg00672936,97,S1a
cg04904469,97,S1a
cg21028319,69,S1a
cg15118279,97,S1a
cg09958760,97,S1a
cg16652639,97,S1a
cg15460330,94,S1a
cg03913924,97,S1a
cg14938514,97,S1a
cg18497394,97,S1a
cg06017059,97,S1a
cg06878840,97,S1a
cg06800444,97,S1a
cg20621463,97,S1a
cg13064004,97,S1a
cg10282371,97,S1a
cg06294027,97,S1a
cg13574809,97,S1a
cg00687766,97,S1a
cg09662150,97,S1a
cg22755526,97,S1a
cg13863753,97,S1a
cg05022368,87,S1a
cg21235903,97,S1a
cg16970580,97,S1a
cg09321684,97,S1a
cg05945984,97,S1a
cg07469630,95,S1a
cg01565608,97,S1a
cg11052259,30,S1a
cg27417469,96,S1a
cg14618996,97,S1a
cg26394257,97,S1a
cg08827307,97,S1a
cg05789704,97,S1a
cg22848598,97,S1a
cg26124318,97,S1a
cg02637318,97,S1a
cg03780701,97,S1a
cg16540080,97,S1a
cg25765819,97,S1a
cg19512903,97,S1a
cg03000503,97,S1a
cg10242788,64,S1a
cg10327428,97,S1a
cg14742937,97,S1a
cg19659741,97,S1a
cg11199639,97,S1a
cg07387286,95,S1a
cg15627442,97,S1a
cg01911981,81,S1a
cg17527589,80,S1a
cg07927909,55,S1a
cg05276226,97,S1a
cg06544308,97,S1a
cg21463869,97,S1a
cg17126348,97,S1a
cg24255910,97,S1a
cg23566335,97,S1a
cg09314766,97,S1a
cg11186850,97,S1a
cg08272784,97,S1a
cg03716937,97,S1a
cg15352186,97,S1a
cg17311802,97,S1a
cg10262052,73,S1a
cg08465774,97,S1a
cg24188163,97,S1a
cg16957569,96,S1a
cg17533575,91,S1a
cg11363097,67,S1a
cg11823736,97,S1a
cg11251498,78,S1a
cg12565636,73,S1a
cg25981315,97,S1a
cg01466330,97,S1a
cg18985133,97,S1a
cg18716679,97,S1a
cg05621259,97,S1a
cg05893709,97,S1a
cg19111378,97,S1a
cg02669055,97,S1a
cg21542308,97,S1a
cg03595199,49,S1a
cg06954677,97,S1a
cg00688941,97,S1a
cg23416002,97,S1a
cg21669226,97,S1a
cg10139476,96,S1a
cg21412215,97,S1a
cg17939444,97,S1a
cg13125627,79,S1a
cg21857346,29,S1a
cg20660197,86,S1a
cg04804321,71,S1a
cg07327435,97,S1a
cg05427488,97,S1a
cg02680669,97,S1a
cg01053629,97,S1a
cg18448614,97,S1a
cg08837481,97,S1a
cg05421677,97,S1a
cg22864689,97,S1a
cg03521348,85,S1a
cg00422978,97,S1a
cg07505457,97,S1a
cg14545590,97,S1a
cg21093043,97,S1a
cg00935717,85,S1a
cg24887387,97,S1a
cg14822721,97,S1a
cg10260711,97,S1a
cg06454283,97,S1a
cg02458516,97,S1a
cg20071227,97,S1a
cg04364695,97,S1a
cg24882673,91,S1a
cg11491870,97,S1a
cg25441879,97,S1a
cg10789370,97,S1a
cg05614657,87,S1a
cg13611636,97,S1a
cg23421023,97,S1a
cg05619892,97,S1a
cg19497501,97,S1a
cg22271921,97,S1a
cg20085411,97,S1a
cg10282799,97,S1a
cg25671977,97,S1a
cg25008147,96,S1a
cg13392855,97,S1a
cg27487959,79,S1a
cg05746500,97,S1a
cg03393241,96,S1a
cg20979652,97,S1a
cg01513060,97,S1a
cg14441787,97,S1a
cg08235220,97,S1a
cg08208317,97,S1a
cg03583494,97,S1a
cg26897713,97,S1a
cg11068881,46,S1a
cg23781310,83,S1a
cg08525461,97,S1a
cg17152322,97,S1a
cg20447966,95,S1a
cg17187438,97,S1a
cg22540514,97,S1a
cg13084372,97,S1a
cg07332601,97,S1a
cg00313297,97,S1a
cg11749902,97,S1a
cg17500703,97,S1a
cg03151165,97,S1a
cg18144647,97,S1a
cg16667459,97,S1a
cg25927227,97,S1a
cg07296835,97,S1a
cg23331238,97,S1a
cg02154585,97,S1a
cg17486234,97,S1a
cg16498741,97,S1a
cg22880392,97,S1a
cg06769094,97,S1a
cg13154925,97,S1a
cg06777844,95,S1a
cg21846232,72,S1a
cg16662821,97,S1a
cg14548509,90,S1a
cg02388150,97,S1a
cg13398291,97,S1a
cg15839448,97,S1a
cg22418909,97,S1a
cg24319902,97,S1a
cg01495122,97,S1a
cg21517947,97,S1a
cg17816908,97,S1a
cg10406295,72,S1a
cg04255616,97,S1a
cg14904908,97,S1a
cg03133371,97,S1a
cg00000321,97,S1a
cg06166767,97,S1a
cg14824386,97,S1a
cg07935886,97,S1a
cg01074584,97,S1a
cg03575666,97,S1a
cg09410389,97,S1a
cg00930833,97,S1a
cg23359714,97,S1a
cg07122178,97,S1a
cg16196274,97,S1a
cg14556146,77,S1a
cg21415450,97,S1a
cg19656415,97,S1a
cg09011574,97,S1a
cg22660904,97,S1a
cg16034268,97,S1a
cg04754683,97,S1a
cg16859420,72,S1a
cg21464903,97,S1a
cg00394247,97,S1a
cg13171679,97,S1a
cg00447085,95,S1a
cg07280155,97,S1a
cg18884237,97,S1a
cg02643110,97,S1a
cg26674779,97,S1a
cg00446925,97,S1a
cg04616447,97,S1a
cg14163232,97,S1a
cg01354572,97,S1a
cg07120174,97,S1a
cg22347642,97,S1a
cg23688868,97,S1a
cg04472726,97,S1a
cg26367730,97,S1a
cg09196684,97,S1a
cg26554646,97,S1a
cg21487267,97,S1a
cg11196870,97,S1a
cg21517147,97,S1a
cg17835356,92,S1a
cg02320694,97,S1a
cg17164093,97,S1a
cg07127888,95,S1a
cg25076628,97,S1a
cg17298818,96,S1a
cg12174341,97,S1a
cg18918321,97,S1a
cg22352078,97,S1a
cg05185040,97,S1a
cg07208667,97,S1a
cg25897519,97,S1a
cg04458281,97,S1a
cg09915099,97,S1a
cg05983218,97,S1a
cg20263435,97,S1a
cg01228243,97,S1a
cg27338695,97,S1a
cg13446153,97,S1a
cg03348901,97,S1a
cg14435640,91,S1a
cg26897681,97,S1a
cg08576073,97,S1a
cg22638105,97,S1a
cg12859101,97,S1a
cg14546712,97,S1a
cg02377900,97,S1a
cg24327836,97,S1a
cg11774624,97,S1a
cg27062341,97,S1a
cg22581629,97,S1a
cg07943780,97,S1a
cg21772509,64,S1a
cg16174680,97,S1a
cg17026879,97,S1a
cg14314818,97,S1a
cg03380773,97,S1a
cg00088007,97,S1a
cg04624413,97,S1a
cg11952839,97,S1a
cg00448191,97,S1a
cg25883020,97,S1a
cg14958018,97,S1a
cg18227471,97,S1a
cg22282038,97,S1a
cg01768960,97,S1a
cg11363615,97,S1a
cg03473890,97,S1a
cg21468634,97,S1a
cg15649474,97,S1a
cg25670429,97,S1a
cg20677018,97,S1a
cg07161603,97,S1a
cg19945060,97,S1a
cg00713066,97,S1a
cg21289397,93,S1a
cg24739382,97,S1a
cg07529534,97,S1a
cg14537886,97,S1a
cg24931737,97,S1a
cg16140558,97,S1a
cg12148515,97,S1a
cg10794439,97,S1a
cg17886457,97,S1a
cg10715527,97,S1a
cg04319844,97,S1a
cg05066959,97,S1a
cg11823178,97,S1a
cg12439423,97,S1a
cg25043378,97,S1a
cg01678292,97,S1a
cg11479568,97,S1a
cg17753169,97,S1a
cg13432087,97,S1a
cg12003463,97,S1a
cg11912315,97,S1a
cg23668222,97,S1a
cg17103638,97,S1a
cg26697310,97,S1a
cg22532314,97,S1a
cg05294431,97,S1a
cg09897002,97,S1a
cg09576978,97,S1a
cg08388995,97,S1a
cg14445914,97,S1a
cg11696388,97,S1a
cg05234958,97,S1a
cg08786207,97,S1a
cg02712294,97,S1a
cg07533533,97,S1a
cg20464175,97,S1a
cg07680965,94,S1a
cg13152952,97,S1a
cg10601625,97,S1a
cg27260174,97,S1a
cg18491744,97,S1a
cg04236786,97,S1a
cg13609385,97,S1a
cg05538980,97,S1a
cg27619646,97,S1a
cg27650870,97,S1a
cg15706250,97,S1a
cg19537719,97,S1a
cg18614735,97,S1a
cg03755522,97,S1a
cg17182837,97,S1a
cg10116189,97,S1a
cg20468415,97,S1a
cg27016366,97,S1a
cg07759223,64,S1a
cg07889469,97,S1a
cg07162571,97,S1a
cg09125812,97,S1a
cg05522554,97,S1a
cg07235638,97,S1a
cg24128389,97,S1a
cg08521995,97,S1a
cg05885688,97,S1a
cg19442889,97,S1a
cg17256609,97,S1a
cg20263686,97,S1a
cg11059357,97,S1a
cg09997356,97,S1a
cg26172342,97,S1a
cg17052552,87,S1a
cg08923054,97,S1a
cg14030674,97,S1a
cg15173741,96,S1a
cg00176210,97,S1a
cg26326633,97,S1a
cg08194989,97,S1a
cg14904662,97,S1a
cg27498387,97,S1a
cg25154801,97,S1a
cg00783104,97,S1a
cg04153489,97,S1a
cg26984624,97,S1a
cg08894480,97,S1a
cg03493932,97,S1a
cg21132564,97,S1a
cg19997384,97,S1a
cg12292531,97,S1a
cg02172579,97,S1a
cg03596181,97,S1a
cg10470489,97,S1a
cg11207534,97,S1a
cg16129172,97,S1a
cg12180191,97,S1a
cg15133790,97,S1a
cg14354820,97,S1a
cg22845790,97,S1a
cg27479267,97,S1a
cg21342785,91,S1a
cg20270253,97,S1a
cg02231197,97,S1a
cg21470142,97,S1a
cg08604534,97,S1a
cg25052664,97,S1a
cg02392634,97,S1a
cg15333277,21,S1a
cg10057033,97,S1a
cg06812861,97,S1a
cg22746182,97,S1a
cg05977053,97,S1a
cg00583328,97,S1a
cg09405790,97,S1a
cg26530758,35,S1a
cg05166490,97,S1a
cg17331296,97,S1a
cg19585816,97,S1a
cg19891728,97,S1a
cg20676100,97,S1a
cg01616178,97,S1a
cg19844326,97,S1a
cg18549919,97,S1a
cg23539970,92,S1a
cg21603275,97,S1a
cg02707799,97,S1a
cg05176211,97,S1a
cg21706771,97,S1a
cg14316231,97,S1a
cg01468426,60,S1a
cg19185579,97,S1a
cg17813074,97,S1a
cg16743070,97,S1a
cg15724296,97,S1a
cg10163397,97,S1a
cg20966972,97,S1a
cg05414383,97,S1a
cg12468056,97,S1a
cg15251374,31,S1a
cg04406574,97,S1a
cg13270018,97,S1a
cg26186200,97,S1a
cg03580358,50,S1a
cg00727586,62,S1a
cg04575467,97,S1a
cg21670752,97,S1a
cg07254608,97,S1a
cg15550433,97,S1a
cg10644890,92,S1a
cg26853057,97,S1a
cg16677996,97,S1a
cg01632240,97,S1a
cg18404652,97,S1a
cg20603637,97,S1a
cg03361810,97,S1a
cg07490776,97,S1a
cg04228202,97,S1a
cg14409866,97,S1a
cg26353328,97,S1a
cg22104487,97,S1a
cg08299454,97,S1a
cg26363167,97,S1a
cg16060664,97,S1a
cg13405423,97,S1a
cg27620946,97,S1a
cg26243740,4,S1a
cg13680246,97,S1a
cg17693222,97,S1a
cg01924223,97,S1a
cg09073989,97,S1a
cg17524287,97,S1a
cg24514275,97,S1a
cg12054981,97,S1a
cg17828057,97,S1a
cg11530213,74,S1a
cg01419713,97,S1a
cg18460120,97,S1a
cg09920804,96,S1a
cg22038738,97,S1a
cg00491021,97,S1a
cg04563438,97,S1a
cg12091331,97,S1a
cg13880167,97,S1a
cg03960326,97,S1a
cg18899064,97,S1a
cg23408442,97,S1a
cg00126889,97,S1a
cg26394282,97,S1a
cg16230352,97,S1a
cg11738724,97,S1a
cg14424363,96,S1a
cg22960501,97,S1a
cg22517316,97,S1a
cg14198877,97,S1a
cg08604679,97,S1a
cg12182497,97,S1a
cg04223844,97,S1a
cg11636714,97,S1a
cg04124987,97,S1a
cg05570682,97,S1a
cg09573852,87,S1a
cg09129132,97,S1a
cg17813539,97,S1a
cg11283404,97,S1a
cg13251373,97,S1a
cg07696514,97,S1a
cg01544807,97,S1a
cg25258812,97,S1a
cg20264731,97,S1a
cg18894794,97,S1a
cg23279929,97,S1a
cg10192369,97,S1a
cg14836868,97,S1a
cg11415932,97,S1a
cg07069743,97,S1a
cg25085158,97,S1a
cg09184899,83,S1a
cg01762581,97,S1a
cg06899970,97,S1a
cg16197636,97,S1a
cg00828762,97,S1a
cg09297903,97,S1a
cg02571142,97,S1a
cg21209091,97,S1a
cg16141331,88,S1a
cg17910564,97,S1a
cg17459219,92,S1a
cg03799957,97,S1a
cg18152809,97,S1a
cg06175578,97,S1a
cg26844171,97,S1a
cg25641920,97,S1a
cg18381880,97,S1a
cg00720027,97,S1a
cg16759579,97,S1a
cg00000236,97,S1a
cg23647248,97,S1a
cg01012595,46,S1a
cg11214430,97,S1a
cg06445916,97,S1a
cg20161292,97,S1a
cg02973843,97,S1a
cg15450349,97,S1a
cg05516128,97,S1a
cg13347354,97,S1a
cg25334660,97,S1a
cg03286098,97,S1a
cg26696906,97,S1a
cg00409552,97,S1a
cg21154041,97,S1a
cg04025550,97,S1a
cg10308027,97,S1a
cg03612649,97,S1a
cg10423743,97,S1a
cg24353706,97,S1a
cg18501945,97,S1a
cg14551279,97,S1a
cg05937663,97,S1a
cg03562592,97,S1a
cg20370839,97,S1a
cg05561775,97,S1a
cg15685762,97,S1a
cg18334848,97,S1a
cg17999393,97,S1a
cg09056639,97,S1a
cg11947423,97,S1a
cg21921016,97,S1a
cg14335429,97,S1a
cg15936066,97,S1a
cg22855020,97,S1a
cg10806146,97,S1a
cg00025347,97,S1a
cg19504179,95,S1a
cg21189492,97,S1a
cg24129600,97,S1a
cg09526048,97,S1a
cg14408969,97,S1a
cg23583580,97,S1a
cg01510626,97,S1a
cg07588263,97,S1a
cg12990392,97,S1a
cg08448494,97,S1a
cg06752270,97,S1a
cg16236303,97,S1a
cg25168729,97,S1a
cg22874695,97,S1a
cg02641676,97,S1a
cg09913449,97,S1a
cg16884491,97,S1a
cg10210397,53,S1a
cg18714398,97,S1a
cg02899190,97,S1a
cg12117616,97,S1a
cg02014014,97,S1a
cg25972787,97,S1a
cg25026480,97,S1a
cg06729844,97,S1a
cg27659035,97,S1a
cg00367281,97,S1a
cg20577630,94,S1a
cg06840801,97,S1a
cg24797431,89,S1a
cg02411937,68,S1a
cg23335916,97,S1a
cg07085664,97,S1a
cg20281882,97,S1a
cg10799492,97,S1a
cg20148796,97,S1a
cg19352832,97,S1a
cg06292444,97,S1a
cg16417043,97,S1a
cg20539142,97,S1a
cg07157107,97,S1a
cg27051318,95,S1a
cg06523556,96,S1a
cg07906724,97,S1a
cg06815361,97,S1a
cg26765300,97,S1a
cg22856765,97,S1a
cg11494866,97,S1a
cg21917550,97,S1a
cg25037011,97,S1a
cg13165139,97,S1a
cg17995352,97,S1a
cg12195820,97,S1a
cg02450959,97,S1a
cg20173334,97,S1a
cg24600560,97,S1a
cg15252948,97,S1a
cg22625548,97,S1a
cg03301282,97,S1a
cg03549240,97,S1a
cg23906264,97,S1a
cg10196180,97,S1a
cg23146741,97,S1a
cg01981354,97,S1a
cg01486610,43,S1a
cg17145652,87,S1a
cg13414044,97,S1a
cg13336335,97,S1a
cg19044137,97,S1a
cg22331074,97,S1a
cg08507009,97,S1a
cg16103681,97,S1a
cg10355174,97,S1a
cg27043582,97,S1a
cg04498023,97,S1a
cg00741600,97,S1a
cg20223364,97,S1a
cg12104979,97,S1a
cg09642739,32,S1a
cg14890631,97,S1a
cg21696677,69,S1a
cg05966149,97,S1a
cg12864541,97,S1a
cg15193596,97,S1a
cg15396462,97,S1a
cg19683780,97,S1a
cg13250618,97,S1a
cg02617361,97,S1a
cg08492202,97,S1a
cg07294234,97,S1a
cg25184910,97,S1a
cg19362124,97,S1a
cg19245054,97,S1a
cg07044466,97,S1a
cg00324592,33,S1a
cg13257654,97,S1a
cg12728958,97,S1a
cg07085824,97,S1a
cg23323457,97,S1a
cg25947998,97,S1a
cg25861458,97,S1a
cg16587988,97,S1a
cg23110471,97,S1a
cg15644191,97,S1a
cg01402045,97,S1a
cg22507203,97,S1a
cg23936279,97,S1a
cg27219446,97,S1a
cg15947721,97,S1a
cg00695558,97,S1a
cg03284554,90,S1a
cg20803232,97,S1a
cg11313971,97,S1a
cg16000544,97,S1a
cg15403646,97,S1a
cg01358842,97,S1a
cg13396037,97,S1a
cg24464927,97,S1a
cg18494124,97,S1a
cg01154241,97,S1a
cg00672507,97,S1a
cg12716232,97,S1a
cg06090305,97,S1a
cg24048338,97,S1a
cg13972999,97,S1a
cg21021052,97,S1a
cg13390361,90,S1a
cg00898026,97,S1a
cg06441024,97,S1a
cg04045234,97,S1a
cg01181084,97,S1a
cg10168419,97,S1a
cg09695510,97,S1a
cg11901456,97,S1a
cg18165630,97,S1a
cg05179045,97,S1a
cg25257900,97,S1a
cg23638042,15,S1a
cg04520078,97,S1a
cg11430197,97,S1a
cg13457549,97,S1a
cg08982904,97,S1a
cg12714796,97,S1a
cg03383184,97,S1a
cg19035254,97,S1a
cg01754525,92,S1a
cg11826726,97,S1a
cg03188390,97,S1a
cg15634698,97,S1a
cg06529685,97,S1a
cg04880091,97,S1a
cg21877680,97,S1a
cg23548623,97,S1a
cg10704673,97,S1a
cg11383474,43,S1a
cg00373114,97,S1a
cg01192262,97,S1a
cg00997604,97,S1a
cg24629972,97,S1a
cg16719771,97,S1a
cg00332588,97,S1a
cg00284708,97,S1a
cg01611655,97,S1a
cg02014859,97,S1a
cg16864803,34,S1a
cg16115711,97,S1a
cg17223045,97,S1a
cg04106649,97,S1a
cg09749656,97,S1a
cg15736734,97,S1a
cg15456741,97,S1a
cg11885299,97,S1a
cg10142863,97,S1a
cg24799029,97,S1a
cg02845528,97,S1a
cg18981999,97,S1a
cg09147938,97,S1a
cg11993873,97,S1a
cg19726460,97,S1a
cg25765027,97,S1a
cg09946915,97,S1a
cg24020452,97,S1a
cg10178865,97,S1a
cg10222579,97,S1a
cg01620486,97,S1a
cg16863052,83,S1a
cg13678428,91,S1a
cg23094903,97,S1a
cg11495234,97,S1a
cg17131445,97,S1a
cg07933542,97,S1a
cg17212065,97,S1a
cg15247169,97,S1a
cg25033719,97,S1a
cg06417885,97,S1a
cg17451432,97,S1a
cg19944848,93,S1a
cg16420866,96,S1a
cg00406489,97,S1a
cg24849475,97,S1a
cg11415389,97,S1a
cg06695800,97,S1a
cg26711833,97,S1a
cg09284627,97,S1a
cg07169625,97,S1a
cg10894682,97,S1a
cg03915989,97,S1a
cg21503053,97,S1a
cg17919502,97,S1a
cg24627262,97,S1a
cg20434819,96,S1a
cg08116998,97,S1a
cg04735773,97,S1a
cg01981727,97,S1a
cg16697749,97,S1a
cg19515984,97,S1a
cg18007935,89,S1a
cg03360518,97,S1a
cg14836477,97,S1a
cg17510567,97,S1a
cg17328438,97,S1a
cg17460597,97,S1a
cg19438982,97,S1a
cg18161898,97,S1a
cg03795071,97,S1a
cg09627276,97,S1a
cg25379156,97,S1a
cg00729370,26,S1a
cg11471802,97,S1a
cg05453358,97,S1a
cg03458763,97,S1a
cg09097839,94,S1a
cg07531663,97,S1a
cg12861622,61,S1a
cg07581775,97,S1a
cg04546993,97,S1a
cg08448547,97,S1a
cg02980055,97,S1a
cg07865444,97,S1a
cg18461362,97,S1a
cg05682742,97,S1a
cg11296224,97,S1a
cg05486138,97,S1a
cg06553736,97,S1a
cg12994505,97,S1a
cg10582687,97,S1a
cg00921309,91,S1a
cg14618803,89,S1a
cg03509771,97,S1a
cg21902090,96,S1a
cg03271173,97,S1a
cg15245709,14,S1a
cg24497186,97,S1a
cg08078694,97,S1a
cg17309441,97,S1a
cg05746795,97,S1a
cg02230854,97,S1a
cg16736896,97,S1a
cg04821793,97,S1a
cg13136220,97,S1a
cg04267082,97,S1a
cg25392523,97,S1a
cg20132801,97,S1a
cg05968988,97,S1a
cg24562610,97,S1a
cg01757586,97,S1a
cg23536158,97,S1a
cg00079785,97,S1a
cg12846837,97,S1a
cg04220541,97,S1a
cg17662953,97,S1a
cg13934277,97,S1a
cg16826795,97,S1a
cg03714676,93,S1a
cg14423468,97,S1a
cg14547461,97,S1a
cg13459964,97,S1a
cg18794282,97,S1a
cg14195992,97,S1a
cg26181277,94,S1a
cg02483029,68,S1a
cg04153082,97,S1a
cg21279828,97,S1a
cg18066690,97,S1a
cg07758667,97,S1a
cg16623157,97,S1a
cg00148501,97,S1a
cg01049884,97,S1a
cg27101633,97,S1a
cg08169341,86,S1a
cg08165361,96,S1a
cg05905180,97,S1a
cg20110504,97,S1a
cg03535079,97,S1a
cg04247508,97,S1a
cg08506869,97,S1a
cg20190772,97,S1a
cg25257799,38,S1a
cg00072957,97,S1a
cg18404513,97,S1a
cg03708045,66,S1a
cg20714528,97,S1a
cg02049210,97,S1a
cg25801976,97,S1a
cg24163242,97,S1a
cg19414630,97,S1a
cg00044505,97,S1a
cg14878812,97,S1a
cg11426427,53,S1a
cg04239843,97,S1a
cg16241714,97,S1a
cg13402155,97,S1a
cg18923221,97,S1a
cg22280940,97,S1a
cg06734962,97,S1a
cg17194240,97,S1a
cg23495695,97,S1a
cg21315018,97,S1a
cg01504360,94,S1a
cg06538709,97,S1a
cg13014936,97,S1a
cg19843891,97,S1a
cg22258315,97,S1a
cg24160421,97,S1a
cg09100271,97,S1a
cg18762806,97,S1a
cg09100338,97,S1a
cg08750432,97,S1a
cg11912754,89,S1a
cg09758689,97,S1a
cg26982601,97,S1a
cg12148237,84,S1a
cg22735324,97,S1a
cg14189875,97,S1a
cg17209887,97,S1a
cg14940760,97,S1a
cg04894009,97,S1a
cg22338356,76,S1a
cg07043604,97,S1a
cg05416777,97,S1a
cg18317933,97,S1a
cg20197825,97,S1a
cg02895394,97,S1a
cg01286191,97,S1a
cg27320734,97,S1a
cg17496794,97,S1a
cg21927637,97,S1a
cg02480772,97,S1a
cg02136250,97,S1a
cg23000806,97,S1a
cg04024910,53,S1a
cg23109897,36,S1a
cg11882144,97,S1a
cg17660110,97,S1a
cg24563317,97,S1a
cg00318618,97,S1a
cg22691796,97,S1a
cg24792272,97,S1a
cg07417733,97,S1a
cg09303136,97,S1a
cg11220133,97,S1a
cg05669285,97,S1a
cg16104446,97,S1a
cg05974510,25,S1a
cg20545694,97,S1a
cg25612480,97,S1a
cg11634612,97,S1a
cg01653422,97,S1a
cg19632809,97,S1a
cg07264050,97,S1a
cg02377073,97,S1a
cg13246053,97,S1a
cg10806946,97,S1a
cg14473123,97,S1a
cg21905209,97,S1a
cg26441230,97,S1a
cg24000300,84,S1a
cg23748584,59,S1a
cg11920943,97,S1a
cg16563203,40,S1a
cg04759227,97,S1a
cg18550857,97,S1a
cg03158942,97,S1a
cg24617612,97,S1a
cg27126575,97,S1a
cg17314244,97,S1a
cg11491002,97,S1a
cg09735690,97,S1a
cg18211886,4,S1a
cg05494793,97,S1a
cg17654770,97,S1a
cg27629317,97,S1a
cg21885309,97,S1a
cg05754402,97,S1a
cg20255456,97,S1a
cg21008145,97,S1a
cg21624833,88,S1a
cg16122269,97,S1a
cg08450724,97,S1a
cg07393508,97,S1a
cg14551938,97,S1a
cg22398879,97,S1a
cg13931246,97,S1a
cg10567706,97,S1a
cg18757405,97,S1a
cg15325961,97,S1a
cg13733654,97,S1a
cg15995375,97,S1a
cg27016051,97,S1a
cg03015942,97,S1a
cg07205823,97,S1a
cg05765734,97,S1a
cg11607100,97,S1a
cg10297561,97,S1a
cg15186638,97,S1a
cg08448455,97,S1a
cg07584734,97,S1a
cg08087849,97,S1a
cg26321840,97,S1a
cg18493804,97,S1a
cg26103845,97,S1a
cg08624084,94,S1a
cg01691710,97,S1a
cg03065447,95,S1a
cg10813544,97,S1a
cg25391815,97,S1a
cg22105512,97,S1a
cg22459755,97,S1a
cg19647755,97,S1a
cg25330843,97,S1a
cg03233885,97,S1a
cg27637617,97,S1a
cg11536284,97,S1a
cg00199399,67,S1a
cg02458152,97,S1a
cg02467602,97,S1a
cg08774009,97,S1a
cg21920507,97,S1a
cg12813754,97,S1a
cg23138413,97,S1a
cg14938360,97,S1a
cg00726029,97,S1a
cg19886701,97,S1a
cg13285846,97,S1a
cg14309008,97,S1a
cg02372856,97,S1a
cg23887149,97,S1a
cg11235391,97,S1a
cg22303083,97,S1a
cg16322269,97,S1a
cg10670260,97,S1a
cg04032181,97,S1a
cg06458171,97,S1a
cg14823201,66,S1a
cg22627940,97,S1a
cg21971146,97,S1a
cg04349420,97,S1a
cg21463446,97,S1a
cg00078857,97,S1a
cg03635442,97,S1a
cg08681904,97,S1a
cg05475109,97,S1a
cg23130144,82,S1a
cg15257489,97,S1a
cg04049008,97,S1a
cg14219543,97,S1a
cg10702227,18,S1a
cg04650834,96,S1a
cg26393356,97,S1a
cg06043908,97,S1a
cg19414967,97,S1a
cg27038634,97,S1a
cg14095438,97,S1a
cg20527270,97,S1a
cg04920358,97,S1a
cg18991611,97,S1a
cg14907769,97,S1a
cg10826197,97,S1a
cg20564283,91,S1a
cg09266602,97,S1a
cg25673784,97,S1a
cg00634483,13,S1a
cg23790689,90,S1a
cg03911745,97,S1a
cg23055217,97,S1a
cg05514903,97,S1a
cg11948766,97,S1a
cg00068428,97,S1a
cg03137071,97,S1a
cg05689208,97,S1a
cg25538571,97,S1a
cg03167883,97,S1a
cg26965897,97,S1a
cg19913626,97,S1a
cg09405635,97,S1a
cg23402467,97,S1a
cg15837830,97,S1a
cg19185414,97,S1a
cg23780146,96,S1a
cg08951452,97,S1a
cg10828561,97,S1a
cg17919004,97,S1a
cg24884444,97,S1a
cg16100845,35,S1a
cg16861017,90,S1a
cg17516571,92,S1a
cg10406414,97,S1a
cg17496421,97,S1a
cg21854617,97,S1a
cg11551464,97,S1a
cg22564433,97,S1a
cg12743248,95,S1a
cg02098075,97,S1a
cg25457832,97,S1a
cg15397374,97,S1a
cg22836229,97,S1a
cg08258526,97,S1a
cg11469098,97,S1a
cg23562261,97,S1a
cg11868900,97,S1a
cg25342894,97,S1a
cg16571825,97,S1a
cg18041435,97,S1a
cg20049427,97,S1a
cg10182421,97,S1a
cg25647300,97,S1a
cg01451808,26,S1a
cg26766403,97,S1a
cg27279876,97,S1a
cg04234758,97,S1a
cg09608534,97,S1a
cg11886639,95,S1a
cg03490289,97,S1a
cg08218944,88,S1a
cg20977769,97,S1a
cg16318412,97,S1a
cg00989986,97,S1a
cg24498760,97,S1a
cg03385495,97,S1a
cg09527680,97,S1a
cg24665368,97,S1a
cg04685442,97,S1a
cg25628898,97,S1a
cg05631737,97,S1a
cg01449144,97,S1a
cg08790269,97,S1a
cg06076277,97,S1a
cg00301660,97,S1a
cg23398047,97,S1a
cg18891824,97,S1a
cg13372658,97,S1a
cg00120416,96,S1a
cg13457462,97,S1a
cg00413838,92,S1a
cg06034711,97,S1a
cg05072559,94,S1a
cg21430465,97,S1a
cg11905324,97,S1a
cg16145857,85,S1a
cg03392960,97,S1a
cg25368085,97,S1a
cg06362966,97,S1a
cg08737241,97,S1a
cg22283653,95,S1a
cg15834993,60,S1a
cg06576021,5,S1a
cg08674885,97,S1a
cg22767166,63,S1a
cg00116554,90,S1a
cg04226714,97,S1a
cg24593475,97,S1a
cg19085463,97,S1a
cg23277389,97,S1a
cg09881855,97,S1a
cg24783322,97,S1a
cg10861897,97,S1a
cg05063520,97,S1a
cg14676272,97,S1a
cg19808847,97,S1a
cg10724928,82,S1a
cg18121981,97,S1a
cg21139227,97,S1a
cg22010957,97,S1a
cg21163714,97,S1a
cg22487912,97,S1a
cg06027112,97,S1a
cg26722577,97,S1a
cg00000948,97,S1a
cg00325661,97,S1a
cg06598461,97,S1a
cg08374859,67,S1a
cg25439632,97,S1a
cg04291404,76,S1a
cg22129180,97,S1a
cg26170133,97,S1a
cg00301902,72,S1a
cg16454426,97,S1a
cg11219614,97,S1a
cg10851715,97,S1a
cg12137156,97,S1a
cg07463848,97,S1a
cg11392848,88,S1a
cg19991723,97,S1a
cg24558389,97,S1a
cg21129670,97,S1a
cg25998813,97,S1a
cg20478811,97,S1a
cg05369766,97,S1a
cg22026150,97,S1a
cg04418647,97,S1a
cg10951117,83,S1a
cg16883726,97,S1a
cg03764134,97,S1a
cg10215185,68,S1a
cg18530299,97,S1a
cg03504245,97,S1a
cg01133433,97,S1a
cg20334313,97,S1a
cg10767350,97,S1a
cg03759824,97,S1a
cg03080142,97,S1a
cg25086136,97,S1a
cg07854547,97,S1a
cg22095914,97,S1a
cg08954417,97,S1a
cg08896053,97,S1a
cg07739205,97,S1a
cg06248179,97,S1a
cg08265769,97,S1a
cg15585987,97,S1a
cg25042465,60,S1a
cg18219713,96,S1a
cg14001858,97,S1a
cg05075517,83,S1a
cg01674761,97,S1a
cg26969786,97,S1a
cg12271797,97,S1a
cg08909914,74,S1a
cg00139517,97,S1a
cg21177502,20,S1a
cg04495993,97,S1a
cg07235577,97,S1a
cg23046386,97,S1a
cg14291467,90,S1a
cg05890062,97,S1a
cg17070935,97,S1a
cg27465357,97,S1a
cg27532331,97,S1a
cg13264850,97,S1a
cg08129420,92,S1a
cg17991843,97,S1a
cg09548390,32,S1a
cg24522339,97,S1a
cg11408771,93,S1a
cg16842017,97,S1a
cg25996148,97,S1a
cg10759983,97,S1a
cg21803661,97,S1a
cg04055693,93,S1a
cg00046623,97,S1a
cg10074413,97,S1a
cg13274978,97,S1a
cg09051663,97,S1a
cg17477795,97,S1a
cg00269553,97,S1a
cg20073313,97,S1a
cg13372743,97,S1a
cg27057652,97,S1a
cg23973272,97,S1a
cg03371609,97,S1a
cg26672652,97,S1a
cg09723536,97,S1a
cg06626135,97,S1a
cg14533298,97,S1a
cg04325301,87,S1a
cg02090805,97,S1a
cg21514857,96,S1a
cg22653915,97,S1a
cg13492337,97,S1a
cg24946253,97,S1a
cg20480642,97,S1a
cg10126372,97,S1a
cg22859585,97,S1a
cg25164777,96,S1a
cg06290827,97,S1a
cg20567355,93,S1a
cg21285555,97,S1a
cg25335107,97,S1a
cg03835158,97,S1a
cg26969652,93,S1a
cg00836007,82,S1a
cg04544196,97,S1a
cg19883017,73,S1a
cg10444530,97,S1a
cg27631621,97,S1a
cg04476414,97,S1a
cg09634226,97,S1a
cg05412843,97,S1a
cg00994411,97,S1a
cg17331254,97,S1a
cg08491805,97,S1a
cg04220930,97,S1a
cg26275360,97,S1a
cg24990283,97,S1a
cg04849180,95,S1a
cg01211165,97,S1a
cg21086940,97,S1a
cg19187616,96,S1a
cg02020483,97,S1a
cg02356551,97,S1a
cg26400830,97,S1a
cg24261234,97,S1a
cg18563812,97,S1a
cg14090389,97,S1a
cg13846675,97,S1a
cg17159699,96,S1a
cg16725225,97,S1a
cg10415442,97,S1a
cg22336337,97,S1a
cg10144863,93,S1a
cg01920980,97,S1a
cg14965368,97,S1a
cg24555763,93,S1a
cg05421097,97,S1a
cg02231767,97,S1a
cg01969759,97,S1a
cg03693069,97,S1a
cg20259981,97,S1a
cg04285019,97,S1a
cg10923561,97,S1a
cg18061579,97,S1a
cg10069691,97,S1a
cg09729387,97,S1a
cg15905979,92,S1a
cg12718579,97,S1a
cg04065304,97,S1a
cg27649037,97,S1a
cg00160302,97,S1a
cg01923473,97,S1a
cg06691343,97,S1a
cg11283776,97,S1a
cg14321539,97,S1a
cg14689479,97,S1a
cg21737226,97,S1a
cg02504902,97,S1a
cg27264390,97,S1a
cg07328565,97,S1a
cg11068558,97,S1a
cg21452071,97,S1a
cg02364855,97,S1a
cg12975390,97,S1a
cg27617058,97,S1a
cg26769435,97,S1a
cg07055311,97,S1a
cg16424196,97,S1a
cg10809485,86,S1a
cg16198103,96,S1a
cg26373716,96,S1a
cg08584868,97,S1a
cg05594525,97,S1a
cg18788741,97,S1a
cg05421564,97,S1a
cg17189568,97,S1a
cg22862746,97,S1a
cg09442654,97,S1a
cg10094616,97,S1a
cg07076175,97,S1a
cg13451025,97,S1a
cg02490516,97,S1a
cg17162024,97,S1a
cg05965392,97,S1a
cg26021627,97,S1a
cg16308286,97,S1a
cg20202760,97,S1a
cg11936809,97,S1a
cg18264719,93,S1a
cg07349777,97,S1a
cg16683080,97,S1a
cg08517799,96,S1a
cg17481012,89,S1a
cg08573701,97,S1a
cg10992219,93,S1a
cg15973818,97,S1a
cg12259918,97,S1a
cg07095459,97,S1a
cg00449899,97,S1a
cg21991830,97,S1a
cg08217239,97,S1a
cg01068452,97,S1a
cg22122414,97,S1a
cg17597744,97,S1a
cg07611812,97,S1a
cg20890156,97,S1a
cg02709211,97,S1a
cg04229238,97,S1a
cg27476810,97,S1a
cg26205771,97,S1a
cg07629017,97,S1a
cg24857620,50,S1a
cg16330450,97,S1a
cg02115041,97,S1a
cg15531403,97,S1a
cg01559663,97,S1a
cg07770968,97,S1a
cg02237470,97,S1a
cg18755296,97,S1a
cg06528306,97,S1a
cg21001487,97,S1a
cg02640612,97,S1a
cg24120696,97,S1a
cg09391333,97,S1a
cg08571883,97,S1a
cg26025543,93,S1a
cg07075268,42,S1a
cg24027477,97,S1a
cg11641410,97,S1a
cg16148956,97,S1a
cg11939488,97,S1a
cg20549250,97,S1a
cg08262584,97,S1a
cg11593457,97,S1a
cg25179685,97,S1a
cg05027549,97,S1a
cg27516302,97,S1a
cg10095242,97,S1a
cg06808751,97,S1a
cg11701471,97,S1a
cg25990647,97,S1a
cg07303244,97,S1a
cg13405783,97,S1a
cg09999109,97,S1a
cg25614094,97,S1a
cg16491617,97,S1a
cg09816500,97,S1a
cg01281904,97,S1a
cg01451489,97,S1a
cg01588250,97,S1a
cg18328168,97,S1a
cg14921884,97,S1a
cg03900378,97,S1a
cg17489750,97,S1a
cg05778278,97,S1a
cg04568264,97,S1a
cg08131003,97,S1a
cg22002176,97,S1a
cg25597531,97,S1a
cg12485204,97,S1a
cg01715818,97,S1a
cg24539402,97,S1a
cg19536281,97,S1a
cg00910586,44,S1a
cg17316073,95,S1a
cg27269164,85,S1a
cg17779384,97,S1a
cg05483021,96,S1a
cg22973468,97,S1a
cg01887995,97,S1a
cg06708255,97,S1a
cg04489740,97,S1a
cg14088325,97,S1a
cg02133430,97,S1a
cg16491103,97,S1a
cg10225865,97,S1a
cg03996861,97,S1a
cg05903927,97,S1a
cg19864705,97,S1a
cg10333144,97,S1a
cg00328523,97,S1a
cg19779712,97,S1a
cg14436056,46,S1a
cg20421672,97,S1a
cg09924241,97,S1a
cg26388599,97,S1a
cg22537964,97,S1a
cg11050527,97,S1a
cg18518909,97,S1a
cg00550558,97,S1a
cg24926872,97,S1a
cg04000159,97,S1a
cg15646900,97,S1a
cg06067493,97,S1a
cg02708898,97,S1a
cg22300819,97,S1a
cg11692369,97,S1a
cg04263685,97,S1a
cg01618530,97,S1a
cg06996663,97,S1a
cg25081985,97,S1a
cg25283565,97,S1a
cg06557606,97,S1a
cg18835815,97,S1a
cg12047375,97,S1a
cg17292662,97,S1a
cg00582628,97,S1a
cg05628160,97,S1a
cg22343083,97,S1a
cg00034604,97,S1a
cg03475285,97,S1a
cg12070159,97,S1a
cg03348397,97,S1a
cg24645214,97,S1a
cg22349506,96,S1a
cg27106513,97,S1a
cg17783401,97,S1a
cg20979233,96,S1a
cg00634665,93,S1a
cg18049571,97,S1a
cg02416510,97,S1a
cg02639634,97,S1a
cg07124686,97,S1a
cg10205753,97,S1a
cg10341556,97,S1a
cg18245660,97,S1a
cg01450642,97,S1a
cg04761198,97,S1a
cg02739708,97,S1a
cg02779564,97,S1a
cg12164472,97,S1a
cg05868512,97,S1a
cg13072625,97,S1a
cg10299383,97,S1a
cg17932193,97,S1a
cg03935448,46,S1a
cg18428201,97,S1a
cg16319136,97,S1a
cg21845478,97,S1a
cg06932776,97,S1a
cg11993173,71,S1a
cg05030961,97,S1a
cg18894521,97,S1a
cg12277366,97,S1a
cg12737801,93,S1a
cg11008690,97,S1a
cg26358945,97,S1a
cg01677098,97,S1a
cg23569945,97,S1a
cg26181865,97,S1a
cg06047473,97,S1a
cg11530293,97,S1a
cg11787876,97,S1a
cg12850379,95,S1a
cg15680470,97,S1a
cg17640859,97,S1a
cg07669234,43,S1a
cg20400361,97,S1a
cg00327506,97,S1a
cg24144687,97,S1a
cg01334437,97,S1a
cg03412310,97,S1a
cg19906599,97,S1a
cg18799069,97,S1a
cg20916578,97,S1a
cg12800600,97,S1a
cg15825532,97,S1a
cg24690069,85,S1a
cg07335376,97,S1a
cg05595134,97,S1a
cg06369261,97,S1a
cg16889368,97,S1a
cg27026926,97,S1a
cg24665761,97,S1a
cg10389722,97,S1a
cg08579916,97,S1a
cg19897251,97,S1a
cg12096656,97,S1a
cg16129797,97,S1a
cg09895187,97,S1a
cg16773294,58,S1a
cg13602461,97,S1a
cg11783602,97,S1a
cg06042504,89,S1a
cg20636351,97,S1a
cg18036535,97,S1a
cg18172013,97,S1a
cg24706188,97,S1a
cg21449463,58,S1a
cg13320436,97,S1a
cg13438032,97,S1a
cg00063246,97,S1a
cg23639120,97,S1a
cg11645465,97,S1a
cg20801711,97,S1a
cg19413417,97,S1a
cg26848524,97,S1a
cg13242160,97,S1a
cg07664990,97,S1a
cg24039394,95,S1a
cg10239077,97,S1a
cg13115952,83,S1a
cg04329433,21,S1a
cg21910355,97,S1a
cg16713687,97,S1a
cg20518155,97,S1a
cg22048474,97,S1a
cg08009211,97,S1a
cg22527793,97,S1a
cg11787346,97,S1a
cg13866527,97,S1a
cg02898665,35,S1a
cg09626193,97,S1a
cg03329976,97,S1a
cg15710198,97,S1a
cg24928391,97,S1a
cg24891539,97,S1a
cg04672706,97,S1a
cg11214140,97,S1a
cg15186181,97,S1a
cg02919422,97,S1a
cg26059468,97,S1a
cg00123055,97,S1a
cg08044097,97,S1a
cg15377283,94,S1a
cg16830930,97,S1a
cg02222728,97,S1a
cg24150172,97,S1a
cg12883523,97,S1a
cg25923240,97,S1a
cg17073708,97,S1a
cg03560957,7,S1a
cg02906476,96,S1a
cg03087912,97,S1a
cg13564533,97,S1a
cg06616729,97,S1a
cg05511722,97,S1a
cg15427886,97,S1a
cg00688447,97,S1a
cg17993900,97,S1a
cg06798106,95,S1a
cg08005165,97,S1a
cg00675037,94,S1a
cg13425391,97,S1a
cg05254590,97,S1a
cg02541778,97,S1a
cg27027827,96,S1a
cg07516742,97,S1a
cg16668520,72,S1a
cg19005830,91,S1a
cg20180562,97,S1a
cg04013650,65,S1a
cg06463424,28,S1a
cg13599734,97,S1a
cg06831965,67,S1a
cg06704573,97,S1a
cg00202568,96,S1a
cg22340475,97,S1a
cg05520465,97,S1a
cg03546668,97,S1a
cg18794475,97,S1a
cg07092985,97,S1a
cg10993470,97,S1a
cg22535729,97,S1a
cg08092111,97,S1a
cg24388251,97,S1a
cg14331720,97,S1a
cg01651915,71,S1a
cg00923934,97,S1a
cg20543651,97,S1a
cg08417620,97,S1a
cg09388605,97,S1a
cg09524907,97,S1a
cg20948997,97,S1a
cg12751432,97,S1a
cg02509825,97,S1a
cg03751030,97,S1a
cg16939364,97,S1a
cg06868946,97,S1a
cg13448793,97,S1a
cg02129712,97,S1a
cg07456815,97,S1a
cg09443388,46,S1a
cg19886365,97,S1a
cg09075515,97,S1a
cg23148546,97,S1a
cg21204492,96,S1a
cg04046889,97,S1a
cg05414135,97,S1a
cg07241908,97,S1a
cg14552904,81,S1a
cg16312101,97,S1a
cg26898869,97,S1a
cg20437660,97,S1a
cg11782409,97,S1a
cg08772345,97,S1a
cg09334541,97,S1a
cg19887883,71,S1a
cg06983174,95,S1a
cg22990430,96,S1a
cg24174665,97,S1a
cg04175417,97,S1a
cg00887902,97,S1a
cg27506254,96,S1a
cg25188238,97,S1a
cg19396360,97,S1a
cg01525428,94,S1a
cg01542899,97,S1a
cg16013223,97,S1a
cg08259755,97,S1a
cg01759114,97,S1a
cg04063339,97,S1a
cg14649589,90,S1a
cg27469094,97,S1a
cg12636447,97,S1a
cg22525251,97,S1a
cg18198743,82,S1a
cg10453040,97,S1a
cg05647005,97,S1a
cg27127705,97,S1a
cg21889116,97,S1a
cg12444845,97,S1a
cg22014737,97,S1a
cg03004552,97,S1a
cg09491281,97,S1a
cg21041329,97,S1a
cg12044295,97,S1a
cg10944437,97,S1a
cg10485472,97,S1a
cg03274117,55,S1a
cg14591655,97,S1a
cg20677078,88,S1a
cg15642885,97,S1a
cg11862779,97,S1a
cg05904213,97,S1a
cg08080660,97,S1a
cg17217741,32,S1a
cg03973663,97,S1a
cg17806401,97,S1a
cg05997362,97,S1a
cg02410887,97,S1a
cg06288821,97,S1a
cg08894788,97,S1a
cg23411725,97,S1a
cg23055315,97,S1a
cg01583099,97,S1a
cg09047471,97,S1a
cg12929040,97,S1a
cg06880721,97,S1a
cg12531953,97,S1a
cg04363768,97,S1a
cg06818377,55,S1a
cg03659680,44,S1a
cg05973028,59,S1a
cg21301224,97,S1a
cg27004182,97,S1a
cg11982546,97,S1a
cg04132540,97,S1a
cg03388786,97,S1a
cg06248767,97,S1a
cg03359337,97,S1a
cg13475877,97,S1a
cg02508743,97,S1a
cg08621168,97,S1a
cg24856456,97,S1a
cg26209487,97,S1a
cg06249953,97,S1a
cg01758539,93,S1a
cg00864458,97,S1a
cg19615789,97,S1a
cg21262094,97,S1a
cg26371346,97,S1a
cg08715431,95,S1a
cg04187545,95,S1a
cg07878378,97,S1a
cg00620445,97,S1a
cg15661450,97,S1a
cg04420878,97,S1a
cg23139584,95,S1a
cg13910583,97,S1a
cg17148988,97,S1a
cg24525967,97,S1a
cg02544317,97,S1a
cg15836635,97,S1a
cg10102762,97,S1a
cg22411207,97,S1a
cg22130262,97,S1a
cg00931742,86,S1a
cg00636390,97,S1a
cg03262627,89,S1a
cg04889069,97,S1a
cg08415582,97,S1a
cg18041277,86,S1a
cg08923114,65,S1a
cg08576308,75,S1a
cg16858472,97,S1a
cg22528076,76,S1a
cg02182795,97,S1a
cg11071231,97,S1a
cg16504626,97,S1a
cg22682682,20,S1a
cg07136641,97,S1a
cg00597128,56,S1a
cg14284907,97,S1a
cg20909773,97,S1a
cg16732939,87,S1a
cg21448513,97,S1a
cg09704885,94,S1a
cg01994308,40,S1a
cg15456925,97,S1a
cg14322403,97,S1a
cg11952433,97,S1a
cg11321895,97,S1a
cg22146484,97,S1a
cg13208732,97,S1a
cg02389064,97,S1a
cg26115370,97,S1a
cg17082640,97,S1a
cg16790374,97,S1a
cg02141358,97,S1a
cg00367515,97,S1a
cg19776515,97,S1a
cg21700532,97,S1a
cg08210342,97,S1a
cg25986105,97,S1a
cg13573276,97,S1a
cg21488289,97,S1a
cg16683508,95,S1a
cg10700380,92,S1a
cg09038599,36,S1a
cg16232698,97,S1a
cg05305140,61,S1a
cg18140857,97,S1a
cg16425566,97,S1a
cg05553829,97,S1a
cg27468419,96,S1a
cg14220224,61,S1a
cg08188069,96,S1a
cg11905850,97,S1a
cg08706317,97,S1a
cg11919837,97,S1a
cg17761419,97,S1a
cg07776626,97,S1a
cg21220214,95,S1a
cg09654669,97,S1a
cg19413350,97,S1a
cg10136240,97,S1a
cg00468400,97,S1a
cg04127342,97,S1a
cg22848150,97,S1a
cg19414741,97,S1a
cg12877723,97,S1a
cg04598121,97,S1a
cg21694941,97,S1a
cg03483150,97,S1a
cg04612444,97,S1a
cg24645221,97,S1a
cg06066137,97,S1a
cg10397440,97,S1a
cg19149681,97,S1a
cg11060276,97,S1a
cg27531336,97,S1a
cg07080864,97,S1a
cg09015433,97,S1a
cg23350294,97,S1a
cg03650233,97,S1a
cg16219603,97,S1a
cg16419235,97,S1a
cg16072688,97,S1a
cg11610346,97,S1a
cg16867023,87,S1a
cg00031722,97,S1a
cg00269817,97,S1a
cg01163994,97,S1a
cg23144445,97,S1a
cg26720452,97,S1a
cg02297967,97,S1a
cg10348972,97,S1a
cg21752469,75,S1a
cg26290391,97,S1a
cg14970186,86,S1a
cg26896472,97,S1a
cg10342016,97,S1a
cg02618555,97,S1a
cg10649802,97,S1a
cg07887753,88,S1a
cg18449243,96,S1a
cg11562225,97,S1a
cg22912485,97,S1a
cg25458034,97,S1a
cg07545627,97,S1a
cg14234680,97,S1a
cg13286318,97,S1a
cg03001457,97,S1a
cg00197636,97,S1a
cg10651600,97,S1a
cg23905419,97,S1a
cg03732295,93,S1a
cg18805894,94,S1a
cg09102447,72,S1a
cg23138560,30,S1a
cg08187736,97,S1a
cg11670174,97,S1a
cg09858108,97,S1a
cg20607798,97,S1a
cg11062466,97,S1a
cg08219700,97,S1a
cg21724239,97,S1a
cg08677398,97,S1a
cg08449448,97,S1a
cg09559672,97,S1a
cg03587650,79,S1a
cg26628279,97,S1a
cg21539981,97,S1a
cg24335456,97,S1a
cg15652116,97,S1a
cg26174226,97,S1a
cg08087668,97,S1a
cg07350421,97,S1a
cg01695620,97,S1a
cg15921980,97,S1a
cg15690180,97,S1a
cg23782820,97,S1a
cg10071035,97,S1a
cg06250841,97,S1a
cg21448741,97,S1a
cg01664267,97,S1a
cg17330388,97,S1a
cg04160749,97,S1a
cg08035479,97,S1a
cg25937216,97,S1a
cg11193419,97,S1a
cg09413498,97,S1a
cg01232121,97,S1a
cg10765655,77,S1a
cg17928819,97,S1a
cg13458255,97,S1a
cg01721255,97,S1a
cg03912094,97,S1a
cg09081590,97,S1a
cg16823305,97,S1a
cg10525134,97,S1a
cg13403967,97,S1a
cg17668158,97,S1a
cg22535103,97,S1a
cg24829409,97,S1a
cg05313129,97,S1a
cg14926445,97,S1a
cg10761364,97,S1a
cg20159101,97,S1a
cg21652803,97,S1a
cg14628343,97,S1a
cg13061124,82,S1a
cg05237114,97,S1a
cg15423872,87,S1a
cg02505871,97,S1a
cg19502867,97,S1a
cg26294667,97,S1a
cg17151990,97,S1a
cg04400337,97,S1a
cg20702559,97,S1a
cg14228614,96,S1a
cg08461352,77,S1a
cg11830605,97,S1a
cg07394259,44,S1a
cg20982675,97,S1a
cg23402986,97,S1a
cg05320424,97,S1a
cg13711238,33,S1a
cg26369642,97,S1a
cg09379188,76,S1a
cg00889709,97,S1a
cg04043052,97,S1a
cg13247663,97,S1a
cg12615766,97,S1a
cg12219325,97,S1a
cg23881926,97,S1a
cg01602153,97,S1a
cg15948851,97,S1a
cg14012365,97,S1a
cg08274876,97,S1a
cg12642622,97,S1a
cg17563088,97,S1a
cg04166238,97,S1a
cg03727192,97,S1a
cg00028299,94,S1a
cg19678968,97,S1a
cg22565623,96,S1a
cg21287347,97,S1a
cg27280266,97,S1a
cg26325734,97,S1a
cg19281809,97,S1a
cg10935069,97,S1a
cg23552192,94,S1a
cg26969167,97,S1a
cg01643628,97,S1a
cg07780777,97,S1a
cg24535665,97,S1a
cg24111137,97,S1a
cg12039314,97,S1a
cg13581974,90,S1a
cg10896683,97,S1a
cg12010995,97,S1a
cg25634507,27,S1a
cg03929043,97,S1a
cg20052227,97,S1a
cg02896624,97,S1a
cg17984783,97,S1a
cg26656684,97,S1a
cg11550426,97,S1a
cg27280034,97,S1a
cg06294637,97,S1a
cg07798892,97,S1a
cg20848390,97,S1a
cg02103294,97,S1a
cg12046629,97,S1a
cg17197774,24,S1a
cg13321176,97,S1a
cg19793207,97,S1a
cg23914026,94,S1a
cg25874782,57,S1a
cg01288611,78,S1a
cg17153382,97,S1a
cg16233036,73,S1a
cg00045061,97,S1a
cg14482953,97,S1a
cg19963313,97,S1a
cg19401948,97,S1a
cg00347824,97,S1a
cg20150135,97,S1a
cg00920231,97,S1a
cg01774419,97,S1a
cg04993564,97,S1a
cg27278234,97,S1a
cg10196289,97,S1a
cg17885579,97,S1a
cg12848220,97,S1a
cg17377690,97,S1a
cg03349118,97,S1a
cg04902851,39,S1a
cg20239949,97,S1a
cg17691156,95,S1a
cg09441820,97,S1a
cg10946404,97,S1a
cg11413576,97,S1a
cg24609101,97,S1a
cg25766247,97,S1a
cg26556530,97,S1a
cg12171866,97,S1a
cg09643139,77,S1a
cg10758454,97,S1a
cg05901852,97,S1a
cg10278520,97,S1a
cg07735998,63,S1a
cg23920047,97,S1a
cg07426533,77,S1a
cg01427849,97,S1a
cg15735721,97,S1a
cg00715122,97,S1a
cg05740655,96,S1a
cg00432369,80,S1a
cg12120845,97,S1a
cg00251767,97,S1a
cg06779553,97,S1a
cg22641280,97,S1a
cg19003304,97,S1a
cg15686334,97,S1a
cg24158594,97,S1a
cg11542224,97,S1a
cg02196694,97,S1a
cg11050859,97,S1a
cg25403152,97,S1a
cg24334304,97,S1a
cg08246494,97,S1a
cg27028168,97,S1a
cg13467254,97,S1a
cg27496650,97,S1a
cg01981601,97,S1a
cg11559731,97,S1a
cg02085701,97,S1a
cg02892925,97,S1a
cg07211044,97,S1a
cg23791718,96,S1a
cg24998197,97,S1a
cg06419601,89,S1a
cg13601957,97,S1a
cg13076441,96,S1a
cg27397114,96,S1a
cg26140802,97,S1a
cg25626936,96,S1a
cg25335258,63,S1a
cg07270021,97,S1a
cg15654892,95,S1a
cg13972117,97,S1a
cg00564465,97,S1a
cg22628709,91,S1a
cg01658277,97,S1a
cg10284656,97,S1a
cg03336500,96,S1a
cg25611796,97,S1a
cg20321319,97,S1a
cg27135989,97,S1a
cg21633026,97,S1a
cg08949656,97,S1a
cg13723731,97,S1a
cg26993311,74,S1a
cg16288617,62,S1a
cg15711016,47,S1a
cg24545461,97,S1a
cg00994693,97,S1a
cg05578989,97,S1a
cg09698548,97,S1a
cg12538248,97,S1a
cg20910102,97,S1a
cg14898260,97,S1a
cg08919494,97,S1a
cg08623062,97,S1a
cg12149911,97,S1a
cg10796022,97,S1a
cg23337086,97,S1a
cg06027807,97,S1a
cg16970604,97,S1a
cg09133892,97,S1a
cg21514735,97,S1a
cg21544713,97,S1a
cg10442355,97,S1a
cg20091636,97,S1a
cg22307331,48,S1a
cg13353574,97,S1a
cg12095167,43,S1a
cg11344692,97,S1a
cg05478295,97,S1a
cg03387353,97,S1a
cg09460369,97,S1a
cg16810519,97,S1a
cg26291818,97,S1a
cg17176395,97,S1a
cg10822418,97,S1a
cg27048566,97,S1a
cg01797162,97,S1a
cg13296485,96,S1a
cg14839134,97,S1a
cg20710138,97,S1a
cg21205855,91,S1a
cg24805384,97,S1a
cg06563451,97,S1a
cg24188708,97,S1a
cg02794174,97,S1a
cg22434674,97,S1a
cg12485212,97,S1a
cg03139840,97,S1a
cg26626729,97,S1a
cg26634375,94,S1a
cg07151059,94,S1a
cg12164922,97,S1a
cg15251124,97,S1a
cg07847949,75,S1a
cg24990978,68,S1a
cg22534617,97,S1a
cg17675125,97,S1a
cg16143176,97,S1a
cg22648811,97,S1a
cg17691662,97,S1a
cg03275056,93,S1a
cg14041100,97,S1a
cg16287791,97,S1a
cg19567052,97,S1a
cg04463722,97,S1a
cg05258489,97,S1a
cg05575639,56,S1a
cg06806638,43,S1a
cg25622802,97,S1a
cg10757989,97,S1a
cg15330067,97,S1a
cg02796478,97,S1a
cg26441877,97,S1a
cg12844324,97,S1a
cg20648501,97,S1a
cg09893100,97,S1a
cg07228241,97,S1a
cg26223336,97,S1a
cg22986770,97,S1a
cg07050692,97,S1a
cg21340143,97,S1a
cg25035059,92,S1a
cg25578728,69,S1a
cg09941713,97,S1a
cg15591930,97,S1a
cg19525418,97,S1a
cg11676546,97,S1a
cg14719959,97,S1a
cg08473660,97,S1a
cg25011252,97,S1a
cg27519392,97,S1a
cg22822599,97,S1a
cg25014229,97,S1a
cg03504018,97,S1a
cg03598366,97,S1a
cg13568432,97,S1a
cg23625106,97,S1a
cg10420756,97,S1a
cg26460578,97,S1a
cg04173396,85,S1a
cg17498803,97,S1a
cg22340072,97,S1a
cg26295808,97,S1a
cg20904475,97,S1a
cg06011086,97,S1a
cg18808929,45,S1a
cg02185160,97,S1a
cg06626168,97,S1a
cg20193839,97,S1a
cg06554036,97,S1a
cg02018681,97,S1a
cg10494639,97,S1a
cg26499663,97,S1a
cg06555959,97,S1a
cg15920791,97,S1a
cg06445016,97,S1a
cg00262030,97,S1a
cg24999588,97,S1a
cg24800616,97,S1a
cg17922998,97,S1a
cg13340746,97,S1a
cg12635848,90,S1a
cg25555549,97,S1a
cg04882213,97,S1a
cg12171761,97,S1a
cg26157756,97,S1a
cg03753942,97,S1a
cg17753021,97,S1a
cg19783015,97,S1a
cg19411952,93,S1a
cg08599672,82,S1a
cg02725259,97,S1a
cg19842441,97,S1a
cg08318076,97,S1a
cg12837869,97,S1a
cg21664504,97,S1a
cg23881385,97,S1a
cg18509524,97,S1a
cg22720482,97,S1a
cg15687300,97,S1a
cg03263337,42,S1a
cg18327061,75,S1a
cg21088983,97,S1a
cg23326228,97,S1a
cg22915732,97,S1a
cg01405761,97,S1a
cg13437307,26,S1a
cg26842720,97,S1a
cg17295864,97,S1a
cg16648094,96,S1a
cg18006411,81,S1a
cg10940942,97,S1a
cg13893459,97,S1a
cg06068338,66,S1a
cg00168967,93,S1a
cg04619120,64,S1a
cg18893025,97,S1a
cg10606061,96,S1a
cg02080319,97,S1a
cg05142030,97,S1a
cg05696731,97,S1a
cg06251670,97,S1a
cg11390489,97,S1a
cg20903136,97,S1a
cg08289323,97,S1a
cg03961580,97,S1a
cg25080348,97,S1a
cg00343433,97,S1a
cg12817389,97,S1a
cg10584100,94,S1a
cg14266248,97,S1a
cg07538204,97,S1a
cg05260469,97,S1a
cg07118376,96,S1a
cg04333463,97,S1a
cg16050784,97,S1a
cg13579374,97,S1a
cg06619076,97,S1a
cg17066716,97,S1a
cg14405873,97,S1a
cg15079268,97,S1a
cg08236468,97,S1a
cg01141645,97,S1a
cg04958191,97,S1a
cg24331722,97,S1a
cg26922511,97,S1a
cg09092280,97,S1a
cg18995788,97,S1a
cg21249214,82,S1a
cg15711246,97,S1a
cg03779660,97,S1a
cg06571090,97,S1a
cg12620185,97,S1a
cg11848882,97,S1a
cg13380112,97,S1a
cg07926952,97,S1a
cg12983042,97,S1a
cg10660426,97,S1a
cg26483235,91,S1a
cg19862964,97,S1a
cg01752041,97,S1a
cg05230316,97,S1a
cg11558576,97,S1a
cg20914900,97,S1a
cg04907070,97,S1a
cg04421583,97,S1a
cg01211424,94,S1a
cg03517476,97,S1a
cg08118241,97,S1a
cg09525112,97,S1a
cg25966705,97,S1a
cg02071162,91,S1a
cg16423028,97,S1a
cg01509237,81,S1a
cg23042034,97,S1a
cg22389279,97,S1a
cg01458228,97,S1a
cg17484036,97,S1a
cg24316515,97,S1a
cg21498772,97,S1a
cg01906015,97,S1a
cg08855288,97,S1a
cg15858239,97,S1a
cg11231949,97,S1a
cg06410746,97,S1a
cg21248274,97,S1a
cg26978976,91,S1a
cg16853787,97,S1a
cg21191241,97,S1a
cg10819004,97,S1a
cg10632971,97,S1a
cg07592254,97,S1a
cg24817216,97,S1a
cg26035689,95,S1a
cg24340081,97,S1a
cg16998223,97,S1a
cg21047695,94,S1a
cg26385897,97,S1a
cg08274073,97,S1a
cg25248160,97,S1a
cg12194929,97,S1a
cg20602954,97,S1a
cg03701341,97,S1a
cg26022010,97,S1a
cg12300018,97,S1a
cg08309013,36,S1a
cg01008365,97,S1a
cg01171885,97,S1a
cg25336000,97,S1a
cg02505296,97,S1a
cg12058391,97,S1a
cg07852735,97,S1a
cg20660720,97,S1a
cg02212000,97,S1a
cg11978048,97,S1a
cg25938262,97,S1a
cg23687960,97,S1a
cg07448460,97,S1a
cg10068917,97,S1a
cg04220482,97,S1a
cg18898218,95,S1a
cg27507591,97,S1a
cg23602533,97,S1a
cg13806106,97,S1a
cg07362969,97,S1a
cg07002711,97,S1a
cg14826792,97,S1a
cg13682477,97,S1a
cg10815543,97,S1a
cg16231500,97,S1a
cg14817143,97,S1a
cg04163863,97,S1a
cg21461564,97,S1a
cg01287342,21,S1a
cg25180248,76,S1a
cg07021502,97,S1a
cg00189220,97,S1a
cg21422024,97,S1a
cg05190994,97,S1a
cg00011247,97,S1a
cg21218059,97,S1a
cg14217399,97,S1a
cg22332388,97,S1a
cg09120809,97,S1a
cg22236894,97,S1a
cg03582537,97,S1a
cg11087911,97,S1a
cg24375476,97,S1a
cg19145387,97,S1a
cg20367223,97,S1a
cg03922048,55,S1a
cg22660370,97,S1a
cg07024497,88,S1a
cg00695982,97,S1a
cg00601035,39,S1a
cg21885251,97,S1a
cg13976251,8,S1a
cg18191092,94,S1a
cg27015884,94,S1a
cg13846509,97,S1a
cg09267815,97,S1a
cg00773795,97,S1a
cg18932699,39,S1a
cg03299781,97,S1a
cg12561945,97,S1a
cg26598831,85,S1a
cg18195238,78,S1a
cg08094135,96,S1a
cg18066598,97,S1a
cg02980621,97,S1a
cg25354466,97,S1a
cg03074026,97,S1a
cg18249580,97,S1a
cg00998387,96,S1a
cg21699044,97,S1a
cg25260137,97,S1a
cg04620418,97,S1a
cg05210266,97,S1a
cg15316843,97,S1a
cg15715477,69,S1a
cg16810605,97,S1a
cg21546184,97,S1a
cg01656244,97,S1a
cg17099568,97,S1a
cg25633678,97,S1a
cg19749660,97,S1a
cg03480337,97,S1a
cg13186884,97,S1a
cg24791025,97,S1a
cg19848629,90,S1a
cg23164982,87,S1a
cg00549772,94,S1a
cg07596524,97,S1a
cg09861115,97,S1a
cg03843972,97,S1a
cg06829299,97,S1a
cg20139247,97,S1a
cg03977089,97,S1a
cg03610852,97,S1a
cg11750592,97,S1a
cg07893575,97,S1a
cg02381539,97,S1a
cg05043349,97,S1a
cg07792478,97,S1a
cg14590098,97,S1a
cg02226645,96,S1a
cg04104463,97,S1a
cg25900085,67,S1a
cg05474726,97,S1a
cg27313642,97,S1a
cg16189671,97,S1a
cg20653075,97,S1a
cg05455720,97,S1a
cg04559779,97,S1a
cg01517740,97,S1a
cg20047489,96,S1a
cg11626236,97,S1a
cg01716975,97,S1a
cg09383907,97,S1a
cg07773510,97,S1a
cg16464373,45,S1a
cg06899044,97,S1a
cg27272679,40,S1a
cg09553187,97,S1a
cg08838602,89,S1a
cg26969197,36,S1a
cg24255371,94,S1a
cg16510548,97,S1a
cg21917084,97,S1a
cg14930884,97,S1a
cg15740363,97,S1a
cg08334899,97,S1a
cg23554956,97,S1a
cg07283114,97,S1a
cg08188993,97,S1a
cg23778149,97,S1a
cg14588078,97,S1a
cg22585595,97,S1a
cg12874181,91,S1a
cg20702056,97,S1a
cg00023185,97,S1a
cg24668736,97,S1a
cg26965597,97,S1a
cg11202131,97,S1a
cg01028849,97,S1a
cg11382529,97,S1a
cg00924004,97,S1a
cg00405554,97,S1a
cg22884051,97,S1a
cg23242862,97,S1a
cg23897749,97,S1a
cg07923686,97,S1a
cg17107364,97,S1a
cg01463154,95,S1a
cg06294712,97,S1a
cg22766145,97,S1a
cg06219793,97,S1a
cg23939037,97,S1a
cg26822414,97,S1a
cg26988406,97,S1a
cg13282152,97,S1a
cg01377006,97,S1a
cg06873806,96,S1a
cg02982690,97,S1a
cg21008602,97,S1a
cg14983606,97,S1a
cg17307479,97,S1a
cg00465841,97,S1a
cg08134754,97,S1a
cg07205627,51,S1a
cg20862599,97,S1a
cg10613701,97,S1a
cg05711235,74,S1a
cg21695024,56,S1a
cg14298200,79,S1a
cg04674956,97,S1a
cg21845457,97,S1a
cg27065217,88,S1a
cg01926906,82,S1a
cg23517116,97,S1a
cg05740045,97,S1a
cg16412772,97,S1a
cg16151924,97,S1a
cg00313094,97,S1a
cg24990212,97,S1a
cg12755298,97,S1a
cg10816489,97,S1a
cg04418492,97,S1a
cg15160198,97,S1a
cg03535659,97,S1a
cg09975850,97,S1a
cg22287624,97,S1a
cg19424531,94,S1a
cg00054210,97,S1a
cg01510388,97,S1a
cg17347634,97,S1a
cg23697780,97,S1a
cg04220047,95,S1a
cg22868272,97,S1a
cg09301392,97,S1a
cg16752400,97,S1a
cg17516271,97,S1a
cg04517738,97,S1a
cg14484149,91,S1a
cg14353373,97,S1a
cg19143639,97,S1a
cg21935519,97,S1a
cg07143815,97,S1a
cg00562430,97,S1a
cg12927915,70,S1a
cg11183445,97,S1a
cg13398993,97,S1a
cg20587336,97,S1a
cg26944580,97,S1a
cg13166816,97,S1a
cg23957015,97,S1a
cg08291886,97,S1a
cg03287740,53,S1a
cg11041239,23,S1a
cg10148067,97,S1a
cg21696208,97,S1a
cg10217953,95,S1a
cg23619829,97,S1a
cg26034408,97,S1a
cg18532480,97,S1a
cg24546314,97,S1a
cg14302489,97,S1a
cg21628000,97,S1a
cg04521675,97,S1a
cg22020155,97,S1a
cg03442226,97,S1a
cg14299177,97,S1a
cg11132921,96,S1a
cg07886541,97,S1a
cg04648500,97,S1a
cg02052460,97,S1a
cg18528216,97,S1a
cg10457689,97,S1a
cg06986184,97,S1a
cg11209200,97,S1a
cg08961450,96,S1a
cg00957886,85,S1a
cg26266308,97,S1a
cg00465686,97,S1a
cg04254159,97,S1a
cg05180540,80,S1a
cg02370734,97,S1a
cg16230982,97,S1a
cg19519593,64,S1a
cg13375690,76,S1a
cg06222774,86,S1a
cg14864167,85,S1a
cg15993048,79,S1a
cg22873412,97,S1a
cg06195829,97,S1a
cg00160368,97,S1a
cg09040184,97,S1a
cg02590295,97,S1a
cg21490755,97,S1a
cg10252135,97,S1a
cg00326908,97,S1a
cg13760253,97,S1a
cg14437606,96,S1a
cg21649629,53,S1a
cg17373345,65,S1a
cg09312407,97,S1a
cg06905743,97,S1a
cg14928319,97,S1a
cg13997640,64,S1a
cg15882353,97,S1a
cg05421528,97,S1a
cg23642001,97,S1a
cg22322828,97,S1a
cg20502003,97,S1a
cg07759377,97,S1a
cg19913430,97,S1a
cg01583134,97,S1a
cg18748684,97,S1a
cg06698093,97,S1a
cg02569473,97,S1a
cg19747142,97,S1a
cg01030178,97,S1a
cg27035277,89,S1a
cg23322523,97,S1a
cg07180197,97,S1a
cg04145765,97,S1a
cg21165595,88,S1a
cg26104239,97,S1a
cg25483191,97,S1a
cg26700215,97,S1a
cg04041976,89,S1a
cg03405789,39,S1a
cg21240762,97,S1a
cg23027580,97,S1a
cg15971888,97,S1a
cg00603617,97,S1a
cg21878188,97,S1a
cg20329958,93,S1a
cg17305181,97,S1a
cg18640030,93,S1a
cg08215831,97,S1a
cg19035496,97,S1a
cg23409074,97,S1a
cg00269606,97,S1a
cg16664570,58,S1a
cg00468228,97,S1a
cg24997986,97,S1a
cg23089445,97,S1a
cg00422474,95,S1a
cg02934300,97,S1a
cg00117237,97,S1a
cg10090836,97,S1a
cg22851271,97,S1a
cg23306542,95,S1a
cg14204843,94,S1a
cg15537436,97,S1a
cg24803876,97,S1a
cg27458060,97,S1a
cg25352650,97,S1a
cg21768436,97,S1a
cg04309350,97,S1a
cg00905170,97,S1a
cg00432041,97,S1a
cg04840623,97,S1a
cg01586524,97,S1a
cg04013090,97,S1a
cg00007076,97,S1a
cg20171999,31,S1a
cg16642695,97,S1a
cg01588438,95,S1a
cg09383816,97,S1a
cg18065361,97,S1a
cg08090772,97,S1a
cg19283840,97,S1a
cg20295442,97,S1a
cg20912169,97,S1a
cg01988129,97,S1a
cg25046651,97,S1a
cg08490624,97,S1a
cg26624673,97,S1a
cg05850205,97,S1a
cg11530289,97,S1a
cg19366217,97,S1a
cg21779231,97,S1a
cg22628608,93,S1a
cg20040765,97,S1a
cg20794855,97,S1a
cg20180050,91,S1a
cg10895168,97,S1a
cg05042439,97,S1a
cg12815605,97,S1a
cg14216331,95,S1a
cg26674558,37,S1a
cg06890415,60,S1a
cg10635330,28,S1a
cg23704362,97,S1a
cg12796306,97,S1a
cg11629408,97,S1a
cg08515284,97,S1a
cg02570682,97,S1a
cg15798873,97,S1a
cg09622557,97,S1a
cg15070801,97,S1a
cg26761826,75,S1a
cg00613284,97,S1a
cg12897502,97,S1a
cg15947176,97,S1a
cg27131563,97,S1a
cg08781403,97,S1a
cg24635971,97,S1a
cg09610332,94,S1a
cg05488809,97,S1a
cg00522276,97,S1a
cg01164584,97,S1a
cg08620329,97,S1a
cg12109823,97,S1a
cg10687107,97,S1a
cg15444185,97,S1a
cg20902757,97,S1a
cg02471183,97,S1a
cg26852879,97,S1a
cg03656863,97,S1a
cg10434977,97,S1a
cg24531714,89,S1a
cg11785625,96,S1a
cg07595113,97,S1a
cg04854342,97,S1a
cg19125715,97,S1a
cg11118357,97,S1a
cg05972000,97,S1a
cg20807030,97,S1a
cg17826393,97,S1a
cg23826287,97,S1a
cg24888944,97,S1a
cg00021237,97,S1a
cg14285013,97,S1a
cg13516655,97,S1a
cg03387593,22,S1a
cg02227217,58,S1a
cg01640150,97,S1a
cg13151196,97,S1a
cg12790134,97,S1a
cg08415738,97,S1a
cg19404484,97,S1a
cg15543875,97,S1a
cg14249120,97,S1a
cg16932652,97,S1a
cg25302936,97,S1a
cg12271332,97,S1a
cg22329488,97,S1a
cg17045009,97,S1a
cg07866137,97,S1a
cg11666208,97,S1a
cg09565657,97,S1a
cg22347370,96,S1a
cg13064571,97,S1a
cg17253785,80,S1a
cg06239143,58,S1a
cg14406005,97,S1a
cg08633239,96,S1a
cg17724184,97,S1a
cg09513847,97,S1a
cg00345314,83,S1a
cg15969314,97,S1a
cg00770964,97,S1a
cg00196012,97,S1a
cg04061197,97,S1a
cg17706604,97,S1a
cg27622722,97,S1a
cg02569333,97,S1a
cg14150468,97,S1a
cg21462844,93,S1a
cg09607363,97,S1a
cg23158475,97,S1a
cg15821835,96,S1a
cg21180685,97,S1a
cg07554251,97,S1a
cg10360928,97,S1a
cg24483552,97,S1a
cg02490907,97,S1a
cg23176496,97,S1a
cg10626718,97,S1a
cg07138092,97,S1a
cg14940705,97,S1a
cg25482853,97,S1a
cg10891996,97,S1a
cg02235641,97,S1a
cg02127234,96,S1a
cg14414764,74,S1a
cg01434042,97,S1a
cg24340898,95,S1a
cg26030713,97,S1a
cg02096492,97,S1a
cg02472291,97,S1a
cg08750423,97,S1a
cg02845890,97,S1a
cg18100586,97,S1a
cg26708812,97,S1a
cg19407435,95,S1a
cg15903955,30,S1a
cg00060836,95,S1a
cg20188739,97,S1a
cg03884270,97,S1a
cg00640314,97,S1a
cg11781847,97,S1a
cg15964163,97,S1a
cg04729070,97,S1a
cg21176629,97,S1a
cg09548799,97,S1a
cg16580197,92,S1a
cg22179905,97,S1a
cg00374056,97,S1a
cg14432269,97,S1a
cg22878622,97,S1a
cg07104660,97,S1a
cg14353137,97,S1a
cg20980783,97,S1a
cg26618965,97,S1a
cg00909646,97,S1a
cg17694795,97,S1a
cg07922007,97,S1a
cg15684724,97,S1a
cg01824969,97,S1a
cg14657834,97,S1a
cg21411812,97,S1a
cg00434575,97,S1a
cg23274912,97,S1a
cg21707311,97,S1a
cg23668806,97,S1a
cg27465717,97,S1a
cg15744359,97,S1a
cg03780545,97,S1a
cg03024587,97,S1a
cg21189727,97,S1a
cg10838789,97,S1a
cg25242004,97,S1a
cg26623455,97,S1a
cg11916800,97,S1a
cg07593845,92,S1a
cg05484231,97,S1a
cg24549224,97,S1a
cg24823832,97,S1a
cg03535933,97,S1a
cg22680369,97,S1a
cg19439666,97,S1a
cg10073129,97,S1a
cg15754109,97,S1a
cg26329349,97,S1a
cg05230553,90,S1a
cg21129701,96,S1a
cg07896832,97,S1a
cg21320567,97,S1a
cg10858572,97,S1a
cg26572856,97,S1a
cg24281422,97,S1a
cg22513962,97,S1a
cg16169373,97,S1a
cg22433775,97,S1a
cg13437005,97,S1a
cg06416985,97,S1a
cg06602601,97,S1a
cg24982582,97,S1a
cg24190223,97,S1a
cg01129439,97,S1a
cg27473073,48,S1a
cg14783123,97,S1a
cg02501116,97,S1a
cg10311161,97,S1a
cg12271082,96,S1a
cg06985056,97,S1a
cg18891090,43,S1a
cg20456954,85,S1a
cg13525812,97,S1a
cg18051353,97,S1a
cg01086978,97,S1a
cg04856096,97,S1a
cg07241733,94,S1a
cg24353058,97,S1a
cg03346041,97,S1a
cg22403471,97,S1a
cg13626774,97,S1a
cg07773022,97,S1a
cg04947838,97,S1a
cg21935385,97,S1a
cg10437825,97,S1a
cg16536560,97,S1a
cg05412784,58,S1a
cg24704908,84,S1a
cg10423607,48,S1a
cg07176410,97,S1a
cg04103837,97,S1a
cg02517342,97,S1a
cg15955772,97,S1a
cg14782206,96,S1a
cg21750887,97,S1a
cg09428251,95,S1a
cg15202006,97,S1a
cg21860285,97,S1a
cg17079431,97,S1a
cg19250907,97,S1a
cg04200627,97,S1a
cg09506963,78,S1a
cg13652336,97,S1a
cg16009633,97,S1a
cg11549615,97,S1a
cg05293738,97,S1a
cg17747005,95,S1a
cg17459204,97,S1a
cg17147045,97,S1a
cg15745900,97,S1a
cg06617456,97,S1a
cg01568998,97,S1a
cg23300368,97,S1a
cg15690525,97,S1a
cg05056142,97,S1a
cg21745092,79,S1a
cg21239940,97,S1a
cg10419957,97,S1a
cg09749844,97,S1a
cg04652282,97,S1a
cg12679192,97,S1a
cg05831315,97,S1a
cg05052501,97,S1a
cg01057527,97,S1a
cg20207219,97,S1a
cg08448589,97,S1a
cg03357798,97,S1a
cg13407456,97,S1a
cg22001496,97,S1a
cg24280540,97,S1a
cg06820905,97,S1a
cg22601348,97,S1a
cg26809497,97,S1a
cg14148862,97,S1a
cg11137615,97,S1a
cg21479226,97,S1a
cg08620154,97,S1a
cg12173558,97,S1a
cg08230648,97,S1a
cg03763300,92,S1a
cg22199118,97,S1a
cg00280504,97,S1a
cg15241236,97,S1a
cg18500177,97,S1a
cg01814565,97,S1a
cg05040348,97,S1a
cg03084996,97,S1a
cg22735749,97,S1a
cg26944526,97,S1a
cg22454022,97,S1a
cg18545695,86,S1a
cg19880942,76,S1a
cg26074470,90,S1a
cg23588277,97,S1a
cg14991469,97,S1a
cg03025413,97,S1a
cg14921932,82,S1a
cg13172943,95,S1a
cg10791884,97,S1a
cg15127879,96,S1a
cg03363142,97,S1a
cg08979870,97,S1a
cg13175120,3,S1a
cg22549556,97,S1a
cg05959464,97,S1a
cg09301800,89,S1a
cg05937687,92,S1a
cg09734837,97,S1a
cg24296196,85,S1a
cg08246029,97,S1a
cg12937186,97,S1a
cg06054027,59,S1a
cg03482851,89,S1a
cg16679630,97,S1a
cg25827124,97,S1a
cg27065426,72,S1a
cg07057434,97,S1a
cg15351186,86,S1a
cg07051728,85,S1a
cg12181083,97,S1a
cg04845579,97,S1a
cg02283643,97,S1a
cg07073960,97,S1a
cg01225788,97,S1a
cg03613662,97,S1a
cg00541476,97,S1a
cg24502391,97,S1a
cg17524017,97,S1a
cg11549094,97,S1a
cg10995640,97,S1a
cg20169702,97,S1a
cg06834758,97,S1a
cg05754641,72,S1a
cg05355411,97,S1a
cg14778875,97,S1a
cg13291208,97,S1a
cg12484808,97,S1a
cg02786056,97,S1a
cg04237288,97,S1a
cg08225389,97,S1a
cg15857490,97,S1a
cg13880467,97,S1a
cg10260044,97,S1a
cg04326353,60,S1a
cg03140889,97,S1a
cg07998216,97,S1a
cg21748523,97,S1a
cg24552424,97,S1a
cg12878682,97,S1a
cg10757978,97,S1a
cg21436572,97,S1a
cg20211463,97,S1a
cg11642652,97,S1a
cg14265709,60,S1a
cg08537737,97,S1a
cg01580181,97,S1a
cg03719092,97,S1a
cg09479694,97,S1a
cg10667877,97,S1a
cg03451212,97,S1a
cg12095933,97,S1a
cg07349045,97,S1a
cg16424143,97,S1a
cg21979196,97,S1a
cg09018399,95,S1a
cg05284652,97,S1a
cg26753018,97,S1a
cg08991232,97,S1a
cg04219515,97,S1a
cg13623968,97,S1a
cg00606642,97,S1a
cg08419026,97,S1a
cg10824802,54,S1a
cg09962807,97,S1a
cg22062659,97,S1a
cg11996434,97,S1a
cg18799048,97,S1a
cg22083639,97,S1a
cg23677272,97,S1a
cg17998283,97,S1a
cg05087600,97,S1a
cg07671678,97,S1a
cg04206699,97,S1a
cg07288017,97,S1a
cg13189097,97,S1a
cg00129273,97,S1a
cg19924008,97,S1a
cg24600850,97,S1a
cg00725401,97,S1a
cg02509086,97,S1a
cg12230289,97,S1a
cg20113824,97,S1a
cg04445512,97,S1a
cg18096722,97,S1a
cg26187308,97,S1a
cg24035931,97,S1a
cg03005087,97,S1a
cg08190913,97,S1a
cg18570392,97,S1a
cg14774755,97,S1a
cg18512336,97,S1a
cg19518104,97,S1a
cg08172065,97,S1a
cg07860213,97,S1a
cg17450425,13,S1a
cg02919936,69,S1a
cg23758305,97,S1a
cg21135533,97,S1a
cg10457247,97,S1a
cg07719492,97,S1a
cg19363499,97,S1a
cg14928902,97,S1a
cg00384539,97,S1a
cg13267264,97,S1a
cg27029821,97,S1a
cg21255438,97,S1a
cg01295203,97,S1a
cg18035229,97,S1a
cg04838988,97,S1a
cg11229513,97,S1a
cg09050331,97,S1a
cg20641450,96,S1a
cg05570783,97,S1a
cg03469742,97,S1a
cg01012082,97,S1a
cg04749873,95,S1a
cg20679659,97,S1a
cg20699548,97,S1a
cg15169943,57,S1a
cg25676074,97,S1a
cg24536624,97,S1a
cg08325898,97,S1a
cg11197908,93,S1a
cg13335567,90,S1a
cg21651000,80,S1a
cg14737507,97,S1a
cg16899179,45,S1a
cg16893488,97,S1a
cg14232793,28,S1a
cg16282160,97,S1a
cg02492405,60,S1a
cg06083412,93,S1a
cg01538165,97,S1a
cg13312403,97,S1a
cg02246683,96,S1a
cg12724384,60,S1a
cg10456591,78,S1a
cg02413312,93,S1a
cg22813699,97,S1a
cg14618411,97,S1a
cg04672026,66,S1a
cg22304838,97,S1a
cg26060583,97,S1a
cg07020398,97,S1a
cg05973498,97,S1a
cg11542281,97,S1a
cg26068141,97,S1a
cg27287166,97,S1a
cg24857609,94,S1a
cg26569670,97,S1a
cg15726318,97,S1a
cg23239842,97,S1a
cg23445360,97,S1a
cg09468912,97,S1a
cg08851719,97,S1a
cg14222879,97,S1a
cg11911122,97,S1a
cg05868799,97,S1a
cg14403241,97,S1a
cg16330369,73,S1a
cg03706086,97,S1a
cg02666119,97,S1a
cg26536800,97,S1a
cg02568083,95,S1a
cg04162118,51,S1a
cg11926393,97,S1a
cg06960514,72,S1a
cg09297334,85,S1a
cg03469202,97,S1a
cg05226292,97,S1a
cg17127823,97,S1a
cg25974617,97,S1a
cg15628222,97,S1a
cg26228558,96,S1a
cg23053742,95,S1a
cg06944112,97,S1a
cg01164202,97,S1a
cg23757474,97,S1a
cg09378940,97,S1a
cg20099054,97,S1a
cg00885176,97,S1a
cg12462991,97,S1a
cg16238921,97,S1a
cg05398773,97,S1a
cg16423461,97,S1a
cg15821716,97,S1a
cg05247391,97,S1a
cg19632760,97,S1a
cg05029558,97,S1a
cg27618939,97,S1a
cg04548327,97,S1a
cg08952539,97,S1a
cg01814027,97,S1a
cg21312929,97,S1a
cg03090171,32,S1a
cg25700686,47,S1a
cg08234354,97,S1a
cg16793061,97,S1a
cg24577279,97,S1a
cg24183261,97,S1a
cg18064025,44,S1a
cg06290070,36,S1a
cg13043862,97,S1a
cg24611608,97,S1a
cg06693048,55,S1a
cg12934659,97,S1a
cg08758568,97,S1a
cg01457572,97,S1a
cg22348290,26,S1a
cg05210904,97,S1a
cg11599539,97,S1a
cg25345178,97,S1a
cg07161721,97,S1a
cg04307561,97,S1a
cg12300724,97,S1a
cg04912710,97,S1a
cg08915632,97,S1a
cg06772717,97,S1a
cg24809973,97,S1a
cg08795964,97,S1a
cg26947626,97,S1a
cg11878331,97,S1a
cg18855674,97,S1a
cg17943279,97,S1a
cg02315271,97,S1a
cg03186333,97,S1a
cg15795787,97,S1a
cg23954787,97,S1a
cg22863920,97,S1a
cg20386316,86,S1a
cg26818625,89,S1a
cg11932072,76,S1a
cg00250645,97,S1a
cg25363337,97,S1a
cg14445205,97,S1a
cg05247035,97,S1a
cg01300105,97,S1a
cg15816712,97,S1a
cg09851545,97,S1a
cg21181162,97,S1a
cg13580380,97,S1a
cg20076442,97,S1a
cg12802876,97,S1a
cg25395034,76,S1a
cg24142603,97,S1a
cg12809365,97,S1a
cg11382963,97,S1a
cg26799209,97,S1a
cg13620034,74,S1a
cg26876974,93,S1a
cg26280666,97,S1a
cg20079899,97,S1a
cg06269753,97,S1a
cg25832771,97,S1a
cg09734791,97,S1a
cg14409559,97,S1a
cg23710218,97,S1a
cg20675505,97,S1a
cg25827490,97,S1a
cg14546394,97,S1a
cg03347018,97,S1a
cg24258699,97,S1a
cg06102330,97,S1a
cg13092523,96,S1a
cg11314617,10,S1a
cg07861448,86,S1a
cg26794715,97,S1a
cg01048107,68,S1a
cg06700209,97,S1a
cg03909983,97,S1a
cg22063654,96,S1a
cg04910834,97,S1a
cg03393350,97,S1a
cg10842557,97,S1a
cg27474266,71,S1a
cg04852776,97,S1a
cg01706334,97,S1a
cg12089032,64,S1a
cg01384246,97,S1a
cg00395783,44,S1a
cg24523948,97,S1a
cg00588920,86,S1a
cg05472468,97,S1a
cg01490094,97,S1a
cg02843349,97,S1a
cg21217423,97,S1a
cg04135198,97,S1a
cg13392680,48,S1a
cg25229089,97,S1a
cg11052780,97,S1a
cg12668482,97,S1a
cg01610488,97,S1a
cg19439706,97,S1a
cg14703605,97,S1a
cg27528660,97,S1a
cg09514401,97,S1a
cg27619291,57,S1a
cg15168673,97,S1a
cg23212642,97,S1a
cg07557612,80,S1a
cg23581700,97,S1a
cg06218678,97,S1a
cg02507677,97,S1a
cg16587952,96,S1a
cg27039662,97,S1a
cg07612454,48,S1a
cg15130532,68,S1a
cg27247689,19,S1a
cg11754206,97,S1a
cg16729160,97,S1a
cg00755448,97,S1a
cg26789732,97,S1a
cg18555069,97,S1a
cg15774465,97,S1a
cg18429863,97,S1a
cg20890210,97,S1a
cg09960171,97,S1a
cg27316626,96,S1a
cg12464898,97,S1a
cg20818262,97,S1a
cg09433131,97,S1a
cg06958453,97,S1a
cg20083442,97,S1a
cg00114478,97,S1a
cg26961166,89,S1a
cg25014026,97,S1a
cg16320788,28,S1a
cg24798414,97,S1a
cg19866594,97,S1a
cg25187049,97,S1a
cg21752758,97,S1a
cg23244463,97,S1a
cg08294044,97,S1a
cg16925177,96,S1a
cg00567922,97,S1a
cg01224520,97,S1a
cg02608831,97,S1a
cg14329066,97,S1a
cg26925981,97,S1a
cg01773144,23,S1a
cg02571201,97,S1a
cg24860970,94,S1a
cg18987561,97,S1a
cg07473001,97,S1a
cg03193489,97,S1a
cg25396537,97,S1a
cg24350612,97,S1a
cg01671059,96,S1a
cg13554114,97,S1a
cg14488081,97,S1a
cg18250453,97,S1a
cg03483900,78,S1a
cg17661686,97,S1a
cg27132335,97,S1a
cg02251349,97,S1a
cg19307528,96,S1a
cg09660970,97,S1a
cg17173767,97,S1a
cg22853427,97,S1a
cg14320087,97,S1a
cg10899904,97,S1a
cg18454916,97,S1a
cg13311096,97,S1a
cg01432443,26,S1a
cg04367680,70,S1a
cg13042252,97,S1a
cg16006732,97,S1a
cg19518093,46,S1a
cg26344818,97,S1a
cg06541222,95,S1a
cg05248004,97,S1a
cg11467289,84,S1a
cg10338412,97,S1a
cg08990264,97,S1a
cg26288159,97,S1a
cg05065162,97,S1a
cg02342822,97,S1a
cg14426030,97,S1a
cg06592178,97,S1a
cg10924875,97,S1a
cg23288725,97,S1a
cg17187167,97,S1a
cg00461685,97,S1a
cg26386706,97,S1a
cg23104955,97,S1a
cg03991326,65,S1a
cg15719606,77,S1a
cg12640097,45,S1a
cg11862959,43,S1a
cg09438612,95,S1a
cg26357538,69,S1a
cg21243608,97,S1a
cg18811986,97,S1a
cg20179892,97,S1a
cg23677990,97,S1a
cg04703844,97,S1a
cg25642048,97,S1a
cg17662034,97,S1a
cg26464596,97,S1a
cg08197579,97,S1a
cg14751552,97,S1a
cg15634474,97,S1a
cg04238758,14,S1a
cg27596828,97,S1a
cg23338668,97,S1a
cg17307230,95,S1a
cg15648790,86,S1a
cg10340048,97,S1a
cg14030838,97,S1a
cg26049390,97,S1a
cg07673103,97,S1a
cg21550804,97,S1a
cg20982046,97,S1a
cg24195971,97,S1a
cg26224574,97,S1a
cg10322124,97,S1a
cg19846154,97,S1a
cg02346342,97,S1a
cg19901403,97,S1a
cg24788090,97,S1a
cg17811994,97,S1a
cg16017979,97,S1a
cg15310349,97,S1a
cg00157319,97,S1a
cg09334558,97,S1a
cg07334509,97,S1a
cg08223771,97,S1a
cg02045894,97,S1a
cg22855393,97,S1a
cg11064454,97,S1a
cg12992671,97,S1a
cg13519900,97,S1a
cg18305583,97,S1a
cg21585977,96,S1a
cg03564204,97,S1a
cg08955462,97,S1a
cg21668391,97,S1a
cg14742361,97,S1a
cg26684050,43,S1a
cg08185095,41,S1a
cg23042230,58,S1a
cg16506290,66,S1a
cg07016483,76,S1a
cg09853043,97,S1a
cg01499546,97,S1a
cg02584520,97,S1a
cg04004861,97,S1a
cg25440932,96,S1a
cg00475645,97,S1a
cg25463613,47,S1a
cg01921335,95,S1a
cg00870166,97,S1a
cg14195684,80,S1a
cg20646544,97,S1a
cg00085416,97,S1a
cg23686113,97,S1a
cg06464239,97,S1a
cg25597976,94,S1a
cg21603563,97,S1a
cg07420867,97,S1a
cg12682382,97,S1a
cg01554383,97,S1a
cg00586367,97,S1a
cg14240331,97,S1a
cg11992237,97,S1a
cg03272279,97,S1a
cg10702714,97,S1a
cg10231183,97,S1a
cg00677685,97,S1a
cg07278997,97,S1a
cg00571292,67,S1a
cg14924671,97,S1a
cg05848884,70,S1a
cg01232717,63,S1a
cg17316966,97,S1a
cg13405456,97,S1a
cg05751979,97,S1a
cg17470723,97,S1a
cg04252558,97,S1a
cg17186373,97,S1a
cg00837765,97,S1a
cg00033457,97,S1a
cg06060338,97,S1a
cg22809411,97,S1a
cg23434193,97,S1a
cg23526055,97,S1a
cg13434453,97,S1a
cg01041367,78,S1a
cg07454192,97,S1a
cg09969748,97,S1a
cg04891617,97,S1a
cg19930420,97,S1a
cg06233122,97,S1a
cg06334496,97,S1a
cg02982745,97,S1a
cg03194311,97,S1a
cg21648598,97,S1a
cg17503786,97,S1a
cg19529842,97,S1a
cg13213009,86,S1a
cg23732024,97,S1a
cg21662240,97,S1a
cg20218077,97,S1a
cg05782888,74,S1a
cg22990543,97,S1a
cg16788797,97,S1a
cg05499054,97,S1a
cg02901843,97,S1a
cg17131905,97,S1a
cg16655661,97,S1a
cg09697984,97,S1a
cg05366024,97,S1a
cg05134476,97,S1a
cg05350802,97,S1a
cg17008770,97,S1a
cg12884982,94,S1a
cg26816426,97,S1a
cg18702827,97,S1a
cg17013645,97,S1a
cg09994117,94,S1a
cg00988129,97,S1a
cg03525049,97,S1a
cg08949296,97,S1a
cg07216337,97,S1a
cg00751253,97,S1a
cg21220063,97,S1a
cg03060802,97,S1a
cg15396395,97,S1a
cg08757420,97,S1a
cg23599843,93,S1a
cg00295293,97,S1a
cg01405744,91,S1a
cg25876586,97,S1a
cg03753642,97,S1a
cg12868707,77,S1a
cg05432848,1,S1a
cg23779890,97,S1a
cg08500017,97,S1a
cg24421504,97,S1a
cg13281814,97,S1a
cg11878619,97,S1a
cg22105613,97,S1a
cg05501320,92,S1a
cg20546778,97,S1a
cg09418618,38,S1a
cg16014213,97,S1a
cg22604693,97,S1a
cg22630543,94,S1a
cg22993706,51,S1a
cg07035704,97,S1a
cg26754262,97,S1a
cg01824652,70,S1a
cg10819495,97,S1a
cg09304624,97,S1a
cg04893119,81,S1a
cg24349665,45,S1a
cg00128482,97,S1a
cg14000065,97,S1a
cg11827743,97,S1a
cg27026390,97,S1a
cg21073178,83,S1a
cg12097671,65,S1a
cg03011658,96,S1a
cg17829810,97,S1a
cg21844856,97,S1a
cg15953602,97,S1a
cg04410024,97,S1a
cg14283968,97,S1a
cg01937650,97,S1a
cg01410472,97,S1a
cg02942845,97,S1a
cg13534450,97,S1a
cg05624932,97,S1a
cg21130958,97,S1a
cg12133103,83,S1a
cg02692938,97,S1a
cg13336662,96,S1a
cg12992268,95,S1a
cg07016329,95,S1a
cg19571015,97,S1a
cg02370877,97,S1a
cg24164564,97,S1a
cg07009284,65,S1a
cg19414706,97,S1a
cg03554283,97,S1a
cg07357300,97,S1a
cg13953813,97,S1a
cg18091163,97,S1a
cg02169338,97,S1a
cg26220018,97,S1a
cg16570133,97,S1a
cg18894440,97,S1a
cg17407813,96,S1a
cg24512303,97,S1a
cg23248208,76,S1a
cg20400622,59,S1a
cg19903702,97,S1a
cg07576363,96,S1a
cg03768338,97,S1a
cg25061430,97,S1a
cg18896184,97,S1a
cg22027865,97,S1a
cg17891505,97,S1a
cg19437183,97,S1a
cg14326671,97,S1a
cg08780398,97,S1a
cg22538780,97,S1a
cg12811319,97,S1a
cg07516483,97,S1a
cg24041541,97,S1a
cg06522288,97,S1a
cg00178249,97,S1a
cg03320372,97,S1a
cg23026675,97,S1a
cg09938511,97,S1a
cg15720043,84,S1a
cg05709578,97,S1a
cg10435486,87,S1a
cg14595683,97,S1a
cg02977360,97,S1a
cg23134869,96,S1a
cg00594560,90,S1a
cg21845953,97,S1a
cg08928882,97,S1a
cg18026227,8,S1a
cg07585876,95,S1a
cg13617198,97,S1a
cg01419567,97,S1a
cg00931558,97,S1a
cg10074775,97,S1a
cg08322240,97,S1a
cg08322102,97,S1a
cg25662926,97,S1a
cg16482314,97,S1a
cg02298862,97,S1a
cg07176589,88,S1a
cg17881997,62,S1a
cg15735620,97,S1a
cg16591182,46,S1a
cg22308101,96,S1a
cg16495873,48,S1a
cg07456629,97,S1a
cg02529685,97,S1a
cg13427428,97,S1a
cg18794473,97,S1a
cg09141450,97,S1a
cg10835711,97,S1a
cg15184781,97,S1a
cg04392760,97,S1a
cg00721800,97,S1a
cg05234151,97,S1a
cg22291576,97,S1a
cg15168043,97,S1a
cg01803948,97,S1a
cg00937330,97,S1a
cg02741426,97,S1a
cg12178141,70,S1a
cg12739504,90,S1a
cg16877004,97,S1a
cg09409786,97,S1a
cg26796379,97,S1a
cg00620746,97,S1a
cg20688993,97,S1a
cg17051042,97,S1a
cg00141260,97,S1a
cg14781635,81,S1a
cg03605366,97,S1a
cg04206144,97,S1a
cg00016481,97,S1a
cg14193430,97,S1a
cg24971227,97,S1a
cg17490648,97,S1a
cg12894990,89,S1a
cg21931792,97,S1a
cg23087084,97,S1a
cg16290904,97,S1a
cg20310071,97,S1a
cg22345515,97,S1a
cg12473573,97,S1a
cg19929029,97,S1a
cg04001090,97,S1a
cg25202404,97,S1a
cg01780754,94,S1a
cg00451054,97,S1a
cg27323343,97,S1a
cg09515262,96,S1a
cg21805950,95,S1a
cg03721622,44,S1a
cg07873290,97,S1a
cg17295573,97,S1a
cg23322685,97,S1a
cg00738934,97,S1a
cg19671648,97,S1a
cg13394713,97,S1a
cg26441979,95,S1a
cg04689061,94,S1a
cg17686936,96,S1a
cg12850252,97,S1a
cg21612207,97,S1a
cg27140220,97,S1a
cg09043127,97,S1a
cg12330330,97,S1a
cg04014062,97,S1a
cg20583060,96,S1a
cg05042110,97,S1a
cg08090179,28,S1a
cg08864904,26,S1a
cg19598189,39,S1a
cg20146573,40,S1a
cg24733440,97,S1a
cg07654569,69,S1a
cg01069256,97,S1a
cg05575058,97,S1a
cg08232264,97,S1a
cg08519575,97,S1a
cg07290552,96,S1a
cg10855265,97,S1a
cg02289992,97,S1a
cg07889284,97,S1a
cg12803724,97,S1a
cg01567853,97,S1a
cg19793804,97,S1a
cg11931596,97,S1a
cg15817287,97,S1a
cg20573931,97,S1a
cg08910705,97,S1a
cg01819306,94,S1a
cg11542086,97,S1a
cg07636362,97,S1a
cg11154747,97,S1a
cg23538854,97,S1a
cg23512958,97,S1a
cg22297710,97,S1a
cg15966610,1,S1a
cg25062539,97,S1a
cg05490029,97,S1a
cg14556425,96,S1a
cg12129796,43,S1a
cg01460430,97,S1a
cg21244580,97,S1a
cg25762854,90,S1a
cg04552766,97,S1a
cg25004108,97,S1a
cg14992760,97,S1a
cg16589705,78,S1a
cg02572713,97,S1a
cg21289795,97,S1a
cg26683058,72,S1a
cg15827214,97,S1a
cg00397910,97,S1a
cg26577017,97,S1a
cg08496775,97,S1a
cg00347369,97,S1a
cg20046330,97,S1a
cg09071889,97,S1a
cg23326689,97,S1a
cg22750155,97,S1a
cg01774159,97,S1a
cg06609197,97,S1a
cg16840523,97,S1a
cg01691768,97,S1a
cg14284469,97,S1a
cg00398130,97,S1a
cg27326514,97,S1a
cg13042329,50,S1a
cg17337106,97,S1a
cg25554557,66,S1a
cg20090859,97,S1a
cg09307412,97,S1a
cg00333678,97,S1a
cg23956966,96,S1a
cg04101874,97,S1a
cg22600312,97,S1a
cg26047313,97,S1a
cg16684661,97,S1a
cg17995652,97,S1a
cg23057870,59,S1a
cg03301084,49,S1a
cg00782057,97,S1a
cg15576233,97,S1a
cg12159190,97,S1a
cg08239177,97,S1a
cg17104422,97,S1a
cg04249769,97,S1a
cg19594822,97,S1a
cg24785532,97,S1a
cg06617101,97,S1a
cg16878809,97,S1a
cg02151535,88,S1a
cg02856132,97,S1a
cg08205700,97,S1a
cg15450295,97,S1a
cg06681396,97,S1a
cg17701417,97,S1a
cg12030370,97,S1a
cg24728099,97,S1a
cg23346544,97,S1a
cg17186066,58,S1a
cg08826066,97,S1a
cg10303695,94,S1a
cg03706154,68,S1a
cg20577468,97,S1a
cg11225528,97,S1a
cg27127903,97,S1a
cg06107816,97,S1a
cg06343149,97,S1a
cg08846566,97,S1a
cg20303075,97,S1a
cg20535966,97,S1a
cg03188356,97,S1a
cg20035127,97,S1a
cg12660466,14,S1a
cg02502679,97,S1a
cg26174628,93,S1a
cg09388920,97,S1a
cg17315639,97,S1a
cg27326661,33,S1a
cg19403586,97,S1a
cg06728098,60,S1a
cg12174498,97,S1a
cg13193676,97,S1a
cg06639722,97,S1a
cg02595263,97,S1a
cg26434225,97,S1a
cg24468444,97,S1a
cg06339792,97,S1a
cg17083281,97,S1a
cg02006107,97,S1a
cg17890283,97,S1a
cg01288904,55,S1a
cg19925215,97,S1a
cg05084750,97,S1a
cg16773115,97,S1a
cg13155823,53,S1a
cg26428748,44,S1a
cg27415032,56,S1a
cg21595409,97,S1a
cg11669824,97,S1a
cg13009608,68,S1a
cg23342367,83,S1a
cg09540738,97,S1a
cg21250232,97,S1a
cg23295127,97,S1a
cg07587588,97,S1a
cg16008931,50,S1a
cg16638571,97,S1a
cg22273042,97,S1a
cg09619309,90,S1a
cg07471507,91,S1a
cg21518268,97,S1a
cg00570618,95,S1a
cg16745033,97,S1a
cg13458001,97,S1a
cg17475381,97,S1a
cg00537960,97,S1a
cg07141950,97,S1a
cg13967424,97,S1a
cg11043918,97,S1a
cg09533845,97,S1a
cg04391722,62,S1a
cg13562276,40,S1a
cg27397943,64,S1a
cg15708373,97,S1a
cg26764175,97,S1a
cg07068883,97,S1a
cg22380165,97,S1a
cg09442458,97,S1a
cg24765188,97,S1a
cg01720991,97,S1a
cg11821269,97,S1a
cg20200516,92,S1a
cg03319894,97,S1a
cg20176142,97,S1a
cg07703530,97,S1a
cg11609156,97,S1a
cg03521774,97,S1a
cg11785425,97,S1a
cg21340500,67,S1a
cg07777599,97,S1a
cg16836059,96,S1a
cg05801363,97,S1a
cg13158017,97,S1a
cg20996164,97,S1a
cg02681480,97,S1a
cg14551323,97,S1a
cg06383979,97,S1a
cg06102678,43,S1a
cg20629254,79,S1a
cg11608558,97,S1a
cg05453820,97,S1a
cg13340231,71,S1a
cg26781464,97,S1a
cg09935228,97,S1a
cg24166295,96,S1a
cg18222509,97,S1a
cg17116969,97,S1a
cg25520872,97,S1a
cg02319318,97,S1a
cg26695909,97,S1a
cg11191368,97,S1a
cg02703822,97,S1a
cg07680649,97,S1a
cg00940546,97,S1a
cg00442814,92,S1a
cg16405582,97,S1a
cg07663813,97,S1a
cg17119612,97,S1a
cg02336175,97,S1a
cg24636969,84,S1a
cg12077319,92,S1a
cg02174588,97,S1a
cg23181590,97,S1a
cg16340152,97,S1a
cg12501870,95,S1a
cg02299020,82,S1a
cg07540652,97,S1a
cg04057016,97,S1a
cg19920183,97,S1a
cg05422836,97,S1a
cg22454686,97,S1a
cg06249753,97,S1a
cg08595989,97,S1a
cg14043253,68,S1a
cg05876246,90,S1a
cg02836769,97,S1a
cg26714514,97,S1a
cg11380329,97,S1a
cg20376249,97,S1a
cg13116061,95,S1a
cg00476430,97,S1a
cg10609868,41,S1a
cg16974308,80,S1a
cg05525416,97,S1a
cg01771871,97,S1a
cg22562591,97,S1a
cg09973676,97,S1a
cg19411922,78,S1a
cg02520639,76,S1a
cg03363256,97,S1a
cg07618730,97,S1a
cg08551857,97,S1a
cg20151670,97,S1a
cg03660911,97,S1a
cg05733623,97,S1a
cg19280776,97,S1a
cg19004971,97,S1a
cg12715235,97,S1a
cg11638472,97,S1a
cg25010006,63,S1a
cg09291217,97,S1a
cg05909702,96,S1a
cg25230327,97,S1a
cg14743210,97,S1a
cg09318283,97,S1a
cg01962077,97,S1a
cg10563714,97,S1a
cg17080893,97,S1a
cg07961887,97,S1a
cg23048068,97,S1a
cg19904463,97,S1a
cg02132163,97,S1a
cg15147690,97,S1a
cg16128701,97,S1a
cg07701018,97,S1a
cg00896540,97,S1a
cg25330232,97,S1a
cg15270790,97,S1a
cg20136457,97,S1a
cg05887431,97,S1a
cg21037180,60,S1a
cg22796481,66,S1a
cg27281765,94,S1a
cg21851937,97,S1a
cg13202410,97,S1a
cg11537619,66,S1a
cg21649520,97,S1a
cg22864519,97,S1a
cg19301273,63,S1a
cg16328319,97,S1a
cg02112027,97,S1a
cg07886701,64,S1a
cg04066177,74,S1a
cg14152613,97,S1a
cg19879471,58,S1a
cg19422565,86,S1a
cg07234508,79,S1a
cg26150533,65,S1a
cg10062803,97,S1a
cg19003397,97,S1a
cg09067228,97,S1a
cg25680105,97,S1a
cg06895436,97,S1a
cg14412187,97,S1a
cg03961824,97,S1a
cg20431441,94,S1a
cg09731922,97,S1a
cg05813297,97,S1a
cg17993027,97,S1a
cg20836412,97,S1a
cg24498133,97,S1a
cg09438113,97,S1a
cg09614956,97,S1a
cg24181213,97,S1a
cg01313234,97,S1a
cg16746631,91,S1a
cg03614189,97,S1a
cg05798523,97,S1a
cg23402311,97,S1a
cg12093930,97,S1a
cg13714895,97,S1a
cg04491064,97,S1a
cg11065621,62,S1a
cg02573176,96,S1a
cg00161955,97,S1a
cg26164767,97,S1a
cg02981620,97,S1a
cg00450487,81,S1a
cg23057831,97,S1a
cg27535044,97,S1a
cg02523415,97,S1a
cg08251499,97,S1a
cg24229963,97,S1a
cg10825040,97,S1a
cg05193211,97,S1a
cg16321523,97,S1a
cg07162097,42,S1a
cg02338142,97,S1a
cg21453209,91,S1a
cg23900905,53,S1a
cg11253416,85,S1a
cg07583137,94,S1a
cg18584012,97,S1a
cg09386971,97,S1a
cg17029151,97,S1a
cg08132132,97,S1a
cg14638840,97,S1a
cg16468773,97,S1a
cg02471507,97,S1a
cg00399374,97,S1a
cg20639948,97,S1a
cg23783862,68,S1a
cg01410469,97,S1a
cg18162743,90,S1a
cg10299753,97,S1a
cg17516635,93,S1a
cg07697082,97,S1a
cg13731609,95,S1a
cg02079420,97,S1a
cg05012709,97,S1a
cg06896663,97,S1a
cg07573057,97,S1a
cg24320091,97,S1a
cg23324259,97,S1a
cg17211192,97,S1a
cg27398817,95,S1a
cg06027949,97,S1a
cg08098923,97,S1a
cg01068332,79,S1a
cg10131808,94,S1a
cg23760649,96,S1a
cg22642178,97,S1a
cg09855962,97,S1a
cg13674604,97,S1a
cg00579749,97,S1a
cg25434864,97,S1a
cg12168112,97,S1a
cg25036357,97,S1a
cg03003919,97,S1a
cg11089595,97,S1a
cg08327106,97,S1a
cg01134282,97,S1a
cg06955749,97,S1a
cg00266009,97,S1a
cg05716166,97,S1a
cg26669044,97,S1a
cg22403811,26,S1a
cg00034076,97,S1a
cg01538821,97,S1a
cg23458558,97,S1a
cg21671806,97,S1a
cg23649708,97,S1a
cg04842146,97,S1a
cg18016194,97,S1a
cg25757598,97,S1a
cg17215863,97,S1a
cg14153637,76,S1a
cg17822502,79,S1a
cg21163701,97,S1a
cg16769791,83,S1a
cg00431317,50,S1a
cg03562117,57,S1a
cg26723492,97,S1a
cg10357555,96,S1a
cg01648376,68,S1a
cg12722436,97,S1a
cg04844231,97,S1a
cg11646018,97,S1a
cg06381000,97,S1a
cg22792785,97,S1a
cg13580934,88,S1a
cg24317002,96,S1a
cg06900861,68,S1a
cg08165661,97,S1a
cg05570314,97,S1a
cg21816001,97,S1a
cg05242148,97,S1a
cg00930309,97,S1a
cg10933445,97,S1a
cg05691468,97,S1a
cg01743501,97,S1a
cg27631114,97,S1a
cg14583781,97,S1a
cg02646225,97,S1a
cg02524003,97,S1a
cg21182416,97,S1a
cg04207142,97,S1a
cg17638730,97,S1a
cg11588857,97,S1a
cg14830952,97,S1a
cg15248149,97,S1a
cg04950789,97,S1a
cg00849990,97,S1a
cg24922263,91,S1a
cg08155591,92,S1a
cg12112870,66,S1a
cg14145632,94,S1a
cg19595499,97,S1a
cg00994649,97,S1a
cg24250070,97,S1a
cg12799003,86,S1a
cg20863715,97,S1a
cg20094999,97,S1a
cg23513139,97,S1a
cg21211020,97,S1a
cg15350925,97,S1a
cg16427488,97,S1a
cg22028544,97,S1a
cg03243110,97,S1a
cg17202382,97,S1a
cg07095671,53,S1a
cg11383391,83,S1a
cg17661103,41,S1a
cg08508368,97,S1a
cg20503956,97,S1a
cg18503260,96,S1a
cg26351027,90,S1a
cg24484339,97,S1a
cg14320633,79,S1a
cg25803316,97,S1a
cg10267817,97,S1a
cg03612092,97,S1a
cg17041937,97,S1a
cg09730672,97,S1a
cg06906980,97,S1a
cg15243617,97,S1a
cg07129273,97,S1a
cg14688129,97,S1a
cg04405874,97,S1a
cg05071334,97,S1a
cg13462821,97,S1a
cg03655884,48,S1a
cg03225502,45,S1a
cg25142416,97,S1a
cg17694593,97,S1a
cg12047752,97,S1a
cg17191715,97,S1a
cg26925025,97,S1a
cg07736716,97,S1a
cg26461905,97,S1a
cg13958215,78,S1a
cg22289837,97,S1a
cg12264626,97,S1a
cg13721134,97,S1a
cg05355225,97,S1a
cg18674980,97,S1a
cg07560510,97,S1a
cg17480760,97,S1a
cg10184889,97,S1a
cg21172458,97,S1a
cg08582356,97,S1a
cg21346043,96,S1a
cg22927247,97,S1a
cg02393479,87,S1a
cg24637974,97,S1a
cg24046475,97,S1a
cg08872550,97,S1a
cg09722643,97,S1a
cg23963118,97,S1a
cg25498536,97,S1a
cg12470625,97,S1a
cg06119051,97,S1a
cg00316777,97,S1a
cg25450061,97,S1a
cg23200067,75,S1a
cg12109797,96,S1a
cg12931171,84,S1a
cg14434412,94,S1a
cg27642416,97,S1a
cg21164369,97,S1a
cg26291020,97,S1a
cg08739896,97,S1a
cg24664347,97,S1a
cg18738804,50,S1a
cg02480077,97,S1a
cg16196968,97,S1a
cg04904932,97,S1a
cg09293718,97,S1a
cg05930091,97,S1a
cg01638770,97,S1a
cg00001099,97,S1a
cg17788832,97,S1a
cg15541630,97,S1a
cg09506473,97,S1a
cg26186954,97,S1a
cg04470072,97,S1a
cg20982735,95,S1a
cg27340506,97,S1a
cg19587887,97,S1a
cg22106623,94,S1a
cg17784027,84,S1a
cg06689659,97,S1a
cg08462478,97,S1a
cg09548292,97,S1a
cg14588399,37,S1a
cg02279147,97,S1a
cg10207510,97,S1a
cg17719360,97,S1a
cg16767170,97,S1a
cg14487271,97,S1a
cg17711870,97,S1a
cg13552736,97,S1a
cg10578717,97,S1a
cg27002758,97,S1a
cg27007426,97,S1a
cg21761045,97,S1a
cg01211091,97,S1a
cg08161732,97,S1a
cg11326717,97,S1a
cg11462016,97,S1a
cg20096481,97,S1a
cg21254470,97,S1a
cg14559774,97,S1a
cg23704802,88,S1a
cg16584475,97,S1a
cg15309990,97,S1a
cg12726213,88,S1a
cg01874933,96,S1a
cg22061479,97,S1a
cg05463819,97,S1a
cg15271056,97,S1a
cg01244871,97,S1a
cg05049323,97,S1a
cg27223183,97,S1a
cg03483142,97,S1a
cg03068637,97,S1a
cg25231471,97,S1a
cg07448949,97,S1a
cg00550725,97,S1a
cg05786429,97,S1a
cg15253520,97,S1a
cg22094071,97,S1a
cg11389953,32,S1a
cg26229216,97,S1a
cg19078186,97,S1a
cg18554986,97,S1a
cg21418118,97,S1a
cg22603934,97,S1a
cg10473004,97,S1a
cg02340846,97,S1a
cg07999887,97,S1a
cg00124004,97,S1a
cg12162100,62,S1a
cg02712949,97,S1a
cg20794957,97,S1a
cg14283802,97,S1a
cg14224760,44,S1a
cg21221571,95,S1a
cg06757810,97,S1a
cg23301462,54,S1a
cg09863149,97,S1a
cg20630812,97,S1a
cg00374101,97,S1a
cg12186816,97,S1a
cg00064296,97,S1a
cg05893029,17,S1a
cg03309455,97,S1a
cg15707869,97,S1a
cg17777531,97,S1a
cg10222925,97,S1a
cg20100668,97,S1a
cg01587454,97,S1a
cg11498870,97,S1a
cg03537537,94,S1a
cg23701865,97,S1a
cg07086592,97,S1a
cg18543993,97,S1a
cg17703554,97,S1a
cg21181391,97,S1a
cg02310286,97,S1a
cg13342634,97,S1a
cg01785722,97,S1a
cg08678000,48,S1a
cg03136486,97,S1a
cg02526439,97,S1a
cg19597545,97,S1a
cg17185705,97,S1a
cg12099658,97,S1a
cg13089406,97,S1a
cg20531808,56,S1a
cg19130189,94,S1a
cg02695697,97,S1a
cg07007122,93,S1a
cg17101720,97,S1a
cg12854428,97,S1a
cg21045828,87,S1a
cg26711345,45,S1a
cg11630103,34,S1a
cg08624180,97,S1a
cg11536457,96,S1a
cg16852892,73,S1a
cg02889488,97,S1a
cg26756083,97,S1a
cg04684553,97,S1a
cg05033271,94,S1a
cg12818557,97,S1a
cg08397978,97,S1a
cg14644752,97,S1a
cg24456365,97,S1a
cg01673994,97,S1a
cg07609388,97,S1a
cg26075830,97,S1a
cg08608780,97,S1a
cg18772399,52,S1a
cg19143208,86,S1a
cg12943259,86,S1a
cg21512324,26,S1a
cg15230164,96,S1a
cg03295542,88,S1a
cg26566358,70,S1a
cg26548574,97,S1a
cg11367259,94,S1a
cg18321762,77,S1a
cg13518405,88,S1a
cg02190928,51,S1a
cg27457457,54,S1a
cg24468955,97,S1a
cg12176793,97,S1a
cg16851402,97,S1a
cg25604066,89,S1a
cg13079633,42,S1a
cg00583551,97,S1a
cg05892903,97,S1a
cg23873315,97,S1a
cg05604720,97,S1a
cg15054260,97,S1a
cg02503933,97,S1a
cg08120796,97,S1a
cg08330117,97,S1a
cg18123581,41,S1a
cg00564714,59,S1a
cg15723028,19,S1a
cg05372370,97,S1a
cg23632791,50,S1a
cg03894572,88,S1a
cg18493113,27,S1a
cg21657334,21,S1a
cg24607675,41,S1a
cg25062197,97,S1a
cg19629543,97,S1a
cg24046017,97,S1a
cg06418282,90,S1a
cg04857257,63,S1a
cg13153865,97,S1a
cg17226575,97,S1a
cg16141325,97,S1a
cg00161482,97,S1a
cg23412438,97,S1a
cg11754995,97,S1a
cg06774441,97,S1a
cg16668150,97,S1a
cg01421994,97,S1a
cg11965634,97,S1a
cg21336181,96,S1a
cg25546488,40,S1a
cg20641355,97,S1a
cg07084161,97,S1a
cg22881279,97,S1a
cg13963727,97,S1a
cg14813019,97,S1a
cg17724365,97,S1a
cg10410170,48,S1a
cg20894569,60,S1a
cg00797142,97,S1a
cg27103801,97,S1a
cg16565528,97,S1a
cg23409075,97,S1a
cg02636596,97,S1a
cg10818319,97,S1a
cg23705487,97,S1a
cg13277385,97,S1a
cg04285295,97,S1a
cg20154084,97,S1a
cg01971612,97,S1a
cg18485485,97,S1a
cg21698802,97,S1a
cg06902669,97,S1a
cg11872321,97,S1a
cg27040700,97,S1a
cg25492971,70,S1a
cg20989777,97,S1a
cg18335796,97,S1a
cg13889963,97,S1a
cg12402251,97,S1a
cg26290632,97,S1a
cg08992872,97,S1a
cg06281795,97,S1a
cg03708168,97,S1a
cg17816771,77,S1a
cg21211551,87,S1a
cg22910862,94,S1a
cg16675357,97,S1a
cg18476517,95,S1a
cg10803935,97,S1a
cg23201059,57,S1a
cg07575970,97,S1a
cg02303505,97,S1a
cg10174582,77,S1a
cg24030920,97,S1a
cg07171609,97,S1a
cg05458554,64,S1a
cg16506513,97,S1a
cg17123135,97,S1a
cg13750967,97,S1a
cg23779621,97,S1a
cg16569430,97,S1a
cg00568044,97,S1a
cg02639285,97,S1a
cg01528492,97,S1a
cg12795046,97,S1a
cg18030615,97,S1a
cg16814680,81,S1a
cg20540235,34,S1a
cg03691756,97,S1a
cg14484176,96,S1a
cg07478467,76,S1a
cg00865390,97,S1a
cg00954545,83,S1a
cg22651079,61,S1a
cg00268330,97,S1a
cg03550384,97,S1a
cg00151250,97,S1a
cg21368609,97,S1a
cg23133255,97,S1a
cg15834388,97,S1a
cg20040743,97,S1a
cg01026458,97,S1a
cg25224568,97,S1a
cg15333318,97,S1a
cg26659834,97,S1a
cg14750836,97,S1a
cg23793965,96,S1a
cg15765497,97,S1a
cg10347136,97,S1a
cg02481848,97,S1a
cg23542075,97,S1a
cg27326113,97,S1a
cg00940812,94,S1a
cg17091020,27,S1a
cg12564648,97,S1a
cg01676962,97,S1a
cg23937816,97,S1a
cg00914041,97,S1a
cg17649385,97,S1a
cg15328990,73,S1a
cg18507018,94,S1a
cg15428453,97,S1a
cg00780456,97,S1a
cg15540596,97,S1a
cg15170424,97,S1a
cg11224647,97,S1a
cg00288584,97,S1a
cg04424507,97,S1a
cg16274098,97,S1a
cg20369204,97,S1a
cg06688396,97,S1a
cg10103036,42,S1a
cg15448144,80,S1a
cg03347985,97,S1a
cg25987774,97,S1a
cg04884627,97,S1a
cg07066362,97,S1a
cg06216901,97,S1a
cg08143636,97,S1a
cg04458139,97,S1a
cg14905331,97,S1a
cg18888595,97,S1a
cg06670766,97,S1a
cg23863900,97,S1a
cg27333517,97,S1a
cg11209218,97,S1a
cg19586698,50,S1a
cg02094071,97,S1a
cg08181774,97,S1a
cg27620524,97,S1a
cg17628695,96,S1a
cg24145146,97,S1a
cg27000687,52,S1a
cg27129564,97,S1a
cg26898923,97,S1a
cg12750031,97,S1a
cg17214676,74,S1a
cg26596161,97,S1a
cg14714537,92,S1a
cg09897656,71,S1a
cg06442162,96,S1a
cg25481252,83,S1a
cg00431968,97,S1a
cg24347611,97,S1a
cg11751344,97,S1a
cg06902828,64,S1a
cg00835705,81,S1a
cg25439479,97,S1a
cg12030310,97,S1a
cg07963363,97,S1a
cg26968803,97,S1a
cg04350120,97,S1a
cg04563046,97,S1a
cg10183463,76,S1a
cg05472998,97,S1a
cg14666397,95,S1a
cg22644557,78,S1a
cg03484853,74,S1a
cg26683636,97,S1a
cg02411529,97,S1a
cg02473460,97,S1a
cg01851874,97,S1a
cg18457433,57,S1a
cg22334059,97,S1a
cg07120544,97,S1a
cg00045118,97,S1a
cg16905907,97,S1a
cg14552882,68,S1a
cg05556361,97,S1a
cg03760919,97,S1a
cg07538339,97,S1a
cg19007731,97,S1a
cg26959358,97,S1a
cg17487050,95,S1a
cg15975574,97,S1a
cg04617905,97,S1a
cg12040370,97,S1a
cg24476103,97,S1a
cg11043251,97,S1a
cg02052366,97,S1a
cg16683746,97,S1a
cg12926938,97,S1a
cg07622493,97,S1a
cg14631386,97,S1a
cg01978558,97,S1a
cg06560754,97,S1a
cg21239901,97,S1a
cg23242697,97,S1a
cg00563873,41,S1a
cg01806520,97,S1a
cg14091626,97,S1a
cg20309121,97,S1a
cg09498948,97,S1a
cg01515574,58,S1a
cg17308545,89,S1a
cg10767372,97,S1a
cg12683742,82,S1a
cg24160178,97,S1a
cg05131732,97,S1a
cg25077189,48,S1a
cg17992429,97,S1a
cg18536819,97,S1a
cg13439414,58,S1a
cg08584947,97,S1a
cg23710945,97,S1a
cg22013407,54,S1a
cg00245057,77,S1a
cg25368103,97,S1a
cg09564361,97,S1a
cg27339256,77,S1a
cg01188466,97,S1a
cg05910407,75,S1a
cg09126569,97,S1a
cg01471572,75,S1a
cg20211654,97,S1a
cg03150753,97,S1a
cg09145147,97,S1a
cg03587925,97,S1a
cg04687515,97,S1a
cg06997184,97,S1a
cg05787508,78,S1a
cg08840751,97,S1a
cg23755884,94,S1a
cg22388347,97,S1a
cg02915776,94,S1a
cg21230793,61,S1a
cg01962989,95,S1a
cg19440484,97,S1a
cg16560711,97,S1a
cg10440583,97,S1a
cg27302296,97,S1a
cg25626869,97,S1a
cg19543005,83,S1a
cg15244129,43,S1a
cg02009601,87,S1a
cg06926343,90,S1a
cg09636941,95,S1a
cg23118721,97,S1a
cg07741229,97,S1a
cg00022900,97,S1a
cg26351679,97,S1a
cg09581647,97,S1a
cg07292140,97,S1a
cg00641679,97,S1a
cg11329853,97,S1a
cg03272066,96,S1a
cg18975130,69,S1a
cg05877990,97,S1a
cg19032662,97,S1a
cg00306523,97,S1a
cg18318722,97,S1a
cg19187110,67,S1a
cg21074058,97,S1a
cg08838779,97,S1a
cg23670904,97,S1a
cg03750034,97,S1a
cg23824502,81,S1a
cg07352127,97,S1a
cg15319126,97,S1a
cg15623175,97,S1a
cg03186975,97,S1a
cg17118836,97,S1a
cg11889145,97,S1a
cg20333288,97,S1a
cg00084720,96,S1a
cg25543170,97,S1a
cg02942591,97,S1a
cg19496364,97,S1a
cg10975798,97,S1a
cg18792031,97,S1a
cg21044434,52,S1a
cg16018124,97,S1a
cg01040499,66,S1a
cg14487188,97,S1a
cg07296597,97,S1a
cg15245598,97,S1a
cg00969165,79,S1a
cg08268017,97,S1a
cg07713896,97,S1a
cg23090632,97,S1a
cg27338504,97,S1a
cg23311531,97,S1a
cg27497049,97,S1a
cg02509647,97,S1a
cg17696629,97,S1a
cg05655001,97,S1a
cg21021448,97,S1a
cg16659470,97,S1a
cg01863013,97,S1a
cg01245191,97,S1a
cg25406442,97,S1a
cg17212500,94,S1a
cg06686857,5,S1a
cg22517836,61,S1a
cg17600661,90,S1a
cg03796543,97,S1a
cg27481254,97,S1a
cg20976575,97,S1a
cg02399745,97,S1a
cg07135964,97,S1a
cg02931907,95,S1a
cg23729963,97,S1a
cg03571684,97,S1a
cg11753193,97,S1a
cg07538747,97,S1a
cg26795524,97,S1a
cg04895581,97,S1a
cg18296071,97,S1a
cg05000039,81,S1a
cg04686255,97,S1a
cg11600285,97,S1a
cg23868809,97,S1a
cg08296385,86,S1a
cg03463818,95,S1a
cg03190702,93,S1a
cg03616030,64,S1a
cg04458510,97,S1a
cg17471019,97,S1a
cg27550488,97,S1a
cg19789557,97,S1a
cg10207187,97,S1a
cg27360560,97,S1a
cg22687346,97,S1a
cg18027810,97,S1a
cg22764782,97,S1a
cg16929393,97,S1a
cg16581455,97,S1a
cg13426632,97,S1a
cg07264586,97,S1a
cg26322872,97,S1a
cg10558233,66,S1a
cg09924322,97,S1a
cg14028520,91,S1a
cg02459543,97,S1a
cg14346035,97,S1a
cg16099476,97,S1a
cg22100228,97,S1a
cg06946942,97,S1a
cg27316993,97,S1a
cg14942134,97,S1a
cg24991001,97,S1a
cg06543761,97,S1a
cg25183890,97,S1a
cg08058217,97,S1a
cg20181482,97,S1a
cg17248603,97,S1a
cg14681977,81,S1a
cg06991732,97,S1a
cg08855705,97,S1a
cg06567195,76,S1a
cg23109530,97,S1a
cg23514340,94,S1a
cg10402198,97,S1a
cg03002735,97,S1a
cg25877069,97,S1a
cg21712831,53,S1a
cg21648954,97,S1a
cg17195934,97,S1a
cg15438207,97,S1a
cg20112735,97,S1a
cg07279752,96,S1a
cg24029096,97,S1a
cg06016823,97,S1a
cg03544781,78,S1a
cg05593715,97,S1a
cg17759167,66,S1a
cg24844202,97,S1a
cg27415425,97,S1a
cg19363785,97,S1a
cg06241915,97,S1a
cg09051342,97,S1a
cg08379380,97,S1a
cg25377915,57,S1a
cg08186548,97,S1a
cg07681799,97,S1a
cg05323683,97,S1a
cg12038710,97,S1a
cg14353573,97,S1a
cg17768665,55,S1a
cg01803859,97,S1a
cg20987610,97,S1a
cg05808793,97,S1a
cg16775167,97,S1a
cg16696923,97,S1a
cg09857273,97,S1a
cg24163418,97,S1a
cg10643691,97,S1a
cg07485198,97,S1a
cg25947489,97,S1a
cg25426044,97,S1a
cg08682535,97,S1a
cg26427135,97,S1a
cg27601906,96,S1a
cg16208136,97,S1a
cg25629326,97,S1a
cg07032473,97,S1a
cg26826136,97,S1a
cg00560584,96,S1a
cg25096847,97,S1a
cg17943999,97,S1a
cg07306755,97,S1a
cg22885024,97,S1a
cg04234070,97,S1a
cg08701816,97,S1a
cg22140793,97,S1a
cg07741992,57,S1a
cg02189356,97,S1a
cg00556407,97,S1a
cg02544829,97,S1a
cg16001675,96,S1a
cg14627709,17,S1a
cg20157985,97,S1a
cg25305774,97,S1a
cg13376143,96,S1a
cg04496177,95,S1a
cg13257157,97,S1a
cg18433268,97,S1a
cg07154931,92,S1a
cg23639841,97,S1a
cg11474778,97,S1a
cg07918226,97,S1a
cg27091703,97,S1a
cg17818837,97,S1a
cg03024931,93,S1a
cg10695234,97,S1a
cg14638351,97,S1a
cg00161683,97,S1a
cg02171725,97,S1a
cg22736280,97,S1a
cg00242299,97,S1a
cg26464482,90,S1a
cg07158312,97,S1a
cg00669777,97,S1a
cg03769349,97,S1a
cg22986488,97,S1a
cg17994390,97,S1a
cg06436510,97,S1a
cg16717480,97,S1a
cg06042316,88,S1a
cg19307645,41,S1a
cg10981717,97,S1a
cg24391331,80,S1a
cg06699564,96,S1a
cg11204212,97,S1a
cg24931242,97,S1a
cg11254361,97,S1a
cg06019853,97,S1a
cg14154651,97,S1a
cg26350286,97,S1a
cg07473471,97,S1a
cg16747999,97,S1a
cg22327427,97,S1a
cg12108974,97,S1a
cg21595503,97,S1a
cg06780363,97,S1a
cg18565355,97,S1a
cg13909214,97,S1a
cg17691292,97,S1a
cg16648355,97,S1a
cg16371032,97,S1a
cg27655935,97,S1a
cg13078567,50,S1a
cg15816511,97,S1a
cg13204435,97,S1a
cg09861171,97,S1a
cg04664127,97,S1a
cg03494797,97,S1a
cg14329673,97,S1a
cg25632114,97,S1a
cg20419272,77,S1a
cg19363128,97,S1a
cg11400488,97,S1a
cg19995094,97,S1a
cg10867947,97,S1a
cg02928029,97,S1a
cg24757514,97,S1a
cg13924748,97,S1a
cg06702534,97,S1a
cg24908708,97,S1a
cg00375031,97,S1a
cg25814902,97,S1a
cg15894039,97,S1a
cg00837773,96,S1a
cg20570179,97,S1a
cg20298425,94,S1a
cg16498681,97,S1a
cg20527070,72,S1a
cg25057372,92,S1a
cg12187567,97,S1a
cg01459673,97,S1a
cg19335095,97,S1a
cg07897448,97,S1a
cg01517025,97,S1a
cg16328273,97,S1a
cg18511285,97,S1a
cg00628130,97,S1a
cg25221341,97,S1a
cg19363213,97,S1a
cg24253461,97,S1a
cg01282195,97,S1a
cg08755736,41,S1a
cg01824466,74,S1a
cg26343298,97,S1a
cg21701395,97,S1a
cg24434118,97,S1a
cg05266843,97,S1a
cg19916637,97,S1a
cg13128305,97,S1a
cg16049864,97,S1a
cg09323728,97,S1a
cg23172400,97,S1a
cg13393036,97,S1a
cg20039814,97,S1a
cg18059933,97,S1a
cg20274462,97,S1a
cg03740261,97,S1a
cg13162127,73,S1a
cg09933108,84,S1a
cg23175907,96,S1a
cg23106115,97,S1a
cg21197871,97,S1a
cg27127492,97,S1a
cg15602841,97,S1a
cg09511734,97,S1a
cg11982332,97,S1a
cg26196912,97,S1a
cg04232586,97,S1a
cg23644127,97,S1a
cg02693150,88,S1a
cg05685297,97,S1a
cg07158065,97,S1a
cg04217808,97,S1a
cg22234712,97,S1a
cg24928110,97,S1a
cg17495087,97,S1a
cg27130359,97,S1a
cg19084794,97,S1a
cg21806747,97,S1a
cg12635790,96,S1a
cg24482314,95,S1a
cg12865818,97,S1a
cg07556057,75,S1a
cg09093993,97,S1a
cg16151082,97,S1a
cg18317951,97,S1a
cg05797660,85,S1a
cg08605641,97,S1a
cg16505455,97,S1a
cg01466771,97,S1a
cg03337918,97,S1a
cg05060175,97,S1a
cg02480685,97,S1a
cg16878214,97,S1a
cg12930753,53,S1a
cg08270005,84,S1a
cg17313222,97,S1a
cg03588769,97,S1a
cg18119977,97,S1a
cg16665383,15,S1a
cg06302399,95,S1a
cg00219816,97,S1a
cg07047347,97,S1a
cg05473447,97,S1a
cg23862908,97,S1a
cg09948111,97,S1a
cg03929901,97,S1a
cg12870643,97,S1a
cg03591676,97,S1a
cg24261177,97,S1a
cg17169333,97,S1a
cg06563589,97,S1a
cg03185272,75,S1a
cg03218396,97,S1a
cg11192169,97,S1a
cg16405960,91,S1a
cg12285085,97,S1a
cg08163855,97,S1a
cg21773820,97,S1a
cg04203453,96,S1a
cg21857846,22,S1a
cg03362549,42,S1a
cg21333674,97,S1a
cg12941261,65,S1a
cg13160891,97,S1a
cg21994818,77,S1a
cg23917009,97,S1a
cg03595986,69,S1a
cg12994591,97,S1a
cg20537987,97,S1a
cg26655344,96,S1a
cg23733739,97,S1a
cg18716635,72,S1a
cg16274207,92,S1a
cg06042148,94,S1a
cg20220316,97,S1a
cg17765892,97,S1a
cg04365123,97,S1a
cg00585714,97,S1a
cg18533201,97,S1a
cg19691778,97,S1a
cg17820365,97,S1a
cg09164580,97,S1a
cg05690644,97,S1a
cg18902541,97,S1a
cg02246426,97,S1a
cg12156944,97,S1a
cg16574871,97,S1a
cg01673674,97,S1a
cg07046818,97,S1a
cg10133465,97,S1a
cg00394180,97,S1a
cg11738701,97,S1a
cg16290866,97,S1a
cg26550710,97,S1a
cg08381274,97,S1a
cg20800022,97,S1a
cg10689528,97,S1a
cg17999376,97,S1a
cg10131194,97,S1a
cg15277906,97,S1a
cg15270654,97,S1a
cg26035118,97,S1a
cg07159961,97,S1a
cg07589612,97,S1a
cg13211683,97,S1a
cg11073558,97,S1a
cg03224572,97,S1a
cg16530959,74,S1a
cg18214379,97,S1a
cg05701791,97,S1a
cg00421139,97,S1a
cg21859781,97,S1a
cg19939997,97,S1a
cg05552220,97,S1a
cg03734437,97,S1a
cg05447833,97,S1a
cg09730795,82,S1a
cg24126844,96,S1a
cg05580991,97,S1a
cg09130549,97,S1a
cg21187239,97,S1a
cg17889103,97,S1a
cg12991784,97,S1a
cg26567249,97,S1a
cg06079273,97,S1a
cg17683126,97,S1a
cg11711121,97,S1a
cg05464172,97,S1a
cg22313024,97,S1a
cg14651183,36,S1a
cg04462334,95,S1a
cg18231114,97,S1a
cg19109130,63,S1a
cg16177163,97,S1a
cg00297737,97,S1a
cg09102817,97,S1a
cg23730268,97,S1a
cg01440407,97,S1a
cg03630615,97,S1a
cg18913729,97,S1a
cg00317680,97,S1a
cg08867155,97,S1a
cg15423199,97,S1a
cg09484009,78,S1a
cg20480522,97,S1a
cg14219854,78,S1a
cg23432707,97,S1a
cg13461821,94,S1a
cg09294998,92,S1a
cg22062539,97,S1a
cg13530474,97,S1a
cg14914552,97,S1a
cg09267188,97,S1a
cg22138393,97,S1a
cg09096671,97,S1a
cg24708861,97,S1a
cg21909859,97,S1a
cg23182200,97,S1a
cg12093620,97,S1a
cg24862548,97,S1a
cg11118690,97,S1a
cg26682048,97,S1a
cg07364657,97,S1a
cg06171329,97,S1a
cg05568234,97,S1a
cg11508001,36,S1a
cg22404290,96,S1a
cg13912834,97,S1a
cg24326782,11,S1a
cg01329309,97,S1a
cg26777303,72,S1a
cg25664438,95,S1a
cg23858558,45,S1a
cg13096260,97,S1a
cg18719750,97,S1a
cg24732574,97,S1a
cg08979737,97,S1a
cg25070637,97,S1a
cg14538332,97,S1a
cg16935295,97,S1a
cg04261408,95,S1a
cg14625631,97,S1a
cg10292139,76,S1a
cg16673702,97,S1a
cg07146119,97,S1a
cg20594401,97,S1a
cg03276479,97,S1a
cg23356017,97,S1a
cg27517823,77,S1a
cg24862252,81,S1a
cg10303967,97,S1a
cg18030776,97,S1a
cg14942501,97,S1a
cg26842303,91,S1a
cg15980656,79,S1a
cg22137815,97,S1a
cg14830748,97,S1a
cg16962683,97,S1a
cg14408978,97,S1a
cg00446722,97,S1a
cg12190613,97,S1a
cg11540932,97,S1a
cg13975583,97,S1a
cg01892689,97,S1a
cg14332120,97,S1a
cg17575602,97,S1a
cg05968601,97,S1a
cg21184172,97,S1a
cg04986675,97,S1a
cg24460884,97,S1a
cg25623409,97,S1a
cg08210474,97,S1a
cg14892538,97,S1a
cg14678829,97,S1a
cg17631196,97,S1a
cg01076971,97,S1a
cg23741863,97,S1a
cg11536940,97,S1a
cg03613618,97,S1a
cg15133564,52,S1a
cg17174400,97,S1a
cg20426042,87,S1a
cg16754788,97,S1a
cg06542559,97,S1a
cg08247527,80,S1a
cg02151711,97,S1a
cg05737522,58,S1a
cg10960920,97,S1a
cg04026948,92,S1a
cg21735068,81,S1a
cg22222461,93,S1a
cg05038436,97,S1a
cg08646313,61,S1a
cg08680528,97,S1a
cg18145431,97,S1a
cg17185622,96,S1a
cg23205034,41,S1a
cg17477700,97,S1a
cg06050964,92,S1a
cg15258031,97,S1a
cg11185991,97,S1a
cg12668551,97,S1a
cg05130482,97,S1a
cg10419556,97,S1a
cg19653425,97,S1a
cg24512297,97,S1a
cg18458131,97,S1a
cg01569173,97,S1a
cg22328208,97,S1a
cg15747595,97,S1a
cg18233405,97,S1a
cg04917181,97,S1a
cg22319311,97,S1a
cg00032205,97,S1a
cg00186701,97,S1a
cg09503853,97,S1a
cg23197859,97,S1a
cg08260790,97,S1a
cg25557306,97,S1a
cg13249519,97,S1a
cg26032317,97,S1a
cg07969609,50,S1a
cg13170640,97,S1a
cg19302285,97,S1a
cg07653395,97,S1a
cg26793720,96,S1a
cg17525436,51,S1a
cg08463306,97,S1a
cg13208478,97,S1a
cg26346210,97,S1a
cg16721359,97,S1a
cg00632466,97,S1a
cg24616081,8,S1a
cg24314288,97,S1a
cg02689735,97,S1a
cg15002580,97,S1a
cg09766212,97,S1a
cg01561160,97,S1a
cg16659407,62,S1a
cg00265490,97,S1a
cg05237543,97,S1a
cg21206266,97,S1a
cg21225450,97,S1a
cg08874788,97,S1a
cg25544073,97,S1a
cg17335114,97,S1a
cg00161931,97,S1a
cg10290527,97,S1a
cg04464219,97,S1a
cg19251280,97,S1a
cg01873391,64,S1a
cg07402337,97,S1a
cg14317230,13,S1a
cg19506380,97,S1a
cg01655158,97,S1a
cg01446324,97,S1a
cg19357416,97,S1a
cg20541656,97,S1a
cg14713118,97,S1a
cg22581831,97,S1a
cg20544357,97,S1a
cg01968242,97,S1a
cg12424817,97,S1a
cg01857802,97,S1a
cg04517323,97,S1a
cg07673230,97,S1a
cg19726712,97,S1a
cg24470929,97,S1a
cg16336586,97,S1a
cg18331249,97,S1a
cg15195097,97,S1a
cg23429698,97,S1a
cg16129200,69,S1a
cg10039928,97,S1a
cg09093931,97,S1a
cg14639897,97,S1a
cg09023820,97,S1a
cg07333924,97,S1a
cg27628089,97,S1a
cg01038450,97,S1a
cg13682019,97,S1a
cg03293015,97,S1a
cg03489969,97,S1a
cg21231993,97,S1a
cg16202564,97,S1a
cg16016960,97,S1a
cg21772191,97,S1a
cg20523466,97,S1a
cg00259388,97,S1a
cg10447222,97,S1a
cg14088921,22,S1a
cg00990769,97,S1a
cg08977887,97,S1a
cg05849612,97,S1a
cg14864369,97,S1a
cg25899051,97,S1a
cg16297171,97,S1a
cg16103712,97,S1a
cg12861602,23,S1a
cg19935471,66,S1a
cg04058134,64,S1a
cg02736928,62,S1a
cg26979279,97,S1a
cg11401558,97,S1a
cg12115659,97,S1a
cg11932387,97,S1a
cg17183723,97,S1a
cg13520782,97,S1a
cg10416622,97,S1a
cg01076405,97,S1a
cg09096860,97,S1a
cg23867321,97,S1a
cg02181143,97,S1a
cg20491094,97,S1a
cg07047046,97,S1a
cg09855001,97,S1a
cg09758671,97,S1a
cg07462670,88,S1a
cg19995049,97,S1a
cg22628851,66,S1a
cg00776026,97,S1a
cg22343946,97,S1a
cg01238991,97,S1a
cg03126821,97,S1a
cg20327862,97,S1a
cg05087842,97,S1a
cg12845520,97,S1a
cg08843039,97,S1a
cg26989202,97,S1a
cg19978209,97,S1a
cg01754037,97,S1a
cg25248750,97,S1a
cg19645298,66,S1a
cg22009052,16,S1a
cg17203290,97,S1a
cg20662018,8,S1a
cg12076863,97,S1a
cg11713008,97,S1a
cg25291941,97,S1a
cg11741254,97,S1a
cg05999191,97,S1a
cg13270404,97,S1a
cg17836109,97,S1a
cg04153114,97,S1a
cg20134190,97,S1a
cg06820914,97,S1a
cg02362450,97,S1a
cg14377816,97,S1a
cg23276044,97,S1a
cg15399561,97,S1a
cg21755166,97,S1a
cg15450160,7,S1a
cg26804057,97,S1a
cg04559159,88,S1a
cg16121907,97,S1a
cg22623649,96,S1a
cg18145026,97,S1a
cg01822827,97,S1a
cg03381604,97,S1a
cg14315058,97,S1a
cg03588039,97,S1a
cg11956930,97,S1a
cg20516620,97,S1a
cg24339785,97,S1a
cg01566999,97,S1a
cg12039490,97,S1a
cg12860109,97,S1a
cg10558755,97,S1a
cg14288091,97,S1a
cg10579840,97,S1a
cg13924580,97,S1a
cg15264255,97,S1a
cg07302626,97,S1a
cg01949798,97,S1a
cg09965939,97,S1a
cg02525995,29,S1a
cg14343905,97,S1a
cg11061774,97,S1a
cg25457109,97,S1a
cg18109033,97,S1a
cg10034808,97,S1a
cg17973038,97,S1a
cg02694884,97,S1a
cg07145229,97,S1a
cg08210975,97,S1a
cg03561565,18,S1a
cg01592801,97,S1a
cg08231709,97,S1a
cg08706670,97,S1a
cg14688104,97,S1a
cg11964564,97,S1a
cg21252914,97,S1a
cg05373457,97,S1a
cg14486338,97,S1a
cg02471153,97,S1a
cg02143496,97,S1a
cg05627826,97,S1a
cg08717425,97,S1a
cg13070650,12,S1a
cg11971662,97,S1a
cg18569825,97,S1a
cg15276922,97,S1a
cg02675173,97,S1a
cg10806209,97,S1a
cg07263492,97,S1a
cg00069432,97,S1a
cg27147306,74,S1a
cg25623604,97,S1a
cg11193173,97,S1a
cg12995160,97,S1a
cg20673075,97,S1a
cg11732321,97,S1a
cg27313044,97,S1a
cg21349849,97,S1a
cg00163859,97,S1a
cg23872893,97,S1a
cg16222184,97,S1a
cg11385042,97,S1a
cg00728029,97,S1a
cg07791490,97,S1a
cg09537551,97,S1a
cg01407477,73,S1a
cg14888916,56,S1a
cg16531209,72,S1a
cg03020554,97,S1a
cg01172183,97,S1a
cg06992285,97,S1a
cg05236677,97,S1a
cg15830431,97,S1a
cg12194701,97,S1a
cg14637002,97,S1a
cg00716390,97,S1a
cg02485410,97,S1a
cg02010682,97,S1a
cg03301200,97,S1a
cg24796272,97,S1a
cg05986505,96,S1a
cg22920700,81,S1a
cg08115114,36,S1a
cg05085137,23,S1a
cg00300750,97,S1a
cg26294710,80,S1a
cg02952828,95,S1a
cg08099174,97,S1a
cg26347379,97,S1a
cg18428626,97,S1a
cg26137478,97,S1a
cg07771539,97,S1a
cg22648885,97,S1a
cg03547086,97,S1a
cg13016314,97,S1a
cg22524061,93,S1a
cg14657725,97,S1a
cg23820828,97,S1a
cg03157027,97,S1a
cg04768602,97,S1a
cg02409878,96,S1a
cg26570179,97,S1a
cg07972191,97,S1a
cg07358855,97,S1a
cg02469095,97,S1a
cg14548272,97,S1a
cg00388812,97,S1a
cg08202494,97,S1a
cg05754861,97,S1a
cg01581084,97,S1a
cg20823772,97,S1a
cg16746576,97,S1a
cg18744668,97,S1a
cg01148781,74,S1a
cg09607488,97,S1a
cg06103412,97,S1a
cg17175392,97,S1a
cg12356266,97,S1a
cg23864949,97,S1a
cg24358846,97,S1a
cg10409981,97,S1a
cg20909645,93,S1a
cg10640072,97,S1a
cg09059319,97,S1a
cg03896611,97,S1a
cg14968543,97,S1a
cg12394706,85,S1a
cg24326075,47,S1a
cg06575391,97,S1a
cg05586662,97,S1a
cg22016326,97,S1a
cg24291203,97,S1a
cg23154620,97,S1a
cg00420715,97,S1a
cg00117913,97,S1a
cg20516737,97,S1a
cg00155167,97,S1a
cg06070421,97,S1a
cg09704152,97,S1a
cg18224970,97,S1a
cg04175786,97,S1a
cg03340303,97,S1a
cg04552799,97,S1a
cg00451651,75,S1a
cg09461494,33,S1a
cg24003216,30,S1a
cg20498482,93,S1a
cg17117823,97,S1a
cg07704300,97,S1a
cg10500570,74,S1a
cg24919348,68,S1a
cg22564448,97,S1a
cg18520777,97,S1a
cg06258648,97,S1a
cg12187761,97,S1a
cg18576301,97,S1a
cg23159157,97,S1a
cg19609438,89,S1a
cg25639138,97,S1a
cg08222943,97,S1a
cg15324723,91,S1a
cg13615027,35,S1a
cg10187692,97,S1a
cg02693238,80,S1a
cg02880169,94,S1a
cg14537031,73,S1a
cg03080538,97,S1a
cg14960007,97,S1a
cg21138012,90,S1a
cg24168378,97,S1a
cg24267801,97,S1a
cg04446447,97,S1a
cg06727855,97,S1a
cg18100876,97,S1a
cg02514855,97,S1a
cg05081629,97,S1a
cg12125691,97,S1a
cg05686643,97,S1a
cg01977082,97,S1a
cg08579721,97,S1a
cg15163151,97,S1a
cg20261366,97,S1a
cg21450738,97,S1a
cg01487694,97,S1a
cg15452973,95,S1a
cg02333912,97,S1a
cg06569139,96,S1a
cg09093858,97,S1a
cg18061197,73,S1a
cg20976526,97,S1a
cg20219381,97,S1a
cg23208513,97,S1a
cg20051292,97,S1a
cg24848035,97,S1a
cg00090261,97,S1a
cg17168157,97,S1a
cg08590069,97,S1a
cg00267360,97,S1a
cg01654242,97,S1a
cg23700125,97,S1a
cg22727641,97,S1a
cg00793795,97,S1a
cg13244592,97,S1a
cg17896947,97,S1a
cg09723184,97,S1a
cg04414518,57,S1a
cg05983883,57,S1a
cg04620291,97,S1a
cg09851883,97,S1a
cg20769102,97,S1a
cg22389270,97,S1a
cg00188547,97,S1a
cg13919215,83,S1a
cg22038907,50,S1a
cg27170159,97,S1a
cg20295949,97,S1a
cg21536042,97,S1a
cg08681365,97,S1a
cg06993761,97,S1a
cg11192808,97,S1a
cg20857228,97,S1a
cg04958845,97,S1a
cg08198517,97,S1a
cg16150678,97,S1a
cg27537600,97,S1a
cg16192717,97,S1a
cg06768655,97,S1a
cg01536011,97,S1a
cg05833318,97,S1a
cg07239293,97,S1a
cg11997853,97,S1a
cg00191853,97,S1a
cg06636551,80,S1a
cg06002616,97,S1a
cg11067736,97,S1a
cg13687825,97,S1a
cg17103929,97,S1a
cg05800758,97,S1a
cg20270320,97,S1a
cg20500540,97,S1a
cg17292100,91,S1a
cg25605550,97,S1a
cg24820936,91,S1a
cg03636234,97,S1a
cg23938834,87,S1a
cg16851127,63,S1a
cg13675051,97,S1a
cg07594831,97,S1a
cg01756700,89,S1a
cg00920484,97,S1a
cg14358709,97,S1a
cg16983422,97,S1a
cg02513874,97,S1a
cg27485194,97,S1a
cg15464112,97,S1a
cg18322772,97,S1a
cg11906718,95,S1a
cg10334750,97,S1a
cg16450097,97,S1a
cg24450239,97,S1a
cg23692680,97,S1a
cg11120154,9,S1a
cg26232553,97,S1a
cg00735595,97,S1a
cg14603085,97,S1a
cg20173011,97,S1a
cg24889694,97,S1a
cg11163330,97,S1a
cg18213530,97,S1a
cg16909914,97,S1a
cg16513933,93,S1a
cg16335643,97,S1a
cg01635821,86,S1a
cg03006654,97,S1a
cg22531081,97,S1a
cg12548064,97,S1a
cg02696274,97,S1a
cg24299928,97,S1a
cg10292851,97,S1a
cg23737055,97,S1a
cg25641145,97,S1a
cg11582558,97,S1a
cg22909709,97,S1a
cg17213074,97,S1a
cg23700859,97,S1a
cg04058748,92,S1a
cg14635466,97,S1a
cg17199658,97,S1a
cg25374359,97,S1a
cg27043726,97,S1a
cg10715223,97,S1a
cg08081156,96,S1a
cg18582180,97,S1a
cg13277380,97,S1a
cg24546463,97,S1a
cg04410446,63,S1a
cg17808631,97,S1a
cg06874326,97,S1a
cg27622701,97,S1a
cg03629107,97,S1a
cg15174021,97,S1a
cg15709375,75,S1a
cg09234966,97,S1a
cg11817413,97,S1a
cg05950485,97,S1a
cg25969087,97,S1a
cg05743086,97,S1a
cg00320027,97,S1a
cg02879661,97,S1a
cg04072987,97,S1a
cg24812103,97,S1a
cg07122365,97,S1a
cg13958583,97,S1a
cg08995449,97,S1a
cg08607446,97,S1a
cg05314679,97,S1a
cg02856338,97,S1a
cg25471956,97,S1a
cg09610286,97,S1a
cg25001003,97,S1a
cg05932698,97,S1a
cg01950192,97,S1a
cg22036165,97,S1a
cg17305672,97,S1a
cg10261735,97,S1a
cg01783554,97,S1a
cg03694403,97,S1a
cg20367216,97,S1a
cg19995229,97,S1a
cg07585502,97,S1a
cg08679800,97,S1a
cg14280466,97,S1a
cg27513809,97,S1a
cg04473912,97,S1a
cg26192520,1,S1a
cg04962480,97,S1a
cg13388333,97,S1a
cg04083965,97,S1a
cg00402617,97,S1a
cg18891615,97,S1a
cg06776824,97,S1a
cg26115851,97,S1a
cg12039242,97,S1a
cg11839355,97,S1a
cg00428944,97,S1a
cg03720887,97,S1a
cg06692871,97,S1a
cg22120017,97,S1a
cg11631883,97,S1a
cg10131910,97,S1a
cg04253913,97,S1a
cg10072502,97,S1a
cg18977656,97,S1a
cg19114570,97,S1a
cg22869660,97,S1a
cg27647589,97,S1a
cg11327809,97,S1a
cg14490552,97,S1a
cg07981588,97,S1a
cg18112117,97,S1a
cg08522256,76,S1a
cg20083995,97,S1a
cg16577247,97,S1a
cg24990400,97,S1a
cg16152136,92,S1a
cg21341817,97,S1a
cg16594468,97,S1a
cg01854499,97,S1a
cg07546433,97,S1a
cg15852534,97,S1a
cg22225886,97,S1a
cg13096433,97,S1a
cg03483314,97,S1a
cg14659008,97,S1a
cg11996860,97,S1a
cg17398515,55,S1a
cg04600055,89,S1a
cg26831001,97,S1a
cg11044099,97,S1a
cg12120367,97,S1a
cg00583001,97,S1a
cg19851416,97,S1a
cg25403895,97,S1a
cg00734471,83,S1a
cg24412895,97,S1a
cg14439572,97,S1a
cg08827060,97,S1a
cg14679668,97,S1a
cg09936889,92,S1a
cg00166750,97,S1a
cg25803426,97,S1a
cg09286137,97,S1a
cg15035869,97,S1a
cg20791560,97,S1a
cg13263591,97,S1a
cg04835995,97,S1a
cg11633264,97,S1a
cg20162696,97,S1a
cg27452278,97,S1a
cg02932355,97,S1a
cg18995876,97,S1a
cg11849798,25,S1a
cg10303409,97,S1a
cg18282619,97,S1a
cg14265650,97,S1a
cg08187779,97,S1a
cg08874598,97,S1a
cg01795694,97,S1a
cg05014405,97,S1a
cg16269364,38,S1a
cg12906394,91,S1a
cg16124821,97,S1a
cg08679828,97,S1a
cg17010941,97,S1a
cg02466711,97,S1a
cg05010129,97,S1a
cg22009239,93,S1a
cg04327010,97,S1a
cg10145528,76,S1a
cg04591709,97,S1a
cg24602417,97,S1a
cg02168442,97,S1a
cg16058797,97,S1a
cg13211302,97,S1a
cg23042086,97,S1a
cg04403699,97,S1a
cg15598609,50,S1a
cg12892638,97,S1a
cg21399717,97,S1a
cg14691971,96,S1a
cg00693710,95,S1a
cg14963447,97,S1a
cg26134095,57,S1a
cg03465280,97,S1a
cg23963995,97,S1a
cg13164141,97,S1a
cg15959262,97,S1a
cg20514973,97,S1a
cg16031528,97,S1a
cg07997333,97,S1a
cg23314826,97,S1a
cg19882915,97,S1a
cg00252803,97,S1a
cg02399008,97,S1a
cg11182874,97,S1a
cg11363234,97,S1a
cg03460603,97,S1a
cg09430882,97,S1a
cg05458052,89,S1a
cg17885542,79,S1a
cg20342184,97,S1a
cg16435779,97,S1a
cg11397370,97,S1a
cg18004756,97,S1a
cg25330243,97,S1a
cg03780851,97,S1a
cg25639415,97,S1a
cg20574490,97,S1a
cg23973429,97,S1a
cg14202477,97,S1a
cg01519063,96,S1a
cg08988797,94,S1a
cg03023152,97,S1a
cg03650674,97,S1a
cg16688483,97,S1a
cg18899777,97,S1a
cg10899768,97,S1a
cg01952226,19,S1a
cg14686437,96,S1a
cg15679829,97,S1a
cg11945297,97,S1a
cg01236933,97,S1a
cg04225551,97,S1a
cg03273057,97,S1a
cg09382220,69,S1a
cg09729274,74,S1a
cg03994274,97,S1a
cg17140046,97,S1a
cg04161294,94,S1a
cg22047896,97,S1a
cg06287665,97,S1a
cg24050775,97,S1a
cg15748304,97,S1a
cg23627353,97,S1a
cg25876227,97,S1a
cg25989783,97,S1a
cg06424138,97,S1a
cg12513847,97,S1a
cg20402658,97,S1a
cg15602215,30,S1a
cg20039257,95,S1a
cg01484156,57,S1a
cg17084151,97,S1a
cg27637873,86,S1a
cg26782361,43,S1a
cg16265707,73,S1a
cg20552220,97,S1a
cg01971590,97,S1a
cg26064870,97,S1a
cg10938478,97,S1a
cg18983607,97,S1a
cg07056138,97,S1a
cg24023489,97,S1a
cg15836028,97,S1a
cg18304186,97,S1a
cg12855331,97,S1a
cg23156226,97,S1a
cg27008565,97,S1a
cg00680551,94,S1a
cg21477907,97,S1a
cg19135230,97,S1a
cg06400336,97,S1a
cg15842116,97,S1a
cg01441025,97,S1a
cg19308132,86,S1a
cg16860004,70,S1a
cg27110054,97,S1a
cg09814849,87,S1a
cg14032371,97,S1a
cg05976283,96,S1a
cg19191231,97,S1a
cg00143308,93,S1a
cg00395579,97,S1a
cg06045746,54,S1a
cg20157339,97,S1a
cg27484483,80,S1a
cg13448378,97,S1a
cg09990700,97,S1a
cg04230869,97,S1a
cg26560785,97,S1a
cg20199738,97,S1a
cg07125123,97,S1a
cg09567670,94,S1a
cg12374732,97,S1a
cg14393975,97,S1a
cg19365151,96,S1a
cg25344845,72,S1a
cg15001633,51,S1a
cg12517050,97,S1a
cg02530407,97,S1a
cg26959655,97,S1a
cg09509410,49,S1a
cg14897263,97,S1a
cg03403155,88,S1a
cg25067636,97,S1a
cg05143954,97,S1a
cg21230538,97,S1a
cg19310740,97,S1a
cg25471413,97,S1a
cg04571604,97,S1a
cg07672411,97,S1a
cg20635724,97,S1a
cg02353448,97,S1a
cg20504417,97,S1a
cg16268315,72,S1a
cg11882601,34,S1a
cg07169637,97,S1a
cg20570109,97,S1a
cg08599792,97,S1a
cg11890239,6,S1a
cg20611272,97,S1a
cg09916692,97,S1a
cg02017892,97,S1a
cg19313034,97,S1a
cg08416676,97,S1a
cg10869265,97,S1a
cg17769158,97,S1a
cg02490182,97,S1a
cg22262152,97,S1a
cg25452299,97,S1a
cg25255602,97,S1a
cg27030081,97,S1a
cg17978548,97,S1a
cg01966459,97,S1a
cg10187029,82,S1a
cg16663747,27,S1a
cg03569524,97,S1a
cg15654626,97,S1a
cg11995594,97,S1a
cg18565132,97,S1a
cg13954531,97,S1a
cg26818618,97,S1a
cg12174329,97,S1a
cg07171504,97,S1a
cg26535606,97,S1a
cg06017847,56,S1a
cg25369027,97,S1a
cg08596637,97,S1a
cg18108022,97,S1a
cg03439212,97,S1a
cg16090205,97,S1a
cg08672537,97,S1a
cg05670530,97,S1a
cg09859400,97,S1a
cg07065941,97,S1a
cg01607897,97,S1a
cg21435570,97,S1a
cg16481024,97,S1a
cg07028608,97,S1a
cg15825175,97,S1a
cg07032309,97,S1a
cg10929761,97,S1a
cg00697125,97,S1a
cg23425764,97,S1a
cg16588302,97,S1a
cg01366085,97,S1a
cg00178429,97,S1a
cg25338563,97,S1a
cg15739118,97,S1a
cg15849550,93,S1a
cg10980921,97,S1a
cg11608005,97,S1a
cg24264285,97,S1a
cg13045134,87,S1a
cg22236066,97,S1a
cg13405226,97,S1a
cg00368755,97,S1a
cg16172099,97,S1a
cg09129067,97,S1a
cg23958704,97,S1a
cg05288172,97,S1a
cg23203234,97,S1a
cg23297891,97,S1a
cg01250001,96,S1a
cg23312086,97,S1a
cg20596543,97,S1a
cg00301239,97,S1a
cg21629325,97,S1a
cg11313780,97,S1a
cg06892907,97,S1a
cg22161983,97,S1a
cg08576226,97,S1a
cg22840018,97,S1a
cg21936575,97,S1a
cg11867980,97,S1a
cg03547517,44,S1a
cg25900943,97,S1a
cg02135077,97,S1a
cg19611886,97,S1a
cg06008295,97,S1a
cg16048138,97,S1a
cg10222474,97,S1a
cg26551688,97,S1a
cg19983118,95,S1a
cg02492503,97,S1a
cg09747232,97,S1a
cg02886027,97,S1a
cg02243276,97,S1a
cg03752203,82,S1a
cg17385753,97,S1a
cg02988376,97,S1a
cg22425418,97,S1a
cg23052191,97,S1a
cg05859960,97,S1a
cg19352977,97,S1a
cg27626141,97,S1a
cg02612007,97,S1a
cg08597319,97,S1a
cg11315179,97,S1a
cg08468138,97,S1a
cg16998490,97,S1a
cg26258399,97,S1a
cg09767126,97,S1a
cg20320088,97,S1a
cg03512076,97,S1a
cg19883388,97,S1a
cg26126879,97,S1a
cg05925503,97,S1a
cg01142735,97,S1a
cg19589396,97,S1a
cg20627646,97,S1a
cg07549297,91,S1a
cg08236537,97,S1a
cg11486078,97,S1a
cg26370484,97,S1a
cg22903905,97,S1a
cg11218415,97,S1a
cg21442626,85,S1a
cg22150661,97,S1a
cg14877637,97,S1a
cg24478696,97,S1a
cg07762761,61,S1a
cg20490199,97,S1a
cg24543166,97,S1a
cg04778331,97,S1a
cg02669656,97,S1a
cg22925006,97,S1a
cg17497746,97,S1a
cg17368989,97,S1a
cg03506193,57,S1a
cg23420841,97,S1a
cg10184441,97,S1a
cg07079489,97,S1a
cg26764250,95,S1a
cg03090969,79,S1a
cg15907480,97,S1a
cg09384035,80,S1a
cg10172675,97,S1a
cg19482401,97,S1a
cg06450952,97,S1a
cg24633771,97,S1a
cg14884291,97,S1a
cg11318251,96,S1a
cg10163483,97,S1a
cg14284952,97,S1a
cg06399148,97,S1a
cg10918202,97,S1a
cg07222863,97,S1a
cg18168101,97,S1a
cg14025053,94,S1a
cg21131024,97,S1a
cg13094252,97,S1a
cg16314639,97,S1a
cg23816247,96,S1a
cg19790640,94,S1a
cg21642926,54,S1a
cg10904372,88,S1a
cg08949345,97,S1a
cg01035035,97,S1a
cg06044468,97,S1a
cg00934232,97,S1a
cg01706991,97,S1a
cg11044605,97,S1a
cg16072340,97,S1a
cg08616243,97,S1a
cg10817479,97,S1a
cg03923813,97,S1a
cg17800669,77,S1a
cg11826324,97,S1a
cg25304269,97,S1a
cg26382626,97,S1a
cg09646558,76,S1a
cg02984410,97,S1a
cg00161459,97,S1a
cg13266773,66,S1a
cg09020649,75,S1a
cg24115571,97,S1a
cg09947609,97,S1a
cg04723493,97,S1a
cg21164765,97,S1a
cg00487870,97,S1a
cg09042026,97,S1a
cg21196927,97,S1a
cg08798921,97,S1a
cg21975377,88,S1a
cg10929921,64,S1a
cg14645926,97,S1a
cg23692472,91,S1a
cg12244665,84,S1a
cg03636082,97,S1a
cg25681902,97,S1a
cg12726906,97,S1a
cg07757887,97,S1a
cg01200376,97,S1a
cg07529715,97,S1a
cg21936543,97,S1a
cg26952662,97,S1a
cg04219247,97,S1a
cg20447655,97,S1a
cg20392240,97,S1a
cg11889769,97,S1a
cg21643403,97,S1a
cg01451193,97,S1a
cg19188612,97,S1a
cg18919478,97,S1a
cg17630389,81,S1a
cg05740575,97,S1a
cg26005197,85,S1a
cg09093418,97,S1a
cg03648734,97,S1a
cg10011091,89,S1a
cg20548043,96,S1a
cg21221947,97,S1a
cg00577629,97,S1a
cg26978081,97,S1a
cg22148115,96,S1a
cg16930980,97,S1a
cg19288520,97,S1a
cg13210728,97,S1a
cg14694896,97,S1a
cg01870903,97,S1a
cg04022019,97,S1a
cg07222113,97,S1a
cg05275231,90,S1a
cg20765267,62,S1a
cg13950250,97,S1a
cg18451766,70,S1a
cg18629583,97,S1a
cg02967428,97,S1a
cg04852977,67,S1a
cg17713954,97,S1a
cg20777247,97,S1a
cg20426946,97,S1a
cg16648062,97,S1a
cg20129213,97,S1a
cg03350814,97,S1a
cg01566592,97,S1a
cg01482645,97,S1a
cg20800509,97,S1a
cg02663265,97,S1a
cg02362467,97,S1a
cg06518628,97,S1a
cg08550785,97,S1a
cg13342717,97,S1a
cg26186392,17,S1a
cg17651890,22,S1a
cg09637757,60,S1a
cg20153124,97,S1a
cg13687509,96,S1a
cg10311324,62,S1a
cg08313893,28,S1a
cg27271298,93,S1a
cg20607816,94,S1a
cg00178119,97,S1a
cg03206741,97,S1a
cg12396325,97,S1a
cg01779771,97,S1a
cg12565585,97,S1a
cg25259711,97,S1a
cg19101547,97,S1a
cg04407530,95,S1a
cg12124000,97,S1a
cg14750367,97,S1a
cg07664999,50,S1a
cg18021847,97,S1a
cg00718107,97,S1a
cg05898881,97,S1a
cg00206779,97,S1a
cg15172053,97,S1a
cg23108931,97,S1a
cg13045555,97,S1a
cg04554929,97,S1a
cg17696517,31,S1a
cg01136183,95,S1a
cg02641539,97,S1a
cg08657449,97,S1a
cg21295575,95,S1a
cg08787664,90,S1a
cg02390278,97,S1a
cg08179564,6,S1a
cg13126652,97,S1a
cg05979457,97,S1a
cg03929366,97,S1a
cg26202195,97,S1a
cg23305365,97,S1a
cg07862768,97,S1a
cg11147215,97,S1a
cg20935489,97,S1a
cg11221047,97,S1a
cg06216451,97,S1a
cg08826743,44,S1a
cg07142723,97,S1a
cg02944021,94,S1a
cg19841740,97,S1a
cg12896922,97,S1a
cg03193505,80,S1a
cg00021978,78,S1a
cg16419441,97,S1a
cg16783744,97,S1a
cg10303487,97,S1a
cg17087640,97,S1a
cg05736768,97,S1a
cg14015441,97,S1a
cg06954346,97,S1a
cg09435415,97,S1a
cg20774846,97,S1a
cg09929374,94,S1a
cg10654165,93,S1a
cg17075545,97,S1a
cg23971160,97,S1a
cg16465559,86,S1a
cg04205432,97,S1a
cg26471419,97,S1a
cg08603449,97,S1a
cg24638722,94,S1a
cg04905443,58,S1a
cg11091914,97,S1a
cg10815420,97,S1a
cg04104738,97,S1a
cg10331154,97,S1a
cg24098951,97,S1a
cg08517286,97,S1a
cg04413895,97,S1a
cg01675814,97,S1a
cg00662122,97,S1a
cg09531892,97,S1a
cg15137369,97,S1a
cg26611623,97,S1a
cg13077865,82,S1a
cg20788020,88,S1a
cg08782510,81,S1a
cg06033789,97,S1a
cg14299508,97,S1a
cg05287284,97,S1a
cg11185753,57,S1a
cg25404995,97,S1a
cg14233855,96,S1a
cg01943766,97,S1a
cg12578100,97,S1a
cg04640109,97,S1a
cg01546729,97,S1a
cg21916108,97,S1a
cg01794676,97,S1a
cg19101326,97,S1a
cg17154315,97,S1a
cg12296605,97,S1a
cg14156581,97,S1a
cg15449956,97,S1a
cg10868817,97,S1a
cg08003628,85,S1a
cg20988565,96,S1a
cg12032713,97,S1a
cg26785025,97,S1a
cg08737770,97,S1a
cg07478893,86,S1a
cg22202929,97,S1a
cg26976208,44,S1a
cg11399319,97,S1a
cg12797828,97,S1a
cg17679987,97,S1a
cg20469625,97,S1a
cg17534034,10,S1a
cg03503046,39,S1a
cg10450897,64,S1a
cg21425607,97,S1a
cg11738208,97,S1a
cg20154222,95,S1a
cg27281791,87,S1a
cg21309464,97,S1a
cg03976172,97,S1a
cg04011925,97,S1a
cg00401433,97,S1a
cg21443274,58,S1a
cg15413269,97,S1a
cg02370707,91,S1a
cg00112309,97,S1a
cg01704666,97,S1a
cg13963735,97,S1a
cg20712955,97,S1a
cg19153095,94,S1a
cg05687660,97,S1a
cg10147462,97,S1a
cg04226138,97,S1a
cg23971182,97,S1a
cg18144692,97,S1a
cg26072561,97,S1a
cg18515940,97,S1a
cg20981106,97,S1a
cg00941010,97,S1a
cg18472549,97,S1a
cg05718467,95,S1a
cg03287519,36,S1a
cg26422177,97,S1a
cg08583625,88,S1a
cg12106855,65,S1a
cg00314750,97,S1a
cg14136927,97,S1a
cg27042857,97,S1a
cg25820220,97,S1a
cg22346581,97,S1a
cg05719134,97,S1a
cg04372675,97,S1a
cg01038720,97,S1a
cg25533495,97,S1a
cg09306606,97,S1a
cg14319893,97,S1a
cg03537491,97,S1a
cg10078688,97,S1a
cg18444875,97,S1a
cg08244485,29,S1a
cg16901361,96,S1a
cg07035454,93,S1a
cg17526936,97,S1a
cg27222368,40,S1a
cg07554329,97,S1a
cg17136799,97,S1a
cg26622232,97,S1a
cg17176732,97,S1a
cg17212289,97,S1a
cg16326979,97,S1a
cg00298796,97,S1a
cg22124775,97,S1a
cg08924256,97,S1a
cg20104640,97,S1a
cg12114888,11,S1a
cg27255101,97,S1a
cg15603885,97,S1a
cg25021532,97,S1a
cg07005767,97,S1a
cg16457675,68,S1a
cg08837344,97,S1a
cg17049320,97,S1a
cg02102791,97,S1a
cg07053777,97,S1a
cg25545598,97,S1a
cg15841828,97,S1a
cg14859724,95,S1a
cg10092108,97,S1a
cg09562285,97,S1a
cg22922037,97,S1a
cg21186098,95,S1a
cg05245379,97,S1a
cg04146228,97,S1a
cg22420249,74,S1a
cg15724328,75,S1a
cg13276306,97,S1a
cg07125243,97,S1a
cg14594966,97,S1a
cg02130329,97,S1a
cg22837763,97,S1a
cg15595627,79,S1a
cg13566150,95,S1a
cg24810735,97,S1a
cg25116615,97,S1a
cg01660999,82,S1a
cg05470328,97,S1a
cg11745019,97,S1a
cg03245734,82,S1a
cg09396217,97,S1a
cg18031596,76,S1a
cg27616227,88,S1a
cg02536838,55,S1a
cg09443479,41,S1a
cg09529093,97,S1a
cg23248351,97,S1a
cg00638062,77,S1a
cg14944923,91,S1a
cg05975755,94,S1a
cg13959440,97,S1a
cg08091579,97,S1a
cg14926258,97,S1a
cg08768048,87,S1a
cg11208967,97,S1a
cg05025239,94,S1a
cg06059616,47,S1a
cg07015195,97,S1a
cg09970569,97,S1a
cg21088686,97,S1a
cg07068870,97,S1a
cg01833143,97,S1a
cg08492090,97,S1a
cg05742247,97,S1a
cg07390122,97,S1a
cg14070647,97,S1a
cg20061155,97,S1a
cg00910695,97,S1a
cg04050867,97,S1a
cg14733048,97,S1a
cg24807106,97,S1a
cg13177747,97,S1a
cg04549460,97,S1a
cg22600043,97,S1a
cg16845394,82,S1a
cg13700897,89,S1a
cg00997551,97,S1a
cg05584855,97,S1a
cg27318570,97,S1a
cg12168275,97,S1a
cg15632901,97,S1a
cg05861641,97,S1a
cg02362620,97,S1a
cg12176463,90,S1a
cg21328389,97,S1a
cg09981361,97,S1a
cg13734860,97,S1a
cg26763380,89,S1a
cg17972572,97,S1a
cg27344576,97,S1a
cg21292905,97,S1a
cg05805987,97,S1a
cg07168148,97,S1a
cg18044723,97,S1a
cg20110780,97,S1a
cg00941745,97,S1a
cg05170863,97,S1a
cg17831662,97,S1a
cg06987504,97,S1a
cg03025061,97,S1a
cg24911489,97,S1a
cg10299610,82,S1a
cg17819264,97,S1a
cg12811575,86,S1a
cg09721612,85,S1a
cg14700965,37,S1a
cg18478394,58,S1a
cg24726768,97,S1a
cg11186933,97,S1a
cg00306198,97,S1a
cg15484019,97,S1a
cg21045802,97,S1a
cg22010582,97,S1a
cg08258788,97,S1a
cg20444381,97,S1a
cg21721126,97,S1a
cg24861098,97,S1a
cg04210082,97,S1a
cg19909613,35,S1a
cg22293416,97,S1a
cg17148580,43,S1a
cg04005958,63,S1a
cg20189036,82,S1a
cg16615232,97,S1a
cg04414767,97,S1a
cg27389806,97,S1a
cg25333204,43,S1a
cg05973395,90,S1a
cg08372619,97,S1a
cg15645638,97,S1a
cg24914278,97,S1a
cg15042080,97,S1a
cg23051578,97,S1a
cg12991341,96,S1a
cg16580728,66,S1a
cg00468320,97,S1a
cg21603744,97,S1a
cg18107094,97,S1a
cg04206967,97,S1a
cg13631444,97,S1a
cg04440283,97,S1a
cg26989103,97,S1a
cg12484411,97,S1a
cg22268164,97,S1a
cg14839014,97,S1a
cg08193273,97,S1a
cg20207829,59,S1a
cg05992395,72,S1a
cg11049583,73,S1a
cg21449926,42,S1a
cg14694381,97,S1a
cg02458499,59,S1a
cg23919385,83,S1a
cg07751039,97,S1a
cg26764318,97,S1a
cg26101683,97,S1a
cg00580077,97,S1a
cg11056915,97,S1a
cg04503171,97,S1a
cg26021476,97,S1a
cg21394442,70,S1a
cg12268410,97,S1a
cg10137979,97,S1a
cg25407888,97,S1a
cg10919176,97,S1a
cg06084735,97,S1a
cg05927802,97,S1a
cg23637155,59,S1a
cg20147595,97,S1a
cg26621805,49,S1a
cg15974931,97,S1a
cg03012289,96,S1a
cg03668103,97,S1a
cg26545268,97,S1a
cg10131657,97,S1a
cg14594459,97,S1a
cg15433297,97,S1a
cg19906741,97,S1a
cg27519599,94,S1a
cg19153329,97,S1a
cg01995086,91,S1a
cg26971030,93,S1a
cg02130613,97,S1a
cg11133979,65,S1a
cg17897025,97,S1a
cg25824226,97,S1a
cg06955919,97,S1a
cg07710020,97,S1a
cg19671717,96,S1a
cg17830174,97,S1a
cg04559986,97,S1a
cg00259887,97,S1a
cg17452277,97,S1a
cg07134589,97,S1a
cg26530971,97,S1a
cg18499545,97,S1a
cg12557418,97,S1a
cg12516305,97,S1a
cg06007331,71,S1a
cg08216021,97,S1a
cg18533313,97,S1a
cg01073708,74,S1a
cg09965499,94,S1a
cg22764289,90,S1a
cg04838847,97,S1a
cg05720871,97,S1a
cg11163179,97,S1a
cg01815690,97,S1a
cg23324537,97,S1a
cg23122263,97,S1a
cg02386604,97,S1a
cg25834419,97,S1a
cg25208863,97,S1a
cg24992181,97,S1a
cg07338058,97,S1a
cg05478291,97,S1a
cg16677531,97,S1a
cg19144866,97,S1a
cg16891965,97,S1a
cg02389590,97,S1a
cg26077062,97,S1a
cg14195351,97,S1a
cg04843935,90,S1a
cg08457298,96,S1a
cg18029167,90,S1a
cg11075718,29,S1a
cg08590987,97,S1a
cg06320981,97,S1a
cg03979754,97,S1a
cg14745270,97,S1a
cg05927432,97,S1a
cg13690525,97,S1a
cg10434152,97,S1a
cg01197613,97,S1a
cg13456086,97,S1a
cg07703654,97,S1a
cg00935894,97,S1a
cg10954740,95,S1a
cg01829829,97,S1a
cg23045998,97,S1a
cg13525837,97,S1a
cg18147485,97,S1a
cg05860890,97,S1a
cg15638055,97,S1a
cg13454407,97,S1a
cg04237663,97,S1a
cg13925623,97,S1a
cg21549927,97,S1a
cg17462793,97,S1a
cg17826753,97,S1a
cg23291534,97,S1a
cg12210890,97,S1a
cg21225797,97,S1a
cg07583503,97,S1a
cg16406186,44,S1a
cg26782825,97,S1a
cg17164016,79,S1a
cg20464732,97,S1a
cg05581297,97,S1a
cg26554141,96,S1a
cg24691014,97,S1a
cg02330434,97,S1a
cg14230692,97,S1a
cg26727221,97,S1a
cg23050227,97,S1a
cg11472951,97,S1a
cg07751298,97,S1a
cg20362689,94,S1a
cg01998058,97,S1a
cg21187920,97,S1a
cg06288869,97,S1a
cg23290674,84,S1a
cg25968664,33,S1a
cg11256628,91,S1a
cg19436270,97,S1a
cg15943335,60,S1a
cg22679949,73,S1a
cg08333835,97,S1a
cg22433418,56,S1a
cg24384472,37,S1a
cg07754644,97,S1a
cg11900742,96,S1a
cg03562736,96,S1a
cg20708990,91,S1a
cg00417291,97,S1a
cg20134357,59,S1a
cg02292450,67,S1a
cg23676042,89,S1a
cg20323509,97,S1a
cg16281758,97,S1a
cg03629497,82,S1a
cg24759795,97,S1a
cg21896766,97,S1a
cg05044961,97,S1a
cg22052659,97,S1a
cg18824585,97,S1a
cg02476510,97,S1a
cg08125821,97,S1a
cg12164248,97,S1a
cg19085307,97,S1a
cg11478320,97,S1a
cg20564273,97,S1a
cg13448814,97,S1a
cg03334130,97,S1a
cg25052970,97,S1a
cg13334883,97,S1a
cg21039652,97,S1a
cg10113334,97,S1a
cg21917532,97,S1a
cg27537290,97,S1a
cg06821993,97,S1a
cg14486921,97,S1a
cg10207277,97,S1a
cg23282837,60,S1a
cg01040630,83,S1a
cg14649914,90,S1a
cg15430464,97,S1a
cg03515557,97,S1a
cg03344027,85,S1a
cg21614735,97,S1a
cg12545721,97,S1a
cg12040201,65,S1a
cg09390350,97,S1a
cg06246646,97,S1a
cg26962758,79,S1a
cg13732895,97,S1a
cg16882206,97,S1a
cg22405493,94,S1a
cg12485572,97,S1a
cg06410104,97,S1a
cg11738192,97,S1a
cg11888982,97,S1a
cg15312498,75,S1a
cg18430465,71,S1a
cg06997767,95,S1a
cg05711842,52,S1a
cg03344332,69,S1a
cg13040418,92,S1a
cg17999505,32,S1a
cg17987646,97,S1a
cg11730559,97,S1a
cg17825770,97,S1a
cg27039118,97,S1a
cg23304762,97,S1a
cg01356948,96,S1a
cg13270873,97,S1a
cg05754853,97,S1a
cg03277455,97,S1a
cg22291627,97,S1a
cg04656070,42,S1a
cg17131553,88,S1a
cg09233395,86,S1a
cg06368590,97,S1a
cg03615269,97,S1a
cg16821992,97,S1a
cg12396523,97,S1a
cg05998283,97,S1a
cg04829863,97,S1a
cg06625233,97,S1a
cg12569516,97,S1a
cg19397128,97,S1a
cg05017276,97,S1a
cg16786028,97,S1a
cg08794022,97,S1a
cg06328061,95,S1a
cg03910335,97,S1a
cg01792876,97,S1a
cg07147958,95,S1a
cg12135953,97,S1a
cg07128473,97,S1a
cg15943603,97,S1a
cg04962865,89,S1a
cg23409168,97,S1a
cg10789300,96,S1a
cg03698681,97,S1a
cg09613594,97,S1a
cg22138219,97,S1a
cg12124786,97,S1a
cg15638338,97,S1a
cg09127472,46,S1a
cg24343430,97,S1a
cg08165796,91,S1a
cg01426808,97,S1a
cg16683073,97,S1a
cg07576931,73,S1a
cg20909795,97,S1a
cg21348923,97,S1a
cg02185007,93,S1a
cg27409870,97,S1a
cg24004040,97,S1a
cg25768108,97,S1a
cg24147840,82,S1a
cg20044923,96,S1a
cg18827066,97,S1a
cg21301240,97,S1a
cg21336288,97,S1a
cg09976893,97,S1a
cg17759318,97,S1a
cg02735071,97,S1a
cg17165766,97,S1a
cg22753376,97,S1a
cg14447887,97,S1a
cg04770165,94,S1a
cg24940880,97,S1a
cg12686915,85,S1a
cg26065318,97,S1a
cg05355346,31,S1a
cg14084888,94,S1a
cg09305680,90,S1a
cg13005974,97,S1a
cg17256555,97,S1a
cg23513447,97,S1a
cg14530476,97,S1a
cg03343534,97,S1a
cg18122786,97,S1a
cg10825011,97,S1a
cg16491677,97,S1a
cg02563685,97,S1a
cg23415712,97,S1a
cg24971490,97,S1a
cg02343871,97,S1a
cg17154729,65,S1a
cg14355654,97,S1a
cg25039830,55,S1a
cg22513099,68,S1a
cg13619670,97,S1a
cg01536979,97,S1a
cg11675165,97,S1a
cg09914029,91,S1a
cg08781738,95,S1a
cg23559636,97,S1a
cg04370983,32,S1a
cg01957384,97,S1a
cg14729071,97,S1a
cg01818860,97,S1a
cg15543167,97,S1a
cg07660663,97,S1a
cg25623468,97,S1a
cg27257358,97,S1a
cg23565428,97,S1a
cg13578020,97,S1a
cg09523472,97,S1a
cg24294819,97,S1a
cg05940202,97,S1a
cg05577278,97,S1a
cg02456791,89,S1a
cg15383072,97,S1a
cg00080252,95,S1a
cg22869944,97,S1a
cg08870893,97,S1a
cg21092790,97,S1a
cg07064711,97,S1a
cg07868721,97,S1a
cg08466968,97,S1a
cg05591716,97,S1a
cg05996052,97,S1a
cg04271218,97,S1a
cg16462462,97,S1a
cg10123247,97,S1a
cg15921039,97,S1a
cg01010517,80,S1a
cg13316295,78,S1a
cg04504004,97,S1a
cg17163967,97,S1a
cg20041597,97,S1a
cg16309727,96,S1a
cg24611823,41,S1a
cg27105990,95,S1a
cg23338195,97,S1a
cg07459489,96,S1a
cg09439192,96,S1a
cg07061355,97,S1a
cg26687497,97,S1a
cg22342922,97,S1a
cg05548393,97,S1a
cg07301829,72,S1a
cg17979824,86,S1a
cg21196708,94,S1a
cg07092145,97,S1a
cg11999580,97,S1a
cg20128365,94,S1a
cg23495116,97,S1a
cg23624271,97,S1a
cg05160935,97,S1a
cg21467904,89,S1a
cg13995006,66,S1a
cg14821842,97,S1a
cg02422627,97,S1a
cg21886316,97,S1a
cg10197666,97,S1a
cg23104248,97,S1a
cg16319142,97,S1a
cg03655692,97,S1a
cg09430518,75,S1a
cg16330893,97,S1a
cg26120971,97,S1a
cg02902186,97,S1a
cg09746261,90,S1a
cg00592871,97,S1a
cg08314176,97,S1a
cg21789008,97,S1a
cg15684329,97,S1a
cg25956295,97,S1a
cg14028708,97,S1a
cg14388466,97,S1a
cg24892992,97,S1a
cg11064524,96,S1a
cg14433070,97,S1a
cg19883066,94,S1a
cg12044130,80,S1a
cg06401909,97,S1a
cg11829680,20,S1a
cg22975816,97,S1a
cg23298114,96,S1a
cg22271457,97,S1a
cg01664039,97,S1a
cg08305378,97,S1a
cg23554164,97,S1a
cg12669271,77,S1a
cg17448481,97,S1a
cg22747380,96,S1a
cg20039163,97,S1a
cg00127070,97,S1a
cg23918610,97,S1a
cg03276982,97,S1a
cg02925848,86,S1a
cg12977135,97,S1a
cg11170956,97,S1a
cg20389847,83,S1a
cg21750659,97,S1a
cg18144710,58,S1a
cg20230340,97,S1a
cg03134051,97,S1a
cg23057936,97,S1a
cg01423426,97,S1a
cg01606878,97,S1a
cg03599855,97,S1a
cg04395788,97,S1a
cg10090158,55,S1a
cg20547777,97,S1a
cg14485744,97,S1a
cg16009311,97,S1a
cg20582388,95,S1a
cg15978494,97,S1a
cg18016148,42,S1a
cg05888894,97,S1a
cg11592677,97,S1a
cg23736754,97,S1a
cg16286281,96,S1a
cg05783185,60,S1a
cg05313153,97,S1a
cg21602557,97,S1a
cg08796640,97,S1a
cg18975462,96,S1a
cg02905663,97,S1a
cg06785302,97,S1a
cg26579311,97,S1a
cg22024281,97,S1a
cg16892046,97,S1a
cg07462677,97,S1a
cg16374656,93,S1a
cg15694987,97,S1a
cg02923628,94,S1a
cg13962000,97,S1a
cg07463445,97,S1a
cg03346806,97,S1a
cg07960624,97,S1a
cg18001844,97,S1a
cg06903465,97,S1a
cg27512513,97,S1a
cg11919577,89,S1a
cg25206690,97,S1a
cg22533992,97,S1a
cg14921326,97,S1a
cg21500126,97,S1a
cg02542806,93,S1a
cg10341792,97,S1a
cg17018082,30,S1a
cg21755755,97,S1a
cg20519373,96,S1a
cg17069828,96,S1a
cg19537243,97,S1a
cg05713856,97,S1a
cg02910011,97,S1a
cg06895664,97,S1a
cg08621610,97,S1a
cg10413475,92,S1a
cg16692227,55,S1a
cg26283874,97,S1a
cg04034290,97,S1a
cg18833133,97,S1a
cg05230834,92,S1a
cg18812058,96,S1a
cg05040429,97,S1a
cg01192487,97,S1a
cg26828909,97,S1a
cg19224713,97,S1a
cg11738895,97,S1a
cg01790346,97,S1a
cg05290695,70,S1a
cg16659043,97,S1a
cg15448829,97,S1a
cg01802261,90,S1a
cg11957261,97,S1a
cg16600876,97,S1a
cg26770200,97,S1a
cg01665174,45,S1a
cg02098905,96,S1a
cg10955744,96,S1a
cg23434461,91,S1a
cg17147917,93,S1a
cg12666874,97,S1a
cg22288012,97,S1a
cg05245794,97,S1a
cg03489427,97,S1a
cg16789129,97,S1a
cg11818438,97,S1a
cg16032621,97,S1a
cg05306107,97,S1a
cg02134720,79,S1a
cg26019549,97,S1a
cg17171407,95,S1a
cg13268132,97,S1a
cg12057741,97,S1a
cg17293641,97,S1a
cg22750483,97,S1a
cg07083896,97,S1a
cg03200105,97,S1a
cg02328735,97,S1a
cg04857420,97,S1a
cg12545993,97,S1a
cg19620294,97,S1a
cg01034811,97,S1a
cg01975934,97,S1a
cg21022303,93,S1a
cg17491058,92,S1a
cg27342720,96,S1a
cg01810186,92,S1a
cg07228028,97,S1a
cg27041096,97,S1a
cg05755779,97,S1a
cg08114842,97,S1a
cg03073218,94,S1a
cg10279872,97,S1a
cg16869647,52,S1a
cg27215916,97,S1a
cg06173216,74,S1a
cg02085119,97,S1a
cg02749784,97,S1a
cg14221550,73,S1a
cg16780688,97,S1a
cg11543397,97,S1a
cg09273054,97,S1a
cg26902216,97,S1a
cg13272701,97,S1a
cg23130097,97,S1a
cg14338425,97,S1a
cg02225716,97,S1a
cg06822816,97,S1a
cg05767421,97,S1a
cg04009492,97,S1a
cg25327343,97,S1a
cg15999099,97,S1a
cg26289295,97,S1a
cg27322481,64,S1a
cg00940941,97,S1a
cg22288066,97,S1a
cg15718811,97,S1a
cg05020510,90,S1a
cg00002464,97,S1a
cg05893876,97,S1a
cg20379125,97,S1a
cg16866373,97,S1a
cg19197744,49,S1a
cg08148618,94,S1a
cg06224766,59,S1a
cg01874183,97,S1a
cg00320790,97,S1a
cg07236691,97,S1a
cg01243251,94,S1a
cg20048037,97,S1a
cg20162626,49,S1a
cg09444531,54,S1a
cg23725583,97,S1a
cg02534163,97,S1a
cg04452959,97,S1a
cg02709432,79,S1a
cg02156680,97,S1a
cg06998282,84,S1a
cg14409958,71,S1a
cg07223952,97,S1a
cg05590053,97,S1a
cg00394718,97,S1a
cg07532183,97,S1a
cg27310831,97,S1a
cg07651720,97,S1a
cg23183559,97,S1a
cg09313482,97,S1a
cg27648238,97,S1a
cg10799440,97,S1a
cg23061272,96,S1a
cg19564648,97,S1a
cg02396914,51,S1a
cg00473045,70,S1a
cg17625618,97,S1a
cg00681363,97,S1a
cg21659575,96,S1a
cg07235453,97,S1a
cg01161597,97,S1a
cg02511532,96,S1a
cg26887273,97,S1a
cg08220261,97,S1a
cg02248809,97,S1a
cg21125452,34,S1a
cg18923933,97,S1a
cg10442056,97,S1a
cg01780107,97,S1a
cg02396865,97,S1a
cg18342714,97,S1a
cg06113534,97,S1a
cg07236445,97,S1a
cg17132465,97,S1a
cg16919317,97,S1a
cg21744203,97,S1a
cg21745419,97,S1a
cg08197122,97,S1a
cg02161761,97,S1a
cg22008130,97,S1a
cg01823440,97,S1a
cg15814218,97,S1a
cg00956494,97,S1a
cg02919712,97,S1a
cg05034642,46,S1a
cg08091970,97,S1a
cg21930955,97,S1a
cg16851881,97,S1a
cg05365525,97,S1a
cg00938672,97,S1a
cg12051359,97,S1a
cg03536846,97,S1a
cg12184888,97,S1a
cg02357755,97,S1a
cg26872157,97,S1a
cg26163238,63,S1a
cg21645572,45,S1a
cg02721065,97,S1a
cg25580008,97,S1a
cg00317837,46,S1a
cg17964016,68,S1a
cg15314382,97,S1a
cg10603136,97,S1a
cg17718074,97,S1a
cg06265175,97,S1a
cg25244609,97,S1a
cg16907566,97,S1a
cg09404551,97,S1a
cg04242021,97,S1a
cg23196831,97,S1a
cg02964031,97,S1a
cg23158731,97,S1a
cg26626663,97,S1a
cg12065840,97,S1a
cg23586322,97,S1a
cg23281803,97,S1a
cg00288736,97,S1a
cg26629556,51,S1a
cg22335954,34,S1a
cg24495681,97,S1a
cg18495484,25,S1a
cg18315763,97,S1a
cg20330521,97,S1a
cg25448355,97,S1a
cg26179069,87,S1a
cg07506407,97,S1a
cg05978010,97,S1a
cg09041614,97,S1a
cg23310975,97,S1a
cg09168036,97,S1a
cg14863489,97,S1a
cg14806103,97,S1a
cg02335971,97,S1a
cg18337622,97,S1a
cg03521600,97,S1a
cg02510299,97,S1a
cg08714886,97,S1a
cg07352234,97,S1a
cg17019866,97,S1a
cg26609386,97,S1a
cg26205175,86,S1a
cg09948425,97,S1a
cg21051423,97,S1a
cg00675313,96,S1a
cg17104706,97,S1a
cg11641222,97,S1a
cg00683496,97,S1a
cg08846112,97,S1a
cg24341059,64,S1a
cg12637911,62,S1a
cg12974832,97,S1a
cg05127574,97,S1a
cg13603436,76,S1a
cg07653053,97,S1a
cg12062051,77,S1a
cg27039420,97,S1a
cg09694986,48,S1a
cg01443285,81,S1a
cg13074203,97,S1a
cg07770866,93,S1a
cg01461199,66,S1a
cg15153412,97,S1a
cg27628854,97,S1a
cg04318006,97,S1a
cg16875032,97,S1a
cg13733797,97,S1a
cg18825078,94,S1a
cg16718260,97,S1a
cg15794252,97,S1a
cg11961683,97,S1a
cg10980686,97,S1a
cg07329135,97,S1a
cg18309761,97,S1a
cg05813380,97,S1a
cg08598221,97,S1a
cg14992108,97,S1a
cg06826671,82,S1a
cg16506378,66,S1a
cg12794992,87,S1a
cg23051091,94,S1a
cg14936938,87,S1a
cg02241924,97,S1a
cg19747659,97,S1a
cg11827897,97,S1a
cg09423097,97,S1a
cg22516696,97,S1a
cg08091023,97,S1a
cg07757577,39,S1a
cg11476306,97,S1a
cg10864603,97,S1a
cg22396119,22,S1a
cg12799130,97,S1a
cg25827846,97,S1a
cg06688910,97,S1a
cg27625370,97,S1a
cg24860020,97,S1a
cg08916646,97,S1a
cg04522792,97,S1a
cg03128890,97,S1a
cg05455747,97,S1a
cg21491443,96,S1a
cg09628488,97,S1a
cg20146177,43,S1a
cg12828294,97,S1a
cg00380266,65,S1a
cg18319366,43,S1a
cg13192836,87,S1a
cg01957088,97,S1a
cg07550921,97,S1a
cg26546537,97,S1a
cg14904923,97,S1a
cg21781600,93,S1a
cg21228517,97,S1a
cg23585337,97,S1a
cg11660664,93,S1a
cg12054428,97,S1a
cg03041602,97,S1a
cg10221617,96,S1a
cg10002564,82,S1a
cg19275050,97,S1a
cg24030587,96,S1a
cg11267609,97,S1a
cg04719491,97,S1a
cg12461568,77,S1a
cg18061847,83,S1a
cg25922341,67,S1a
cg21001231,97,S1a
cg11907323,97,S1a
cg17484944,97,S1a
cg15679747,94,S1a
cg06884352,97,S1a
cg10131026,97,S1a
cg08542047,76,S1a
cg21663916,49,S1a
cg20129534,97,S1a
cg00314368,97,S1a
cg00692752,39,S1a
cg03364874,97,S1a
cg26043955,97,S1a
cg05430021,52,S1a
cg25353399,49,S1a
cg05501060,97,S1a
cg26953954,92,S1a
cg26432869,21,S1a
cg21347347,97,S1a
cg22809856,42,S1a
cg05129858,97,S1a
cg02715239,97,S1a
cg21597811,97,S1a
cg15531512,97,S1a
cg07862235,97,S1a
cg23694028,93,S1a
cg27524128,97,S1a
cg07705809,97,S1a
cg00040486,94,S1a
cg18428050,97,S1a
cg03888365,97,S1a
cg25220460,97,S1a
cg26474925,97,S1a
cg12144374,97,S1a
cg20365403,93,S1a
cg13869415,97,S1a
cg21008098,97,S1a
cg17793819,97,S1a
cg22124678,97,S1a
cg15396299,97,S1a
cg01448923,97,S1a
cg08886760,97,S1a
cg01812826,97,S1a
cg23181591,97,S1a
cg13935507,97,S1a
cg03796881,97,S1a
cg03555233,97,S1a
cg22120094,97,S1a
cg07869135,97,S1a
cg01357613,97,S1a
cg01801603,97,S1a
cg05459517,97,S1a
cg03314365,97,S1a
cg25115537,97,S1a
cg08858723,97,S1a
cg14747166,97,S1a
cg21926603,97,S1a
cg01666675,97,S1a
cg22043381,97,S1a
cg04082274,97,S1a
cg04955877,97,S1a
cg00415665,97,S1a
cg26427777,97,S1a
cg22997040,97,S1a
cg24118547,97,S1a
cg07145834,97,S1a
cg03263637,97,S1a
cg12933116,96,S1a
cg17511604,97,S1a
cg21426303,95,S1a
cg14355321,97,S1a
cg15232214,97,S1a
cg09698846,97,S1a
cg08789073,97,S1a
cg05555653,97,S1a
cg25553110,97,S1a
cg12091594,97,S1a
cg10005464,97,S1a
cg18191087,97,S1a
cg01886570,97,S1a
cg23822407,94,S1a
cg08211704,97,S1a
cg07428496,97,S1a
cg11604216,93,S1a
cg16282024,96,S1a
cg14743346,96,S1a
cg00130866,97,S1a
cg12254515,97,S1a
cg05320369,97,S1a
cg06528830,97,S1a
cg12726672,97,S1a
cg06932521,97,S1a
cg06201372,97,S1a
cg25436822,97,S1a
cg11668448,97,S1a
cg01441798,97,S1a
cg20684097,97,S1a
cg19987705,97,S1a
cg27121132,97,S1a
cg21139496,97,S1a
cg00392540,97,S1a
cg15902350,97,S1a
cg07275979,97,S1a
cg26946114,63,S1a
cg00871453,97,S1a
cg00675429,97,S1a
cg15539901,97,S1a
cg01729403,96,S1a
cg10866891,97,S1a
cg27644622,97,S1a
cg07109670,97,S1a
cg00286986,97,S1a
cg26373411,97,S1a
cg10669833,97,S1a
cg20816967,97,S1a
cg06956113,97,S1a
cg04851352,97,S1a
cg14497781,97,S1a
cg05742294,97,S1a
cg12482835,97,S1a
cg16242804,91,S1a
cg16141600,97,S1a
cg01353139,97,S1a
cg24294529,97,S1a
cg19193851,97,S1a
cg07745674,97,S1a
cg05753328,96,S1a
cg05461906,97,S1a
cg00880074,97,S1a
cg06802522,97,S1a
cg22462010,97,S1a
cg03284866,97,S1a
cg06797156,97,S1a
cg12002745,97,S1a
cg02715629,97,S1a
cg03531754,97,S1a
cg24833277,97,S1a
cg10424125,97,S1a
cg15893493,97,S1a
cg20218614,97,S1a
cg15425827,97,S1a
cg23067535,97,S1a
cg22384356,97,S1a
cg19924352,97,S1a
cg06890813,97,S1a
cg00831735,97,S1a
cg08256536,76,S1a
cg00944227,13,S1a
cg27649094,97,S1a
cg05427907,97,S1a
cg27053337,97,S1a
cg21215576,97,S1a
cg26820168,97,S1a
cg23698536,97,S1a
cg07935320,90,S1a
cg02625638,97,S1a
cg05645982,96,S1a
cg23467079,97,S1a
cg26140120,97,S1a
cg14308254,97,S1a
cg20296493,96,S1a
cg12471053,97,S1a
cg04685813,97,S1a
cg05971187,97,S1a
cg00892353,97,S1a
cg21885317,97,S1a
cg11476891,97,S1a
cg07676167,90,S1a
cg08641214,97,S1a
cg22753825,97,S1a
cg11965514,97,S1a
cg19730147,97,S1a
cg26865879,97,S1a
cg00326813,97,S1a
cg08541497,97,S1a
cg01357771,97,S1a
cg07297681,95,S1a
cg03149320,67,S1a
cg19894253,97,S1a
cg23288078,97,S1a
cg10451262,88,S1a
cg00078299,35,S1a
cg20987431,33,S1a
cg19721060,2,S1a
cg23824183,97,S1a
cg08811349,97,S1a
cg08514895,97,S1a
cg21205504,97,S1a
cg14335767,97,S1a
cg14436888,97,S1a
cg07393414,97,S1a
cg22872812,97,S1a
cg18956095,97,S1a
cg04220155,97,S1a
cg21833640,97,S1a
cg13282208,52,S1a
cg17213048,85,S1a
cg04864666,97,S1a
cg03245733,97,S1a
cg10642188,97,S1a
cg18604888,97,S1a
cg17093362,97,S1a
cg07229027,54,S1a
cg27648020,97,S1a
cg09950716,97,S1a
cg05051152,97,S1a
cg22721186,97,S1a
cg26349568,97,S1a
cg01040169,97,S1a
cg12567282,97,S1a
cg10063407,85,S1a
cg08573893,93,S1a
cg00194681,97,S1a
cg19197523,97,S1a
cg01000365,97,S1a
cg23412309,97,S1a
cg14018100,97,S1a
cg13177214,97,S1a
cg12646585,86,S1a
cg21495321,97,S1a
cg12108555,97,S1a
cg18893514,97,S1a
cg07088351,95,S1a
cg11979618,97,S1a
cg13974774,97,S1a
cg15462372,65,S1a
cg13092738,72,S1a
cg22256482,97,S1a
cg01955203,97,S1a
cg23202949,97,S1a
cg12897164,97,S1a
cg23063047,97,S1a
cg06109876,97,S1a
cg11271415,95,S1a
cg06184056,97,S1a
cg16903025,13,S1a
cg03023681,97,S1a
cg23287229,97,S1a
cg06050341,97,S1a
cg25406735,97,S1a
cg01007029,97,S1a
cg23868899,97,S1a
cg19888535,97,S1a
cg15307908,97,S1a
cg21850830,97,S1a
cg12508214,97,S1a
cg08297140,97,S1a
cg01151821,97,S1a
cg18798372,97,S1a
cg09520976,30,S1a
cg09122660,97,S1a
cg14215363,97,S1a
cg17324872,38,S1a
cg04272355,97,S1a
cg14113569,97,S1a
cg25302730,97,S1a
cg16783412,97,S1a
cg13477525,97,S1a
cg01388243,97,S1a
cg00713972,97,S1a
cg16408049,97,S1a
cg07962311,97,S1a
cg22342100,97,S1a
cg07200421,97,S1a
cg07273304,97,S1a
cg10413169,97,S1a
cg22108360,97,S1a
cg20366110,97,S1a
cg11749792,97,S1a
cg13177458,73,S1a
cg00283535,83,S1a
cg08326861,93,S1a
cg02800334,47,S1a
cg04139007,92,S1a
cg10040922,97,S1a
cg04724477,97,S1a
cg00092273,97,S1a
cg16734947,97,S1a
cg00189906,97,S1a
cg15903931,97,S1a
cg25698777,97,S1a
cg09605254,97,S1a
cg17492326,97,S1a
cg15047889,97,S1a
cg02993010,96,S1a
cg09578308,97,S1a
cg20713898,97,S1a
cg21964400,97,S1a
cg15173586,97,S1a
cg20283107,97,S1a
cg18896877,97,S1a
cg10840277,97,S1a
cg23682879,97,S1a
cg17560073,96,S1a
cg03169856,97,S1a
cg15150017,97,S1a
cg20890440,97,S1a
cg27062571,97,S1a
cg23343066,97,S1a
cg00664222,97,S1a
cg00723017,97,S1a
cg23010900,97,S1a
cg24009274,97,S1a
cg04422625,97,S1a
cg13075456,97,S1a
cg13135609,68,S1a
cg27470842,97,S1a
cg24691330,96,S1a
cg23548041,97,S1a
cg05412531,97,S1a
cg16906092,97,S1a
cg22295683,97,S1a
cg19609644,97,S1a
cg17371070,97,S1a
cg07891044,97,S1a
cg20364222,71,S1a
cg13374488,97,S1a
cg08203624,97,S1a
cg20049273,97,S1a
cg26078251,90,S1a
cg02169026,74,S1a
cg07878537,97,S1a
cg12635658,88,S1a
cg10703949,87,S1a
cg10173172,97,S1a
cg08621846,95,S1a
cg08451517,97,S1a
cg01828911,97,S1a
cg07697348,97,S1a
cg15421236,97,S1a
cg11172196,97,S1a
cg14487887,97,S1a
cg12142403,97,S1a
cg11044263,97,S1a
cg05301818,97,S1a
cg21712812,97,S1a
cg08185925,97,S1a
cg05019854,97,S1a
cg26780125,97,S1a
cg25193323,97,S1a
cg11829072,97,S1a
cg25375711,97,S1a
cg26547947,97,S1a
cg22853986,97,S1a
cg00846483,97,S1a
cg20108600,97,S1a
cg27279244,97,S1a
cg27038428,97,S1a
cg15908081,97,S1a
cg10120645,97,S1a
cg23542858,97,S1a
cg26770385,97,S1a
cg26610343,97,S1a
cg00292857,97,S1a
cg23359983,97,S1a
cg20175760,97,S1a
cg07561588,97,S1a
cg03719314,97,S1a
cg14597492,97,S1a
cg08743556,97,S1a
cg03182158,97,S1a
cg08594696,97,S1a
cg20134271,62,S1a
cg07454113,95,S1a
cg11904751,78,S1a
cg26345401,97,S1a
cg15644639,43,S1a
cg18447121,8,S1a
cg10411339,97,S1a
cg15717558,97,S1a
cg12516337,97,S1a
cg11117577,97,S1a
cg05371576,97,S1a
cg01660149,97,S1a
cg16680530,97,S1a
cg19903957,97,S1a
cg22251877,97,S1a
cg02049840,97,S1a
cg11719412,97,S1a
cg16177351,97,S1a
cg00635521,97,S1a
cg14554217,97,S1a
cg12666819,97,S1a
cg20152989,97,S1a
cg00028431,97,S1a
cg23629187,97,S1a
cg18209489,97,S1a
cg10351284,94,S1a
cg05013438,96,S1a
cg24630782,97,S1a
cg08299781,97,S1a
cg05026393,97,S1a
cg15235922,97,S1a
cg01873977,97,S1a
cg22516376,97,S1a
cg16849268,97,S1a
cg20392615,97,S1a
cg24838345,97,S1a
cg03102442,97,S1a
cg07560087,90,S1a
cg15131761,97,S1a
cg01013890,97,S1a
cg12047218,97,S1a
cg27136289,97,S1a
cg16500409,96,S1a
cg10408778,97,S1a
cg04120546,97,S1a
cg18280057,97,S1a
cg18893120,97,S1a
cg19523819,97,S1a
cg26069068,97,S1a
cg18939260,97,S1a
cg27038717,97,S1a
cg13264314,97,S1a
cg12832282,97,S1a
cg12107189,97,S1a
cg16657152,97,S1a
cg15189210,97,S1a
cg26821681,97,S1a
cg07471614,97,S1a
cg26144594,81,S1a
cg07236562,77,S1a
cg18510311,97,S1a
cg13425294,3,S1a
cg17584477,95,S1a
cg07588401,97,S1a
cg26664492,97,S1a
cg27272363,97,S1a
cg02315696,96,S1a
cg00642970,97,S1a
cg01209566,97,S1a
cg27339395,97,S1a
cg23197297,97,S1a
cg25554346,97,S1a
cg23968383,97,S1a
cg11872342,97,S1a
cg01753359,97,S1a
cg24838654,97,S1a
cg18023401,97,S1a
cg09290735,97,S1a
cg11497957,97,S1a
cg12738197,97,S1a
cg15149876,97,S1a
cg21052958,15,S1a
cg02226697,97,S1a
cg12267291,97,S1a
cg16688232,97,S1a
cg21894883,97,S1a
cg12108029,97,S1a
cg02553489,97,S1a
cg04618607,97,S1a
cg22011731,97,S1a
cg09984392,97,S1a
cg14660676,77,S1a
cg23587955,29,S1a
cg16593865,97,S1a
cg19437319,97,S1a
cg27089714,97,S1a
cg08270491,97,S1a
cg02917210,97,S1a
cg20379012,97,S1a
cg07232435,97,S1a
cg21214758,97,S1a
cg02292042,97,S1a
cg15629865,97,S1a
cg19403939,97,S1a
cg14710165,97,S1a
cg05440218,97,S1a
cg05239173,58,S1a
cg12803053,20,S1a
cg20390587,97,S1a
cg19893494,72,S1a
cg16783517,97,S1a
cg00297966,7,S1a
cg01917721,83,S1a
cg05445772,97,S1a
cg07547798,44,S1a
cg03579446,28,S1a
cg15332359,96,S1a
cg23560676,97,S1a
cg16296417,91,S1a
cg02017814,97,S1a
cg02006142,67,S1a
cg01919908,97,S1a
cg09723776,97,S1a
cg23516026,97,S1a
cg10453541,97,S1a
cg09105249,46,S1a
cg20007844,97,S1a
cg23704055,97,S1a
cg01723163,44,S1a
cg19089701,97,S1a
cg15149205,92,S1a
cg26798861,97,S1a
cg20513725,97,S1a
cg18989252,97,S1a
cg14683125,97,S1a
cg00207280,97,S1a
cg24797493,97,S1a
cg02700454,97,S1a
cg01555408,97,S1a
cg04882727,97,S1a
cg12286194,97,S1a
cg00184235,97,S1a
cg09504829,97,S1a
cg04444761,95,S1a
cg00627621,97,S1a
cg02519415,97,S1a
cg14389810,97,S1a
cg05316555,97,S1a
cg08715135,97,S1a
cg22727364,97,S1a
cg18455759,97,S1a
cg20187720,97,S1a
cg11059651,97,S1a
cg06668527,53,S1a
cg09934789,97,S1a
cg14156441,97,S1a
cg02160684,97,S1a
cg13821176,97,S1a
cg06992846,97,S1a
cg01419991,97,S1a
cg21146037,97,S1a
cg10920329,97,S1a
cg20080878,97,S1a
cg10930667,81,S1a
cg16117028,97,S1a
cg15851799,97,S1a
cg27415214,96,S1a
cg22873510,97,S1a
cg21392435,97,S1a
cg03897489,97,S1a
cg26140475,97,S1a
cg26470175,97,S1a
cg23426156,97,S1a
cg02326949,97,S1a
cg25684151,97,S1a
cg16225800,97,S1a
cg26501007,97,S1a
cg08843064,97,S1a
cg27031099,97,S1a
cg18097327,97,S1a
cg08913523,97,S1a
cg12058043,97,S1a
cg01542423,97,S1a
cg20127496,97,S1a
cg18332838,97,S1a
cg08790158,97,S1a
cg08792272,97,S1a
cg19526685,97,S1a
cg12619165,97,S1a
cg16228380,97,S1a
cg07082012,97,S1a
cg06120359,97,S1a
cg02320356,97,S1a
cg00053361,97,S1a
cg16293835,97,S1a
cg13531482,97,S1a
cg17453187,96,S1a
cg06294319,97,S1a
cg24466658,97,S1a
cg08593007,97,S1a
cg07721042,97,S1a
cg26841894,97,S1a
cg03387289,97,S1a
cg16123760,97,S1a
cg23699463,97,S1a
cg21670708,97,S1a
cg03374695,97,S1a
cg06023345,97,S1a
cg01923999,97,S1a
cg06230848,97,S1a
cg02623050,97,S1a
cg13528935,97,S1a
cg05048159,97,S1a
cg03959515,97,S1a
cg23179168,97,S1a
cg07560035,97,S1a
cg23515496,93,S1a
cg08991599,97,S1a
cg02123667,97,S1a
cg26031047,97,S1a
cg26909954,97,S1a
cg15312298,97,S1a
cg12822242,44,S1a
cg07027713,97,S1a
cg16015285,97,S1a
cg13966575,97,S1a
cg11775367,97,S1a
cg09899496,97,S1a
cg25883066,97,S1a
cg09100373,97,S1a
cg09184315,67,S1a
cg13394191,87,S1a
cg24895155,97,S1a
cg08245217,97,S1a
cg14883961,97,S1a
cg03294424,81,S1a
cg22056468,97,S1a
cg02411950,97,S1a
cg26726325,97,S1a
cg21238284,97,S1a
cg08500172,97,S1a
cg01725759,97,S1a
cg21493727,73,S1a
cg26389605,92,S1a
cg21308632,97,S1a
cg07268245,97,S1a
cg01495299,93,S1a
cg02516957,97,S1a
cg25632577,97,S1a
cg23712370,73,S1a
cg20807254,81,S1a
cg11736524,97,S1a
cg06521347,96,S1a
cg20197756,97,S1a
cg25472804,97,S1a
cg12616923,92,S1a
cg16073958,97,S1a
cg23203918,89,S1a
cg17095489,97,S1a
cg08599249,97,S1a
cg13393327,44,S1a
cg14437045,97,S1a
cg25305703,97,S1a
cg11118198,47,S1a
cg13354240,96,S1a
cg27495636,38,S1a
cg16342332,90,S1a
cg26671276,97,S1a
cg16615741,97,S1a
cg08682625,97,S1a
cg23398332,97,S1a
cg07389710,97,S1a
cg05261028,97,S1a
cg26974035,97,S1a
cg04557423,97,S1a
cg12560931,94,S1a
cg27278640,97,S1a
cg16485897,97,S1a
cg03150108,97,S1a
cg24314877,97,S1a
cg09409845,97,S1a
cg20067338,97,S1a
cg22236485,97,S1a
cg19696012,97,S1a
cg16561172,82,S1a
cg01291833,97,S1a
cg26557854,97,S1a
cg14253951,97,S1a
cg17160660,25,S1a
cg01052743,97,S1a
cg27045396,97,S1a
cg03394237,97,S1a
cg01203549,97,S1a
cg26441142,97,S1a
cg17299732,49,S1a
cg10340053,97,S1a
cg15465092,95,S1a
cg10836034,97,S1a
cg03003858,97,S1a
cg26221243,97,S1a
cg19972619,97,S1a
cg12057615,97,S1a
cg05927173,97,S1a
cg21803052,97,S1a
cg10302505,97,S1a
cg07871324,97,S1a
cg08428512,97,S1a
cg25080152,97,S1a
cg24666276,97,S1a
cg10832291,97,S1a
cg27207274,97,S1a
cg03076047,97,S1a
cg00611675,97,S1a
cg23187103,97,S1a
cg25826331,97,S1a
cg22331096,97,S1a
cg17505251,97,S1a
cg13244804,56,S1a
cg03498895,36,S1a
cg14732699,97,S1a
cg16100135,97,S1a
cg11688275,97,S1a
cg15801573,97,S1a
cg00163372,96,S1a
cg08526705,97,S1a
cg17588094,97,S1a
cg02148562,97,S1a
cg14752089,97,S1a
cg07795030,97,S1a
cg24514600,86,S1a
cg13052755,97,S1a
cg02145916,97,S1a
cg08476224,97,S1a
cg12480416,97,S1a
cg23868848,97,S1a
cg11478273,97,S1a
cg23283234,97,S1a
cg03457528,97,S1a
cg08334153,97,S1a
cg26900458,97,S1a
cg13784855,97,S1a
cg25247520,97,S1a
cg11201447,96,S1a
cg00780520,97,S1a
cg10202727,97,S1a
cg22853542,97,S1a
cg23898497,97,S1a
cg11146550,97,S1a
cg03691530,93,S1a
cg14037832,97,S1a
cg26169156,97,S1a
cg14774995,86,S1a
cg15326844,97,S1a
cg20847701,97,S1a
cg25558617,97,S1a
cg08608523,97,S1a
cg04148515,97,S1a
cg23409608,97,S1a
cg10864979,97,S1a
cg18563153,97,S1a
cg23295629,97,S1a
cg04253218,97,S1a
cg06986734,97,S1a
cg08588859,97,S1a
cg23307326,97,S1a
cg01413249,97,S1a
cg25922329,97,S1a
cg02100150,97,S1a
cg03458957,97,S1a
cg16231917,97,S1a
cg23896695,95,S1a
cg26753608,97,S1a
cg09857826,96,S1a
cg04263511,97,S1a
cg27538901,97,S1a
cg27190014,97,S1a
cg03611307,97,S1a
cg22353369,97,S1a
cg05480350,97,S1a
cg08633665,97,S1a
cg02133716,97,S1a
cg20516032,97,S1a
cg22283754,97,S1a
cg01765152,97,S1a
cg17583432,97,S1a
cg00254470,97,S1a
cg03566001,85,S1a
cg23063070,92,S1a
cg01084257,97,S1a
cg01621145,97,S1a
cg07283441,25,S1a
cg09499844,97,S1a
cg03915740,63,S1a
cg05907939,97,S1a
cg05076730,97,S1a
cg26180383,97,S1a
cg02243522,97,S1a
cg01940297,97,S1a
cg07084941,97,S1a
cg12753009,97,S1a
cg07272929,97,S1a
cg24146714,97,S1a
cg07305933,97,S1a
cg03481855,97,S1a
cg21896394,97,S1a
cg19508622,97,S1a
cg26572452,97,S1a
cg20152871,97,S1a
cg08853735,2,S1a
cg22721170,57,S1a
cg11792826,97,S1a
cg24465482,97,S1a
cg00444740,97,S1a
cg07018107,97,S1a
cg27509867,97,S1a
cg15331705,97,S1a
cg22148827,88,S1a
cg00618309,97,S1a
cg26558023,75,S1a
cg14920061,97,S1a
cg10457590,97,S1a
cg21229170,95,S1a
cg16489468,97,S1a
cg08478672,97,S1a
cg10797552,97,S1a
cg16448462,97,S1a
cg14864572,97,S1a
cg18720393,65,S1a
cg17477578,97,S1a
cg05584990,69,S1a
cg13999795,84,S1a
cg11960655,95,S1a
cg16434510,96,S1a
cg06931444,97,S1a
cg14347463,44,S1a
cg16318882,97,S1a
cg02905744,97,S1a
cg14866167,96,S1a
cg08587313,97,S1a
cg16675872,97,S1a
cg20504588,85,S1a
cg22338798,94,S1a
cg06076518,97,S1a
cg10200451,97,S1a
cg02483101,97,S1a
cg04336279,78,S1a
cg20390814,97,S1a
cg06017249,84,S1a
cg05084525,28,S1a
cg09631175,97,S1a
cg25389863,97,S1a
cg16127242,97,S1a
cg01231009,97,S1a
cg27648556,97,S1a
cg25760227,97,S1a
cg17951713,96,S1a
cg13257498,90,S1a
cg17837330,14,S1a
cg23990303,97,S1a
cg05316065,97,S1a
cg26073844,97,S1a
cg24243265,97,S1a
cg23216731,88,S1a
cg13519696,97,S1a
cg15145148,97,S1a
cg17136354,97,S1a
cg02546828,97,S1a
cg13123962,97,S1a
cg19123356,97,S1a
cg25020293,97,S1a
cg17193551,92,S1a
cg02323958,97,S1a
cg07212327,86,S1a
cg18152311,97,S1a
cg19858671,97,S1a
cg09055355,97,S1a
cg00396059,97,S1a
cg04366381,97,S1a
cg02185053,97,S1a
cg03995571,97,S1a
cg10050877,97,S1a
cg03274021,97,S1a
cg06307601,97,S1a
cg04393391,97,S1a
cg16721257,97,S1a
cg16520519,97,S1a
cg02095309,97,S1a
cg00308361,97,S1a
cg06953333,97,S1a
cg09642740,97,S1a
cg21440365,97,S1a
cg03598731,97,S1a
cg19787650,97,S1a
cg25336765,97,S1a
cg24525461,97,S1a
cg11488149,97,S1a
cg15626112,96,S1a
cg02486421,97,S1a
cg21450008,97,S1a
cg12756521,97,S1a
cg18660971,97,S1a
cg22325480,97,S1a
cg23156371,97,S1a
cg13447080,97,S1a
cg10215401,97,S1a
cg17202053,97,S1a
cg19844232,97,S1a
cg18170545,97,S1a
cg26714489,97,S1a
cg10981727,96,S1a
cg14294721,97,S1a
cg11369686,97,S1a
cg04165366,97,S1a
cg17665601,57,S1a
cg26966989,95,S1a
cg09553840,97,S1a
cg16893463,97,S1a
cg24476165,97,S1a
cg11969602,97,S1a
cg21004290,88,S1a
cg22853641,97,S1a
cg19891562,95,S1a
cg00162859,97,S1a
cg02108556,97,S1a
cg12292134,97,S1a
cg10611331,97,S1a
cg10056102,91,S1a
cg02771336,97,S1a
cg23856428,97,S1a
cg14420490,97,S1a
cg20612299,97,S1a
cg03295852,97,S1a
cg13926096,97,S1a
cg15275697,80,S1a
cg13088471,5,S1a
cg24841310,9,S1a
cg14083403,97,S1a
cg27627524,97,S1a
cg10604241,97,S1a
cg07710391,77,S1a
cg23289706,97,S1a
cg07799299,11,S1a
cg09376835,97,S1a
cg16277922,47,S1a
cg12268119,97,S1a
cg19911880,97,S1a
cg17468543,97,S1a
cg06224178,97,S1a
cg22301736,97,S1a
cg16154713,97,S1a
cg07490124,92,S1a
cg08447387,97,S1a
cg22884440,97,S1a
cg04526987,80,S1a
cg05024927,97,S1a
cg01466198,97,S1a
cg18822036,97,S1a
cg06404572,96,S1a
cg03326128,97,S1a
cg14653216,97,S1a
cg27247612,97,S1a
cg13629652,97,S1a
cg00077877,97,S1a
cg00659129,96,S1a
cg18582010,97,S1a
cg07576604,97,S1a
cg18558108,97,S1a
cg06821010,97,S1a
cg11737318,88,S1a
cg22268718,97,S1a
cg04502852,97,S1a
cg07457727,97,S1a
cg21674704,97,S1a
cg15707833,97,S1a
cg26053073,93,S1a
cg07236798,97,S1a
cg09819371,97,S1a
cg00940280,97,S1a
cg20513418,91,S1a
cg12683880,97,S1a
cg16805884,97,S1a
cg04647835,87,S1a
cg10309377,97,S1a
cg15171273,97,S1a
cg22256354,97,S1a
cg13288621,81,S1a
cg00167820,97,S1a
cg12719844,97,S1a
cg13021857,97,S1a
cg12185975,97,S1a
cg07851738,97,S1a
cg22304522,96,S1a
cg23815646,91,S1a
cg23686556,92,S1a
cg17047106,97,S1a
cg00601648,97,S1a
cg13196652,83,S1a
cg03551401,97,S1a
cg12446629,97,S1a
cg05229355,97,S1a
cg03120091,97,S1a
cg22762091,97,S1a
cg07557260,97,S1a
cg26332560,97,S1a
cg16696270,97,S1a
cg22060073,97,S1a
cg02842496,97,S1a
cg07312654,97,S1a
cg26351229,97,S1a
cg01245966,97,S1a
cg13912117,97,S1a
cg15447540,97,S1a
cg24290996,97,S1a
cg26719638,57,S1a
cg17590227,92,S1a
cg25940523,78,S1a
cg26980111,81,S1a
cg02642958,97,S1a
cg02149509,97,S1a
cg00290626,97,S1a
cg06812722,97,S1a
cg05777757,48,S1a
cg07739188,97,S1a
cg07470207,97,S1a
cg06163994,54,S1a
cg11147251,97,S1a
cg16815829,66,S1a
cg22879009,94,S1a
cg11909467,97,S1a
cg01981314,97,S1a
cg06058311,23,S1a
cg07665487,97,S1a
cg11268628,97,S1a
cg17146950,97,S1a
cg24542643,81,S1a
cg22814941,97,S1a
cg16967541,97,S1a
cg14995727,97,S1a
cg17152658,97,S1a
cg09396107,97,S1a
cg01956158,97,S1a
cg18919106,97,S1a
cg06773023,39,S1a
cg24184792,93,S1a
cg08964756,33,S1a
cg11607882,96,S1a
cg15420926,97,S1a
cg01419499,97,S1a
cg12240515,97,S1a
cg23796040,97,S1a
cg08121890,97,S1a
cg06990571,97,S1a
cg08271180,97,S1a
cg26669438,97,S1a
cg11909989,82,S1a
cg20102955,97,S1a
cg00867889,97,S1a
cg20220737,97,S1a
cg07665115,97,S1a
cg03344782,97,S1a
cg17073133,97,S1a
cg20699323,97,S1a
cg21594839,46,S1a
cg25626375,87,S1a
cg02759725,97,S1a
cg23399286,97,S1a
cg04223445,97,S1a
cg12157444,97,S1a
cg23915912,97,S1a
cg18187729,97,S1a
cg24895497,97,S1a
cg03171710,97,S1a
cg25940239,77,S1a
cg16920502,97,S1a
cg22338467,97,S1a
cg15746253,97,S1a
cg00905417,97,S1a
cg07765706,97,S1a
cg01949837,97,S1a
cg20650029,47,S1a
cg02609144,97,S1a
cg08147985,31,S1a
cg00712050,97,S1a
cg15175242,97,S1a
cg21460403,97,S1a
cg21534940,97,S1a
cg17057086,97,S1a
cg01418291,97,S1a
cg27016990,97,S1a
cg04425458,97,S1a
cg19134704,97,S1a
cg18153124,97,S1a
cg13070215,97,S1a
cg13609667,97,S1a
cg22308501,97,S1a
cg04396550,97,S1a
cg00474031,97,S1a
cg04690729,97,S1a
cg22332076,97,S1a
cg04966191,97,S1a
cg22042348,44,S1a
cg10830322,97,S1a
cg24627900,72,S1a
cg07696099,49,S1a
cg05740582,97,S1a
cg09763347,97,S1a
cg25520146,97,S1a
cg02185675,97,S1a
cg21449015,77,S1a
cg26686544,97,S1a
cg15825065,97,S1a
cg13755023,97,S1a
cg21019315,97,S1a
cg16551261,97,S1a
cg16721582,97,S1a
cg16568641,97,S1a
cg22678977,92,S1a
cg06093506,65,S1a
cg04445427,97,S1a
cg01867950,95,S1a
cg24297835,97,S1a
cg13259539,97,S1a
cg17078988,97,S1a
cg12156167,97,S1a
cg03141298,97,S1a
cg27159719,97,S1a
cg20955688,97,S1a
cg10054641,97,S1a
cg05598678,97,S1a
cg23313885,79,S1a
cg09502207,97,S1a
cg08824350,97,S1a
cg06820302,97,S1a
cg05307234,97,S1a
cg26292018,61,S1a
cg10591701,89,S1a
cg27342122,97,S1a
cg24511731,97,S1a
cg02898212,97,S1a
cg24853644,97,S1a
cg25462189,97,S1a
cg15921797,97,S1a
cg14935716,97,S1a
cg03212568,43,S1a
cg17090901,86,S1a
cg05519436,97,S1a
cg10340622,97,S1a
cg07349217,62,S1a
cg14340089,97,S1a
cg18235635,97,S1a
cg01776045,97,S1a
cg23427666,97,S1a
cg12515917,5,S1a
cg27628340,97,S1a
cg13157158,97,S1a
cg18335233,97,S1a
cg12859054,96,S1a
cg00776405,63,S1a
cg08388507,97,S1a
cg08498833,97,S1a
cg21666956,97,S1a
cg25020550,97,S1a
cg02526790,97,S1a
cg04756252,97,S1a
cg23057485,97,S1a
cg22845912,97,S1a
cg06772221,97,S1a
cg07288027,97,S1a
cg17088014,97,S1a
cg22801799,97,S1a
cg02794695,97,S1a
cg11883141,97,S1a
cg12136514,97,S1a
cg18736448,97,S1a
cg12133754,97,S1a
cg08911152,97,S1a
cg16814719,97,S1a
cg11155356,97,S1a
cg02951514,97,S1a
cg17055993,97,S1a
cg01064758,97,S1a
cg03220363,97,S1a
cg01951477,97,S1a
cg22335261,97,S1a
cg01598421,97,S1a
cg11947187,39,S1a
cg11993451,97,S1a
cg07421261,97,S1a
cg16408820,97,S1a
cg24579422,97,S1a
cg13722048,97,S1a
cg18802332,97,S1a
cg00122628,97,S1a
cg03670238,97,S1a
cg20257866,97,S1a
cg04683149,97,S1a
cg26617637,97,S1a
cg02903822,97,S1a
cg02745822,97,S1a
cg22637941,97,S1a
cg17218062,97,S1a
cg11738710,97,S1a
cg25152058,97,S1a
cg17667625,97,S1a
cg04421974,97,S1a
cg15463563,96,S1a
cg10191240,97,S1a
cg14929805,97,S1a
cg23638358,83,S1a
cg10892497,97,S1a
cg11091012,97,S1a
cg06576318,97,S1a
cg23417096,97,S1a
cg09912552,97,S1a
cg21764050,97,S1a
cg21773188,97,S1a
cg08223003,97,S1a
cg04227278,97,S1a
cg25232510,97,S1a
cg16001384,97,S1a
cg00799984,97,S1a
cg17129188,91,S1a
cg20100745,57,S1a
cg09102409,66,S1a
cg05994672,97,S1a
cg18942213,97,S1a
cg07477160,97,S1a
cg17365845,97,S1a
cg07062933,97,S1a
cg18745406,97,S1a
cg08691775,97,S1a
cg04756698,97,S1a
cg07243202,97,S1a
cg08981844,97,S1a
cg08240847,57,S1a
cg14918359,97,S1a
cg14143441,97,S1a
cg26219092,97,S1a
cg21602518,97,S1a
cg05828605,97,S1a
cg09725286,97,S1a
cg18121989,97,S1a
cg15819360,97,S1a
cg21757189,97,S1a
cg13176454,97,S1a
cg06568789,97,S1a
cg07548580,97,S1a
cg15959893,97,S1a
cg20265951,97,S1a
cg26275850,97,S1a
cg02915215,97,S1a
cg27465994,97,S1a
cg20294810,97,S1a
cg26624387,97,S1a
cg12292213,97,S1a
cg14640789,97,S1a
cg20603611,97,S1a
cg27270962,97,S1a
cg02986801,97,S1a
cg01778994,97,S1a
cg12140977,97,S1a
cg04273299,97,S1a
cg20229014,97,S1a
cg18618431,97,S1a
cg00592695,97,S1a
cg00736681,97,S1a
cg18980148,97,S1a
cg02609337,97,S1a
cg14587704,97,S1a
cg18977891,59,S1a
cg17086686,97,S1a
cg00052385,97,S1a
cg12831076,97,S1a
cg17962854,97,S1a
cg12341757,97,S1a
cg01911237,97,S1a
cg04188397,97,S1a
cg08517062,97,S1a
cg07621684,97,S1a
cg09309913,97,S1a
cg10673140,97,S1a
cg02503970,97,S1a
cg02637438,97,S1a
cg09818502,97,S1a
cg17462109,97,S1a
cg08235875,97,S1a
cg00026474,97,S1a
cg23336702,97,S1a
cg11057205,42,S1a
cg22582999,79,S1a
cg05312685,97,S1a
cg26629749,97,S1a
cg22388417,97,S1a
cg08115618,97,S1a
cg03607644,97,S1a
cg20165604,97,S1a
cg01668008,97,S1a
cg00302083,97,S1a
cg09991633,97,S1a
cg16847656,96,S1a
cg15690598,74,S1a
cg23493787,97,S1a
cg23170346,97,S1a
cg11070657,97,S1a
cg10902738,93,S1a
cg08599085,97,S1a
cg26687619,97,S1a
cg03183540,97,S1a
cg04992521,97,S1a
cg16657103,97,S1a
cg14640466,97,S1a
cg13216240,97,S1a
cg10631716,97,S1a
cg05193470,97,S1a
cg01919374,97,S1a
cg05718493,97,S1a
cg09918634,97,S1a
cg00789328,97,S1a
cg25957319,97,S1a
cg24338341,97,S1a
cg03258495,97,S1a
cg04050898,97,S1a
cg07299736,97,S1a
cg13086574,97,S1a
cg16150821,97,S1a
cg17712224,97,S1a
cg21443143,97,S1a
cg09855544,46,S1a
cg16921643,96,S1a
cg17210126,72,S1a
cg03385272,97,S1a
cg25245963,97,S1a
cg15741721,97,S1a
cg11212864,97,S1a
cg16113188,97,S1a
cg00405789,42,S1a
cg26042024,97,S1a
cg08611376,97,S1a
cg17829017,97,S1a
cg20851559,97,S1a
cg27224718,97,S1a
cg21672855,97,S1a
cg20007892,97,S1a
cg06293872,97,S1a
cg08251765,97,S1a
cg17203533,97,S1a
cg03616827,97,S1a
cg10191404,50,S1a
cg20060928,97,S1a
cg05838357,97,S1a
cg00267196,51,S1a
cg24518867,97,S1a
cg03135983,97,S1a
cg19657380,97,S1a
cg26985142,97,S1a
cg03372209,97,S1a
cg04520401,97,S1a
cg17370395,97,S1a
cg05668273,97,S1a
cg09704422,97,S1a
cg10105237,97,S1a
cg00057272,53,S1a
cg08116775,94,S1a
cg01817709,97,S1a
cg23197862,97,S1a
cg13064897,97,S1a
cg05425602,81,S1a
cg01417339,91,S1a
cg25964744,96,S1a
cg03331035,97,S1a
cg01954305,95,S1a
cg01609214,89,S1a
cg18975690,96,S1a
cg01799115,50,S1a
cg03559399,97,S1a
cg22295334,97,S1a
cg22594214,97,S1a
cg11466449,97,S1a
cg22904815,90,S1a
cg10585584,97,S1a
cg07475771,97,S1a
cg01429979,97,S1a
cg09928842,97,S1a
cg16313243,93,S1a
cg07661859,18,S1a
cg20987283,97,S1a
cg13452939,55,S1a
cg07888246,97,S1a
cg25398315,97,S1a
cg22254983,97,S1a
cg00937286,97,S1a
cg25053164,97,S1a
cg25188398,97,S1a
cg11083807,61,S1a
cg13980233,97,S1a
cg04812644,97,S1a
cg20799165,97,S1a
cg18538501,97,S1a
cg06238661,97,S1a
cg14417172,97,S1a
cg04149585,97,S1a
cg25945374,97,S1a
cg22706420,97,S1a
cg26061304,97,S1a
cg27186774,97,S1a
cg08767027,97,S1a
cg19791277,97,S1a
cg05128246,97,S1a
cg17894088,97,S1a
cg18587984,97,S1a
cg13530711,97,S1a
cg26660115,94,S1a
cg00873517,7,S1a
cg21933359,97,S1a
cg26019124,96,S1a
cg09819635,94,S1a
cg07295003,97,S1a
cg03789507,97,S1a
cg10076954,96,S1a
cg25667028,97,S1a
cg17897699,97,S1a
cg03018162,96,S1a
cg12636543,97,S1a
cg13568956,97,S1a
cg24013105,97,S1a
cg27046641,97,S1a
cg08294772,95,S1a
cg13262831,97,S1a
cg20316883,97,S1a
cg21935393,97,S1a
cg13708803,97,S1a
cg20211134,97,S1a
cg01819142,97,S1a
cg23054533,97,S1a
cg22911200,97,S1a
cg00730694,97,S1a
cg06276653,97,S1a
cg15642035,97,S1a
cg17205832,60,S1a
cg05486260,97,S1a
cg07877645,97,S1a
cg17323336,97,S1a
cg23434592,93,S1a
cg21843412,97,S1a
cg00750917,97,S1a
cg24637231,97,S1a
cg26005485,97,S1a
cg06010032,91,S1a
cg06383163,97,S1a
cg06668555,97,S1a
cg23294090,97,S1a
cg26585560,97,S1a
cg23712462,97,S1a
cg12066770,97,S1a
cg09283750,97,S1a
cg14740417,97,S1a
cg02395917,97,S1a
cg03083517,97,S1a
cg19199677,97,S1a
cg05879638,97,S1a
cg18100237,97,S1a
cg17099048,97,S1a
cg18457731,97,S1a
cg16930728,97,S1a
cg26911120,97,S1a
cg18842396,49,S1a
cg00614249,97,S1a
cg05492433,92,S1a
cg07611626,97,S1a
cg17783213,97,S1a
cg26617486,97,S1a
cg00945486,97,S1a
cg12044654,97,S1a
cg05795449,97,S1a
cg10549331,97,S1a
cg09026038,97,S1a
cg26717590,95,S1a
cg12304113,97,S1a
cg27025995,97,S1a
cg16682329,97,S1a
cg19304107,97,S1a
cg03396229,97,S1a
cg16407323,97,S1a
cg00464788,97,S1a
cg00325968,97,S1a
cg09307704,92,S1a
cg03925970,97,S1a
cg05681996,97,S1a
cg22812604,97,S1a
cg12163365,97,S1a
cg05829696,58,S1a
cg14391923,84,S1a
cg07126091,97,S1a
cg18195416,80,S1a
cg14282168,97,S1a
cg25405895,97,S1a
cg14968375,97,S1a
cg07236958,97,S1a
cg14321373,97,S1a
cg05988964,96,S1a
cg24020826,97,S1a
cg17493839,97,S1a
cg00111503,97,S1a
cg22424020,97,S1a
cg04066400,97,S1a
cg16814060,97,S1a
cg05780864,97,S1a
cg26426186,97,S1a
cg17989736,97,S1a
cg18534312,97,S1a
cg25164237,97,S1a
cg04408162,97,S1a
cg01385052,97,S1a
cg12569736,97,S1a
cg26247525,97,S1a
cg26169668,97,S1a
cg06873980,97,S1a
cg16455444,97,S1a
cg14691388,97,S1a
cg10401356,97,S1a
cg01237315,97,S1a
cg01230406,97,S1a
cg26327804,97,S1a
cg08856529,97,S1a
cg04849842,97,S1a
cg14930075,97,S1a
cg17834752,97,S1a
cg12175729,97,S1a
cg01532168,97,S1a
cg04344565,97,S1a
cg02505749,97,S1a
cg21415530,97,S1a
cg01717150,97,S1a
cg16595365,97,S1a
cg25804018,97,S1a
cg13969265,97,S1a
cg20662930,97,S1a
cg25932807,97,S1a
cg17965926,97,S1a
cg01247522,97,S1a
cg17336929,97,S1a
cg17546052,97,S1a
cg25900813,97,S1a
cg06240947,97,S1a
cg09819539,17,S1a
cg03919980,97,S1a
cg09010017,97,S1a
cg22371845,97,S1a
cg19269807,97,S1a
cg15188353,97,S1a
cg12084750,97,S1a
cg20761810,97,S1a
cg04222297,97,S1a
cg07482692,97,S1a
cg07551054,97,S1a
cg18909596,97,S1a
cg02159094,97,S1a
cg07999738,97,S1a
cg12985065,97,S1a
cg15302800,97,S1a
cg16910293,97,S1a
cg03243902,97,S1a
cg16531664,97,S1a
cg10673192,97,S1a
cg26328150,97,S1a
cg17795540,97,S1a
cg20024757,97,S1a
cg04891328,97,S1a
cg21535670,97,S1a
cg04064407,97,S1a
cg01659279,97,S1a
cg09324628,97,S1a
cg06224832,97,S1a
cg01012439,97,S1a
cg12194517,97,S1a
cg18219994,97,S1a
cg17503744,97,S1a
cg04500632,97,S1a
cg22137270,97,S1a
cg07332338,97,S1a
cg16909799,85,S1a
cg10945385,97,S1a
cg13210578,97,S1a
cg21279756,97,S1a
cg23681110,97,S1a
cg16586880,97,S1a
cg00083535,97,S1a
cg26783160,97,S1a
cg27412268,97,S1a
cg18498684,97,S1a
cg02881186,97,S1a
cg04522498,97,S1a
cg20696720,97,S1a
cg17463505,97,S1a
cg24322061,97,S1a
cg02786269,97,S1a
cg14531436,18,S1a
cg11400286,92,S1a
cg10726725,97,S1a
cg24317069,97,S1a
cg03282105,97,S1a
cg02528189,97,S1a
cg10440196,97,S1a
cg09147401,97,S1a
cg14353728,97,S1a
cg21602882,97,S1a
cg05224922,97,S1a
cg07276550,97,S1a
cg17500329,97,S1a
cg23430634,97,S1a
cg03218479,97,S1a
cg26769700,95,S1a
cg12737392,97,S1a
cg20749005,97,S1a
cg21351483,97,S1a
cg16927379,97,S1a
cg02645302,97,S1a
cg17363632,97,S1a
cg23671279,97,S1a
cg02225004,97,S1a
cg26858152,97,S1a
cg10454596,97,S1a
cg08001952,97,S1a
cg01967741,97,S1a
cg20027456,97,S1a
cg08120009,97,S1a
cg15997020,97,S1a
cg07454640,97,S1a
cg04126956,97,S1a
cg12890650,97,S1a
cg18980939,97,S1a
cg10076225,97,S1a
cg08220122,97,S1a
cg23155625,94,S1a
cg01669861,97,S1a
cg24841559,97,S1a
cg09210336,97,S1a
cg18985499,97,S1a
cg01129128,91,S1a
cg23990334,97,S1a
cg09377531,97,S1a
cg02642126,97,S1a
cg16118491,97,S1a
cg02017348,97,S1a
cg17476951,97,S1a
cg19038989,97,S1a
cg26048923,97,S1a
cg20071744,97,S1a
cg05910124,97,S1a
cg06693505,97,S1a
cg07028620,97,S1a
cg04259001,97,S1a
cg12844366,97,S1a
cg00085199,97,S1a
cg05524387,97,S1a
cg17290943,97,S1a
cg00766368,97,S1a
cg21926091,97,S1a
cg22502459,97,S1a
cg13713522,97,S1a
cg07878171,97,S1a
cg03803002,97,S1a
cg00155882,97,S1a
cg22807877,97,S1a
cg08626916,90,S1a
cg03137566,97,S1a
cg14499058,97,S1a
cg10121865,97,S1a
cg02225988,97,S1a
cg22504031,97,S1a
cg17018549,97,S1a
cg22038027,97,S1a
cg21201272,97,S1a
cg06708390,97,S1a
cg12470492,97,S1a
cg12865888,97,S1a
cg13911501,97,S1a
cg25389145,97,S1a
cg13733787,97,S1a
cg16815625,97,S1a
cg25987871,97,S1a
cg03929816,97,S1a
cg10629806,97,S1a
cg17931352,97,S1a
cg06900571,97,S1a
cg03918756,97,S1a
cg23401796,97,S1a
cg11152943,97,S1a
cg25229048,97,S1a
cg08504029,97,S1a
cg24388061,97,S1a
cg20946943,97,S1a
cg19028099,76,S1a
cg12443985,97,S1a
cg19435547,97,S1a
cg24337701,97,S1a
cg26471398,97,S1a
cg01803627,97,S1a
cg24483502,97,S1a
cg14563129,97,S1a
cg10318197,97,S1a
cg25165544,96,S1a
cg03225623,97,S1a
cg15651152,97,S1a
cg16371865,95,S1a
cg13071660,97,S1a
cg10454286,97,S1a
cg09745864,97,S1a
cg23900548,97,S1a
cg23151453,97,S1a
cg06732667,97,S1a
cg18554116,97,S1a
cg18989722,97,S1a
cg02995877,96,S1a
cg08503808,94,S1a
cg12195808,97,S1a
cg05591123,97,S1a
cg26308012,97,S1a
cg06565641,97,S1a
cg11256152,97,S1a
cg09146526,97,S1a
cg10640168,97,S1a
cg22637435,97,S1a
cg20511966,95,S1a
cg14689150,97,S1a
cg18193916,97,S1a
cg15442737,97,S1a
cg05948645,76,S1a
cg18588835,97,S1a
cg25399148,97,S1a
cg25408329,97,S1a
cg21348586,95,S1a
cg11786459,97,S1a
cg13601615,97,S1a
cg00408605,49,S1a
cg24521757,97,S1a
cg09806970,97,S1a
cg17189435,97,S1a
cg24546549,97,S1a
cg09953959,97,S1a
cg10722846,97,S1a
cg05820312,97,S1a
cg21093033,97,S1a
cg24617008,97,S1a
cg14707948,97,S1a
cg06858185,18,S1a
cg06112894,97,S1a
cg10758618,97,S1a
cg01778647,97,S1a
cg11499141,97,S1a
cg17183023,73,S1a
cg21788996,97,S1a
cg04775941,97,S1a
cg09973792,97,S1a
cg25261151,84,S1a
cg22651271,73,S1a
cg10121823,97,S1a
cg15842218,87,S1a
cg07360480,97,S1a
cg00864618,78,S1a
cg04091927,97,S1a
cg21745256,81,S1a
cg07270064,97,S1a
cg00296189,97,S1a
cg12002314,97,S1a
cg19486048,97,S1a
cg18770186,97,S1a
cg23548819,97,S1a
cg08877624,97,S1a
cg22610305,97,S1a
cg21271452,97,S1a
cg05051957,97,S1a
cg14957589,97,S1a
cg15627457,97,S1a
cg11594887,97,S1a
cg01136606,97,S1a
cg03139489,97,S1a
cg00952642,97,S1a
cg12641286,77,S1a
cg19515398,97,S1a
cg12793826,97,S1a
cg02006790,97,S1a
cg07691793,97,S1a
cg23300257,97,S1a
cg08610326,95,S1a
cg13212172,97,S1a
cg26920573,97,S1a
cg17767933,97,S1a
cg05878952,96,S1a
cg18973173,97,S1a
cg14699253,97,S1a
cg06007675,97,S1a
cg01911323,97,S1a
cg22977397,97,S1a
cg00405484,97,S1a
cg02692410,97,S1a
cg17369830,97,S1a
cg14650175,96,S1a
cg10720646,97,S1a
cg09020064,97,S1a
cg07022728,97,S1a
cg27319710,97,S1a
cg14827056,97,S1a
cg20299247,97,S1a
cg19857840,97,S1a
cg07752613,97,S1a
cg00682103,97,S1a
cg00288598,96,S1a
cg04476876,96,S1a
cg27056175,97,S1a
cg24262486,97,S1a
cg01758022,97,S1a
cg11208478,97,S1a
cg02455836,97,S1a
cg16798694,97,S1a
cg07242214,97,S1a
cg15717330,97,S1a
cg05023214,97,S1a
cg17560523,97,S1a
cg19482843,97,S1a
cg07701049,97,S1a
cg26325880,97,S1a
cg11007190,97,S1a
cg08918797,97,S1a
cg11302515,97,S1a
cg12691427,97,S1a
cg02741544,97,S1a
cg13294602,97,S1a
cg14484434,97,S1a
cg12073251,97,S1a
cg26074100,97,S1a
cg16971515,97,S1a
cg11598062,97,S1a
cg20577333,97,S1a
cg24540315,97,S1a
cg26963146,97,S1a
cg00176675,97,S1a
cg24492446,97,S1a
cg00990377,97,S1a
cg11743997,97,S1a
cg06250963,97,S1a
cg08444833,97,S1a
cg07466463,88,S1a
cg25922279,97,S1a
cg24251448,96,S1a
cg03172341,97,S1a
cg13582226,97,S1a
cg17050632,97,S1a
cg07281647,97,S1a
cg26554254,97,S1a
cg00175844,97,S1a
cg16782524,97,S1a
cg05744888,97,S1a
cg23287005,97,S1a
cg05827089,97,S1a
cg09815962,97,S1a
cg06895124,97,S1a
cg24512544,97,S1a
cg18491938,97,S1a
cg14835938,97,S1a
cg25071674,97,S1a
cg04047726,97,S1a
cg18999451,94,S1a
cg15463309,97,S1a
cg13157980,97,S1a
cg11006453,97,S1a
cg23731089,97,S1a
cg19352830,97,S1a
cg06401414,97,S1a
cg02733994,97,S1a
cg03215152,97,S1a
cg26291848,97,S1a
cg01980793,97,S1a
cg21208682,97,S1a
cg27005749,97,S1a
cg18440839,97,S1a
cg08632810,97,S1a
cg23349842,97,S1a
cg19992450,97,S1a
cg18044585,97,S1a
cg02345613,97,S1a
cg23060465,97,S1a
cg02911270,97,S1a
cg23119628,97,S1a
cg19301681,97,S1a
cg23110286,97,S1a
cg14190175,97,S1a
cg18321827,97,S1a
cg19021467,97,S1a
cg26996458,97,S1a
cg14301764,97,S1a
cg10649706,97,S1a
cg13610333,97,S1a
cg15936375,97,S1a
cg10010182,97,S1a
cg13383332,97,S1a
cg16286776,97,S1a
cg19882377,97,S1a
cg13405161,97,S1a
cg18119166,97,S1a
cg17634588,97,S1a
cg26801816,97,S1a
cg25029360,97,S1a
cg23967809,97,S1a
cg06931405,35,S1a
cg00641828,97,S1a
cg11559446,78,S1a
cg20637223,97,S1a
cg07891862,53,S1a
cg06944982,97,S1a
cg17340267,97,S1a
cg12075928,74,S1a
cg23913941,97,S1a
cg26016985,97,S1a
cg00444581,80,S1a
cg07515250,54,S1a
cg24143495,97,S1a
cg09722517,97,S1a
cg24383305,22,S1a
cg23466166,20,S1a
cg14774290,97,S1a
cg19367933,97,S1a
cg25059403,97,S1a
cg17957094,97,S1a
cg03268399,97,S1a
cg10996527,95,S1a
cg03904134,97,S1a
cg01581024,8,S1a
cg14396066,42,S1a
cg06119711,97,S1a
cg03277652,97,S1a
cg01806808,97,S1a
cg11398680,97,S1a
cg14930586,97,S1a
cg00218742,97,S1a
cg16624272,97,S1a
cg03589898,97,S1a
cg25998745,97,S1a
cg15421701,97,S1a
cg06867822,97,S1a
cg15920669,97,S1a
cg00415011,97,S1a
cg11324467,97,S1a
cg09145690,96,S1a
cg17960426,80,S1a
cg12170191,97,S1a
cg13949202,97,S1a
cg13924514,97,S1a
cg27629898,97,S1a
cg12179380,97,S1a
cg02895582,97,S1a
cg09914555,97,S1a
cg04124606,97,S1a
cg22459081,97,S1a
cg26129303,97,S1a
cg02411198,97,S1a
cg06025671,97,S1a
cg00577488,97,S1a
cg18023085,97,S1a
cg10852433,97,S1a
cg08115556,97,S1a
cg24473633,97,S1a
cg21044797,97,S1a
cg13400188,97,S1a
cg02387744,97,S1a
cg00292087,97,S1a
cg12895810,97,S1a
cg03460049,97,S1a
cg19863210,97,S1a
cg15591513,97,S1a
cg18870532,97,S1a
cg16425577,97,S1a
cg01287592,97,S1a
cg24476153,97,S1a
cg27658254,97,S1a
cg11538410,97,S1a
cg22457637,97,S1a
cg10408877,97,S1a
cg06440414,97,S1a
cg27509366,97,S1a
cg16830075,97,S1a
cg22899502,97,S1a
cg07580128,97,S1a
cg08520702,97,S1a
cg03511266,97,S1a
cg04066472,97,S1a
cg12807790,97,S1a
cg21442881,97,S1a
cg02574175,97,S1a
cg20864330,97,S1a
cg00552525,97,S1a
cg20915802,97,S1a
cg06623899,97,S1a
cg03401656,97,S1a
cg03400695,97,S1a
cg05423291,94,S1a
cg10113526,97,S1a
cg12809098,97,S1a
cg26203839,97,S1a
cg25465641,97,S1a
cg10447827,97,S1a
cg01769521,97,S1a
cg23007540,97,S1a
cg00597931,97,S1a
cg15891546,97,S1a
cg09859659,97,S1a
cg09055822,97,S1a
cg14305139,97,S1a
cg04966255,97,S1a
cg06562707,97,S1a
cg13209368,97,S1a
cg17937438,97,S1a
cg11716073,58,S1a
cg18897026,97,S1a
cg14480530,97,S1a
cg16499923,97,S1a
cg19991046,97,S1a
cg24384331,97,S1a
cg08285067,97,S1a
cg16568921,97,S1a
cg04342924,97,S1a
cg15148513,97,S1a
cg18220380,97,S1a
cg20746756,97,S1a
cg10064585,97,S1a
cg09256556,97,S1a
cg00989157,97,S1a
cg03520003,97,S1a
cg16560824,97,S1a
cg18165707,97,S1a
cg09946870,97,S1a
cg26282299,97,S1a
cg23637880,97,S1a
cg13133827,97,S1a
cg01593134,97,S1a
cg06179837,97,S1a
cg07341224,97,S1a
cg03979041,97,S1a
cg12564151,97,S1a
cg10594837,97,S1a
cg24346659,97,S1a
cg17527975,97,S1a
cg04181214,97,S1a
cg25016112,97,S1a
cg09914648,97,S1a
cg10175910,97,S1a
cg06730756,96,S1a
cg27390061,97,S1a
cg12281527,97,S1a
cg16494567,97,S1a
cg25322632,97,S1a
cg14423045,97,S1a
cg04441314,97,S1a
cg08602861,97,S1a
cg26141291,97,S1a
cg08788930,97,S1a
cg10231179,97,S1a
cg11371879,97,S1a
cg24807132,97,S1a
cg21031226,97,S1a
cg11222836,97,S1a
cg17525220,97,S1a
cg07161062,97,S1a
cg18755752,97,S1a
cg12857785,97,S1a
cg20806051,97,S1a
cg08687057,97,S1a
cg23694486,97,S1a
cg21610957,87,S1a
cg09940032,97,S1a
cg02508881,97,S1a
cg06768944,97,S1a
cg04560093,97,S1a
cg08205396,97,S1a
cg22581352,97,S1a
cg07231045,97,S1a
cg16305292,97,S1a
cg12144681,97,S1a
cg05851505,97,S1a
cg07695089,97,S1a
cg08203794,97,S1a
cg10113820,97,S1a
cg19345940,54,S1a
cg16995299,97,S1a
cg23301539,97,S1a
cg03569283,97,S1a
cg23750338,97,S1a
cg13474450,97,S1a
cg24855956,97,S1a
cg18190534,97,S1a
cg20080616,97,S1a
cg06588735,97,S1a
cg10555010,97,S1a
cg26441120,97,S1a
cg13560841,97,S1a
cg16341495,97,S1a
cg04685302,97,S1a
cg20703664,97,S1a
cg08854366,97,S1a
cg15992532,97,S1a
cg26952928,97,S1a
cg22261640,97,S1a
cg27000496,97,S1a
cg20555854,97,S1a
cg00767977,97,S1a
cg07115035,97,S1a
cg08829393,97,S1a
cg15331837,97,S1a
cg19923238,97,S1a
cg21207636,97,S1a
cg11945507,90,S1a
cg04804543,97,S1a
cg03653399,96,S1a
cg07217030,97,S1a
cg22335882,97,S1a
cg07437919,86,S1a
cg01866330,97,S1a
cg23707719,97,S1a
cg05073386,97,S1a
cg00966749,97,S1a
cg02231909,97,S1a
cg08266905,97,S1a
cg24701309,97,S1a
cg02996583,97,S1a
cg17207736,97,S1a
cg22284058,97,S1a
cg09238000,97,S1a
cg01617074,97,S1a
cg15586392,91,S1a
cg01081737,97,S1a
cg07769015,97,S1a
cg21861233,97,S1a
cg08955358,97,S1a
cg25367206,97,S1a
cg18254417,97,S1a
cg16967434,97,S1a
cg04173864,97,S1a
cg27259731,97,S1a
cg19840493,97,S1a
cg00014665,97,S1a
cg26547058,97,S1a
cg03316587,97,S1a
cg17298326,97,S1a
cg27109043,97,S1a
cg23166590,97,S1a
cg20657864,97,S1a
cg21769006,97,S1a
cg08271907,97,S1a
cg16319192,97,S1a
cg02695267,97,S1a
cg16144331,97,S1a
cg20068274,97,S1a
cg07349348,97,S1a
cg26283879,97,S1a
cg19867107,97,S1a
cg20776333,97,S1a
cg01377082,97,S1a
cg12667933,97,S1a
cg00672558,97,S1a
cg07526106,97,S1a
cg00971369,97,S1a
cg25445213,97,S1a
cg02709064,97,S1a
cg26101485,94,S1a
cg12134349,97,S1a
cg12877781,97,S1a
cg04797885,97,S1a
cg20799268,71,S1a
cg14150907,97,S1a
cg25461290,97,S1a
cg04597393,93,S1a
cg25548350,97,S1a
cg05743883,97,S1a
cg15799309,97,S1a
cg24128853,97,S1a
cg16730172,97,S1a
cg10113221,97,S1a
cg00177657,97,S1a
cg20669366,97,S1a
cg16860882,96,S1a
cg01599714,97,S1a
cg06447952,97,S1a
cg27411547,97,S1a
cg00131261,97,S1a
cg10138338,97,S1a
cg11136341,97,S1a
cg03195377,92,S1a
cg13289579,97,S1a
cg07301148,97,S1a
cg03716032,87,S1a
cg17364411,97,S1a
cg16927416,97,S1a
cg22399111,97,S1a
cg21428896,97,S1a
cg00131691,97,S1a
cg12993642,97,S1a
cg25392060,97,S1a
cg26610247,97,S1a
cg21650866,97,S1a
cg25489732,97,S1a
cg00892792,97,S1a
cg07140289,97,S1a
cg10307904,97,S1a
cg17640147,97,S1a
cg26889564,97,S1a
cg11199822,97,S1a
cg06575772,97,S1a
cg04849298,97,S1a
cg25043496,97,S1a
cg10090414,97,S1a
cg26197679,97,S1a
cg01961825,97,S1a
cg08959999,97,S1a
cg21312554,97,S1a
cg26714129,97,S1a
cg10963426,97,S1a
cg01620208,97,S1a
cg27485152,97,S1a
cg18818267,97,S1a
cg24134292,97,S1a
cg11268280,97,S1a
cg13890428,97,S1a
cg05176958,97,S1a
cg18521305,97,S1a
cg24298294,97,S1a
cg01366454,97,S1a
cg10724191,97,S1a
cg07570470,97,S1a
cg14940405,97,S1a
cg23302774,97,S1a
cg16101118,97,S1a
cg07397983,97,S1a
cg00924425,97,S1a
cg27267377,97,S1a
cg08267399,97,S1a
cg14780482,97,S1a
cg06946901,97,S1a
cg27465263,80,S1a
cg03490378,97,S1a
cg17696566,97,S1a
cg14818812,97,S1a
cg21934190,97,S1a
cg00654448,97,S1a
cg01779740,97,S1a
cg10982692,97,S1a
cg20078454,97,S1a
cg01716084,97,S1a
cg22979083,97,S1a
cg10390435,97,S1a
cg12072833,97,S1a
cg06556929,97,S1a
cg02095498,97,S1a
cg10787911,97,S1a
cg08224569,97,S1a
cg19187290,97,S1a
cg03592763,97,S1a
cg07190229,97,S1a
cg03144848,97,S1a
cg04137003,97,S1a
cg20481340,97,S1a
cg25402083,97,S1a
cg25083922,97,S1a
cg10964944,97,S1a
cg06218344,97,S1a
cg26860265,97,S1a
cg05027079,97,S1a
cg19785773,97,S1a
cg02784328,97,S1a
cg10118557,97,S1a
cg17903548,97,S1a
cg22052514,97,S1a
cg14721108,97,S1a
cg05037105,97,S1a
cg24911891,97,S1a
cg03511735,97,S1a
cg06830360,97,S1a
cg13206429,97,S1a
cg16790390,97,S1a
cg04015522,97,S1a
cg22863209,97,S1a
cg23883409,97,S1a
cg15946259,97,S1a
cg24704912,97,S1a
cg11118396,97,S1a
cg19305111,97,S1a
cg00467244,96,S1a
cg26425321,97,S1a
cg01975786,97,S1a
cg12107580,97,S1a
cg01381130,97,S1a
cg22981153,97,S1a
cg15678513,97,S1a
cg11144784,59,S1a
cg18675600,96,S1a
cg11132469,97,S1a
cg05136956,97,S1a
cg23286173,97,S1a
cg19862912,97,S1a
cg05105646,97,S1a
cg03718353,97,S1a
cg27266381,97,S1a
cg05973317,97,S1a
cg04597975,97,S1a
cg02059849,97,S1a
cg26849776,97,S1a
cg12847125,97,S1a
cg23278359,97,S1a
cg06411619,97,S1a
cg05033749,97,S1a
cg15142913,97,S1a
cg18584803,97,S1a
cg04150639,97,S1a
cg16331565,97,S1a
cg23647640,96,S1a
cg09091148,97,S1a
cg24944959,97,S1a
cg17635777,97,S1a
cg15723250,97,S1a
cg03554221,97,S1a
cg00220113,97,S1a
cg16670021,97,S1a
cg12732638,97,S1a
cg15940337,53,S1a
cg19135273,97,S1a
cg22226804,97,S1a
cg19593660,97,S1a
cg17812203,97,S1a
cg02683714,97,S1a
cg09933516,97,S1a
cg21077957,97,S1a
cg10133170,97,S1a
cg14233295,97,S1a
cg25697881,97,S1a
cg04744713,97,S1a
cg00328935,51,S1a
cg26654519,97,S1a
cg22655436,97,S1a
cg12034158,97,S1a
cg05627947,97,S1a
cg02122540,97,S1a
cg20687482,97,S1a
cg02302730,97,S1a
cg18343437,97,S1a
cg24387472,97,S1a
cg00847277,97,S1a
cg04966825,96,S1a
cg15898113,97,S1a
cg14970987,97,S1a
cg20936172,97,S1a
cg26788501,97,S1a
cg12062133,89,S1a
cg08132701,97,S1a
cg11642127,97,S1a
cg08691204,97,S1a
cg00818493,97,S1a
cg26550068,97,S1a
cg05517610,97,S1a
cg16898822,97,S1a
cg04141627,97,S1a
cg01297896,97,S1a
cg00564524,97,S1a
cg20743749,97,S1a
cg20203768,97,S1a
cg24833737,97,S1a
cg13322234,97,S1a
cg20392723,97,S1a
cg26331504,97,S1a
cg00112187,97,S1a
cg17681698,74,S1a
cg23901843,97,S1a
cg23110430,97,S1a
cg01489756,83,S1a
cg15905320,97,S1a
cg21440284,97,S1a
cg27244385,97,S1a
cg07456135,97,S1a
cg25666516,97,S1a
cg04893741,97,S1a
cg16841748,97,S1a
cg26174215,97,S1a
cg02888990,97,S1a
cg01799429,97,S1a
cg00176584,18,S1a
cg24843346,97,S1a
cg04491321,97,S1a
cg15310387,97,S1a
cg09954849,97,S1a
cg11087819,97,S1a
cg17776033,97,S1a
cg02070857,97,S1a
cg07969668,97,S1a
cg00084798,97,S1a
cg17159698,97,S1a
cg13176778,97,S1a
cg16437211,97,S1a
cg12818107,97,S1a
cg14227785,97,S1a
cg23296652,97,S1a
cg23177714,97,S1a
cg16821867,97,S1a
cg09124961,97,S1a
cg12869679,97,S1a
cg08521289,97,S1a
cg08601898,97,S1a
cg19225026,91,S1a
cg09149147,97,S1a
cg22662829,97,S1a
cg22635328,97,S1a
cg24904863,97,S1a
cg18587404,97,S1a
cg13090007,97,S1a
cg14559725,97,S1a
cg01514356,97,S1a
cg00664093,97,S1a
cg00316921,97,S1a
cg07295586,97,S1a
cg00187981,97,S1a
cg15630458,96,S1a
cg10548399,97,S1a
cg11711501,97,S1a
cg05895711,97,S1a
cg01595666,97,S1a
cg17675852,97,S1a
cg10902206,97,S1a
cg04413782,97,S1a
cg09553753,97,S1a
cg16468388,97,S1a
cg05824990,97,S1a
cg06802346,97,S1a
cg13375916,97,S1a
cg24860560,97,S1a
cg06573787,93,S1a
cg01284666,97,S1a
cg10755035,97,S1a
cg12722337,97,S1a
cg04651548,97,S1a
cg25363559,97,S1a
cg19788371,97,S1a
cg04914126,97,S1a
cg20562147,97,S1a
cg00255135,97,S1a
cg21327483,97,S1a
cg24928143,97,S1a
cg26003909,97,S1a
cg13116158,97,S1a
cg15410835,97,S1a
cg11827514,97,S1a
cg13630049,97,S1a
cg10796400,97,S1a
cg16781548,97,S1a
cg14316323,97,S1a
cg20599405,97,S1a
cg23703216,97,S1a
cg17830011,97,S1a
cg10199770,97,S1a
cg08863473,97,S1a
cg16683015,97,S1a
cg18751637,97,S1a
cg24420534,97,S1a
cg21498490,97,S1a
cg06768670,97,S1a
cg24823764,97,S1a
cg26947977,97,S1a
cg07230062,97,S1a
cg22378717,97,S1a
cg21439481,97,S1a
cg03461430,97,S1a
cg26123415,97,S1a
cg25938735,97,S1a
cg00332850,97,S1a
cg13436164,97,S1a
cg23171972,51,S1a
cg23914969,97,S1a
cg12250841,97,S1a
cg21741708,97,S1a
cg03899054,97,S1a
cg14623024,96,S1a
cg21928627,97,S1a
cg03350163,97,S1a
cg14025637,97,S1a
cg00584485,97,S1a
cg15154047,97,S1a
cg02833919,97,S1a
cg23955434,97,S1a
cg26371310,97,S1a
cg19861312,97,S1a
cg21782089,97,S1a
cg26563313,95,S1a
cg20384387,97,S1a
cg17144184,97,S1a
cg16736259,97,S1a
cg00131244,97,S1a
cg07359966,97,S1a
cg15155360,97,S1a
cg22860740,97,S1a
cg26726035,97,S1a
cg10567579,97,S1a
cg25615174,97,S1a
cg19035966,97,S1a
cg05423942,97,S1a
cg16142914,97,S1a
cg16717864,97,S1a
cg21337120,97,S1a
cg18212064,97,S1a
cg10309769,79,S1a
cg12109170,97,S1a
cg11784799,97,S1a
cg10442932,97,S1a
cg03957095,97,S1a
cg25356456,97,S1a
cg12103720,97,S1a
cg26510597,97,S1a
cg01590439,97,S1a
cg14334488,97,S1a
cg25351599,97,S1a
cg01749651,97,S1a
cg05829145,97,S1a
cg06184396,97,S1a
cg03635225,97,S1a
cg01798806,97,S1a
cg17376205,97,S1a
cg21194021,97,S1a
cg03133686,97,S1a
cg14260648,90,S1a
cg00245613,97,S1a
cg12274030,97,S1a
cg02246640,97,S1a
cg17478552,97,S1a
cg22236890,97,S1a
cg12589112,97,S1a
cg08957001,97,S1a
cg15645674,97,S1a
cg04372120,97,S1a
cg08962185,97,S1a
cg18824193,96,S1a
cg00033806,97,S1a
cg11321371,97,S1a
cg20980299,97,S1a
cg00041898,97,S1a
cg12268263,97,S1a
cg15329936,97,S1a
cg00084202,97,S1a
cg25456425,97,S1a
cg01957751,97,S1a
cg17573028,97,S1a
cg08217567,97,S1a
cg18579475,97,S1a
cg14781356,97,S1a
cg14832432,97,S1a
cg21073511,97,S1a
cg19503351,97,S1a
cg20505375,97,S1a
cg02851167,97,S1a
cg12568407,97,S1a
cg04399647,97,S1a
cg08994061,97,S1a
cg11388859,97,S1a
cg21926626,97,S1a
cg26720961,97,S1a
cg00668592,97,S1a
cg09433928,97,S1a
cg17635294,97,S1a
cg22125433,97,S1a
cg06546202,97,S1a
cg03691285,90,S1a
cg19916067,97,S1a
cg17774711,97,S1a
cg24822074,97,S1a
cg12692919,97,S1a
cg21148880,97,S1a
cg24930856,97,S1a
cg03181328,97,S1a
cg09940006,97,S1a
cg01869618,97,S1a
cg13069443,96,S1a
cg01362754,96,S1a
cg18128673,96,S1a
cg10761372,97,S1a
cg08856841,97,S1a
cg00272484,97,S1a
cg08006053,97,S1a
cg21663359,97,S1a
cg02860255,97,S1a
cg11740861,97,S1a
cg26394850,97,S1a
cg17182946,97,S1a
cg11277662,97,S1a
cg07485787,97,S1a
cg24465384,97,S1a
cg07863950,97,S1a
cg18736791,97,S1a
cg05081514,97,S1a
cg08622648,97,S1a
cg05048685,97,S1a
cg22852558,97,S1a
cg23136266,97,S1a
cg20294752,97,S1a
cg19003803,94,S1a
cg02993564,97,S1a
cg23339165,97,S1a
cg20476171,97,S1a
cg15168294,97,S1a
cg21185031,97,S1a
cg04141185,97,S1a
cg02230133,97,S1a
cg23790050,97,S1a
cg11490865,97,S1a
cg11691535,97,S1a
cg06771664,97,S1a
cg05202073,97,S1a
cg22931466,97,S1a
cg11926839,97,S1a
cg17372408,97,S1a
cg06454464,97,S1a
cg23890910,97,S1a
cg19587000,89,S1a
cg00553195,97,S1a
cg12939918,97,S1a
cg06795722,97,S1a
cg11328885,97,S1a
cg14778691,97,S1a
cg18569695,97,S1a
cg16672904,95,S1a
cg08929713,97,S1a
cg12060301,97,S1a
cg15422033,97,S1a
cg25827936,97,S1a
cg06541938,97,S1a
cg09236762,97,S1a
cg11211512,97,S1a
cg22288223,97,S1a
cg10827559,97,S1a
cg26225406,97,S1a
cg24037651,97,S1a
cg19249110,97,S1a
cg05981406,97,S1a
cg20069408,97,S1a
cg26703989,97,S1a
cg01034973,97,S1a
cg22873165,97,S1a
cg01775523,97,S1a
cg19942431,97,S1a
cg00595039,97,S1a
cg21553216,97,S1a
cg09964625,97,S1a
cg00293626,97,S1a
cg09605693,97,S1a
cg11893698,97,S1a
cg23874934,97,S1a
cg06770091,97,S1a
cg19536075,97,S1a
cg20422052,97,S1a
cg14563732,97,S1a
cg24996280,97,S1a
cg03305840,97,S1a
cg21240812,97,S1a
cg24182831,97,S1a
cg15939347,97,S1a
cg26597982,97,S1a
cg03411765,97,S1a
cg11798891,97,S1a
cg02146026,97,S1a
cg10326833,97,S1a
cg23568538,97,S1a
cg11146916,97,S1a
cg11213687,97,S1a
cg04104966,97,S1a
cg14376312,97,S1a
cg13795689,97,S1a
cg25225379,97,S1a
cg19671331,97,S1a
cg05624564,97,S1a
cg23281907,97,S1a
cg12624721,97,S1a
cg01647693,97,S1a
cg17721355,97,S1a
cg18198461,97,S1a
cg15835747,97,S1a
cg14086271,97,S1a
cg08815727,97,S1a
cg04118831,97,S1a
cg23906459,97,S1a
cg16296826,97,S1a
cg06166932,97,S1a
cg18111119,97,S1a
cg01241721,97,S1a
cg03776432,97,S1a
cg07714757,97,S1a
cg02707869,97,S1a
cg19878659,97,S1a
cg05988699,97,S1a
cg21639387,97,S1a
cg12039286,97,S1a
cg20864608,97,S1a
cg11758945,97,S1a
cg00321480,97,S1a
cg07300200,97,S1a
cg00423826,97,S1a
cg19529472,97,S1a
cg01288167,97,S1a
cg20042662,97,S1a
cg26337559,97,S1a
cg20095173,97,S1a
cg24506936,97,S1a
cg13245228,97,S1a
cg11736739,97,S1a
cg05458429,97,S1a
cg20522761,97,S1a
cg20994561,97,S1a
cg09851596,96,S1a
cg04134031,97,S1a
cg21210789,97,S1a
cg03924566,97,S1a
cg14695492,97,S1a
cg09968723,97,S1a
cg02478907,97,S1a
cg00713567,97,S1a
cg20063965,97,S1a
cg23189175,97,S1a
cg02048922,87,S1a
cg15900034,97,S1a
cg17998353,97,S1a
cg18898498,97,S1a
cg22481405,97,S1a
cg00390735,97,S1a
cg04436528,97,S1a
cg26159052,97,S1a
cg23685597,97,S1a
cg06043159,97,S1a
cg08762403,97,S1a
cg01020421,97,S1a
cg03184441,97,S1a
cg04002944,97,S1a
cg04655278,97,S1a
cg20817363,97,S1a
cg04678462,97,S1a
cg14634760,97,S1a
cg17183836,97,S1a
cg21817896,97,S1a
cg11335323,97,S1a
cg02540304,97,S1a
cg01040361,97,S1a
cg09544050,97,S1a
cg25473866,97,S1a
cg26953288,97,S1a
cg25459800,97,S1a
cg13577389,97,S1a
cg20912874,97,S1a
cg04174124,97,S1a
cg17468773,97,S1a
cg07139330,94,S1a
cg26731327,97,S1a
cg14669274,97,S1a
cg00143220,97,S1a
cg02635875,97,S1a
cg09956924,97,S1a
cg13448704,97,S1a
cg21746991,97,S1a
cg16222629,97,S1a
cg19083914,97,S1a
cg01315139,97,S1a
cg14250251,97,S1a
cg17546422,97,S1a
cg03896940,97,S1a
cg04471045,97,S1a
cg08008088,97,S1a
cg14501638,97,S1a
cg21210370,97,S1a
cg12853648,54,S1a
cg15844895,54,S1a
cg24465484,97,S1a
cg13887532,97,S1a
cg19269029,97,S1a
cg10422833,97,S1a
cg11223512,97,S1a
cg22258527,97,S1a
cg22988346,97,S1a
cg01052614,97,S1a
cg21934273,97,S1a
cg02666287,97,S1a
cg11632289,97,S1a
cg00929345,97,S1a
cg18719217,97,S1a
cg19721255,97,S1a
cg00996588,97,S1a
cg08464177,97,S1a
cg27039312,97,S1a
cg15527230,97,S1a
cg13997765,97,S1a
cg26048117,97,S1a
cg05741102,97,S1a
cg08690436,97,S1a
cg02555944,97,S1a
cg25985721,97,S1a
cg21422209,97,S1a
cg19656486,97,S1a
cg26722062,97,S1a
cg21461034,97,S1a
cg21253952,97,S1a
cg05949331,97,S1a
cg10694727,97,S1a
cg08989558,97,S1a
cg08496033,97,S1a
cg09946832,97,S1a
cg12270368,97,S1a
cg00487506,97,S1a
cg24450303,97,S1a
cg13172906,97,S1a
cg05415840,97,S1a
cg08387463,97,S1a
cg14225847,97,S1a
cg24981018,97,S1a
cg02675353,97,S1a
cg01509843,97,S1a
cg19438565,97,S1a
cg23210049,97,S1a
cg08860119,97,S1a
cg10104451,72,S1a
cg04321580,97,S1a
cg01577292,97,S1a
cg16922810,97,S1a
cg15410441,97,S1a
cg08775382,97,S1a
cg21225501,97,S1a
cg10035066,97,S1a
cg06521562,97,S1a
cg11257906,97,S1a
cg20281912,97,S1a
cg12263872,97,S1a
cg13260615,97,S1a
cg25767729,97,S1a
cg00825317,97,S1a
cg18270343,97,S1a
cg23641264,97,S1a
cg00409260,97,S1a
cg09305580,97,S1a
cg04658647,97,S1a
cg03956646,97,S1a
cg18622256,97,S1a
cg26325135,97,S1a
cg22966856,97,S1a
cg14875827,97,S1a
cg05892503,97,S1a
cg10596483,97,S1a
cg24634471,97,S1a
cg04035553,97,S1a
cg02141940,97,S1a
cg20281815,97,S1a
cg00585116,97,S1a
cg02616368,97,S1a
cg13392302,97,S1a
cg00014754,97,S1a
cg13446199,97,S1a
cg25875163,97,S1a
cg07168939,97,S1a
cg22815528,97,S1a
cg07531093,97,S1a
cg00499248,97,S1a
cg10100256,97,S1a
cg24023258,97,S1a
cg24536349,97,S1a
cg08569678,95,S1a
cg22146357,97,S1a
cg26976437,97,S1a
cg11630226,97,S1a
cg19413366,97,S1a
cg15164446,97,S1a
cg00497110,97,S1a
cg10802543,97,S1a
cg09027685,96,S1a
cg16809304,97,S1a
cg14304364,97,S1a
cg10918419,97,S1a
cg18617333,97,S1a
cg20215367,97,S1a
cg07766672,97,S1a
cg10913563,97,S1a
cg24023859,97,S1a
cg27483474,97,S1a
cg05354556,97,S1a
cg09147065,97,S1a
cg00123906,97,S1a
cg25803977,97,S1a
cg24258716,97,S1a
cg24948990,97,S1a
cg24397937,97,S1a
cg26140749,97,S1a
cg10895433,97,S1a
cg06894628,97,S1a
cg20862496,97,S1a
cg20108693,97,S1a
cg13411229,97,S1a
cg06565975,97,S1a
cg07441143,97,S1a
cg00635382,97,S1a
cg16897550,97,S1a
cg05904795,97,S1a
cg04311964,97,S1a
cg18493182,97,S1a
cg26880549,97,S1a
cg22617682,97,S1a
cg16733117,97,S1a
cg16737416,97,S1a
cg08530859,97,S1a
cg19877103,97,S1a
cg17770910,97,S1a
cg10210076,97,S1a
cg02415014,97,S1a
cg04350571,97,S1a
cg00801134,97,S1a
cg02228226,97,S1a
cg17888033,97,S1a
cg04688051,97,S1a
cg05072100,97,S1a
cg03405983,97,S1a
cg04688828,97,S1a
cg20541178,97,S1a
cg26559315,97,S1a
cg04969067,97,S1a
cg24046110,97,S1a
cg20041105,97,S1a
cg12516270,97,S1a
cg05569086,97,S1a
cg15511327,97,S1a
cg22861548,92,S1a
cg08090164,97,S1a
cg19021188,97,S1a
cg00399059,97,S1a
cg23180489,97,S1a
cg25483741,97,S1a
cg10555383,97,S1a
cg17252645,97,S1a
cg03531810,97,S1a
cg05800321,97,S1a
cg07661805,97,S1a
cg24495007,97,S1a
cg08209691,97,S1a
cg04811942,97,S1a
cg09964873,97,S1a
cg14585892,97,S1a
cg20100987,97,S1a
cg26466375,97,S1a
cg02918648,97,S1a
cg17080283,97,S1a
cg02679028,97,S1a
cg02926397,97,S1a
cg23436058,97,S1a
cg26042490,97,S1a
cg01054454,97,S1a
cg14031465,97,S1a
cg21205222,97,S1a
cg01489032,97,S1a
cg16471600,97,S1a
cg10073584,97,S1a
cg21022029,97,S1a
cg10948284,97,S1a
cg21600380,97,S1a
cg06219408,97,S1a
cg14195254,97,S1a
cg22396979,97,S1a
cg07711097,97,S1a
cg16359091,97,S1a
cg23373978,97,S1a
cg21251926,97,S1a
cg25150189,95,S1a
cg01972576,97,S1a
cg10324643,97,S1a
cg00057593,97,S1a
cg00245850,97,S1a
cg22689323,97,S1a
cg08389266,97,S1a
cg20073007,97,S1a
cg02318454,97,S1a
cg21901156,97,S1a
cg17015994,97,S1a
cg21298978,97,S1a
cg15847600,97,S1a
cg07954324,97,S1a
cg11324259,97,S1a
cg02467735,97,S1a
cg10500909,97,S1a
cg00136400,97,S1a
cg22885068,97,S1a
cg16513149,97,S1a
cg00883493,97,S1a
cg21755044,97,S1a
cg11303842,97,S1a
cg05062418,97,S1a
cg09072052,97,S1a
cg04517258,97,S1a
cg20489847,97,S1a
cg00241638,97,S1a
cg12110437,33,S1a
cg14489570,97,S1a
cg17052170,97,S1a
cg04678793,97,S1a
cg12143168,97,S1a
cg00598766,97,S1a
cg22317537,97,S1a
cg22425913,97,S1a
cg03687734,97,S1a
cg22817659,97,S1a
cg06259052,97,S1a
cg12130935,96,S1a
cg06597861,97,S1a
cg11702942,97,S1a
cg14392283,97,S1a
cg03587597,97,S1a
cg16400320,97,S1a
cg12906975,97,S1a
cg07011778,97,S1a
cg08000118,97,S1a
cg06448573,97,S1a
cg07770222,97,S1a
cg08795786,97,S1a
cg00002224,97,S1a
cg22829325,97,S1a
cg03058664,97,S1a
cg21015266,97,S1a
cg03029255,97,S1a
cg04612566,97,S1a
cg25471715,97,S1a
cg26140020,97,S1a
cg05886418,97,S1a
cg10802927,97,S1a
cg01039898,97,S1a
cg13676088,97,S1a
cg17001448,70,S1a
cg01863081,97,S1a
cg23875350,96,S1a
cg23287510,18,S1a
cg05251359,97,S1a
cg17892588,90,S1a
cg04017479,97,S1a
cg22793130,97,S1a
cg11546242,97,S1a
cg24487554,97,S1a
cg02794104,97,S1a
cg11860458,97,S1a
cg24377133,97,S1a
cg23121615,97,S1a
cg14775504,97,S1a
cg01771479,97,S1a
cg25981920,97,S1a
cg08304080,97,S1a
cg20146569,97,S1a
cg26343532,97,S1a
cg22309632,97,S1a
cg18805774,97,S1a
cg07574686,97,S1a
cg21447620,97,S1a
cg12640180,97,S1a
cg22522939,97,S1a
cg00637285,97,S1a
cg16285941,97,S1a
cg14003087,97,S1a
cg15125053,97,S1a
cg01643997,97,S1a
cg25248174,97,S1a
cg01453551,97,S1a
cg26572865,97,S1a
cg04836151,97,S1a
cg26207380,97,S1a
cg13096592,97,S1a
cg25930440,97,S1a
cg04224786,97,S1a
cg12042203,97,S1a
cg12111787,97,S1a
cg24258712,96,S1a
cg04242525,97,S1a
cg08696316,97,S1a
cg03660723,97,S1a
cg15721448,97,S1a
cg00831710,97,S1a
cg10821845,97,S1a
cg09528449,97,S1a
cg23484951,97,S1a
cg02539855,97,S1a
cg26663686,97,S1a
cg03699469,97,S1a
cg24971209,97,S1a
cg04583874,97,S1a
cg16825060,97,S1a
cg21500799,97,S1a
cg26610527,97,S1a
cg07213415,97,S1a
cg08273169,97,S1a
cg22981104,97,S1a
cg22398259,97,S1a
cg15268456,97,S1a
cg04751549,97,S1a
cg14381994,97,S1a
cg26349964,97,S1a
cg01025954,97,S1a
cg04128945,97,S1a
cg00820056,97,S1a
cg22258713,97,S1a
cg23193613,97,S1a
cg23833543,97,S1a
cg03572171,97,S1a
cg22553466,97,S1a
cg01444051,97,S1a
cg13453110,22,S1a
cg06990782,97,S1a
cg16843056,97,S1a
cg00624939,97,S1a
cg24278090,97,S1a
cg08293483,97,S1a
cg01121892,97,S1a
cg25580198,97,S1a
cg14566475,97,S1a
cg25496417,97,S1a
cg11270656,97,S1a
cg01953797,97,S1a
cg21537297,97,S1a
cg11203211,97,S1a
cg07028950,97,S1a
cg25560009,97,S1a
cg11967211,97,S1a
cg08415508,97,S1a
cg02108645,97,S1a
cg07074086,97,S1a
cg21888118,97,S1a
cg15707110,97,S1a
cg02647591,97,S1a
cg17070827,97,S1a
cg22401835,81,S1a
cg13449831,97,S1a
cg15704700,97,S1a
cg04404240,97,S1a
cg24641352,97,S1a
cg24493375,97,S1a
cg15123365,97,S1a
cg18209895,97,S1a
cg08141791,97,S1a
cg12805580,97,S1a
cg19075839,97,S1a
cg12736937,97,S1a
cg16458523,97,S1a
cg11768411,97,S1a
cg17661300,97,S1a
cg27528699,97,S1a
cg05065926,97,S1a
cg12108146,97,S1a
cg03752977,97,S1a
cg06418721,97,S1a
cg12056210,97,S1a
cg14843143,97,S1a
cg17528127,97,S1a
cg26873254,97,S1a
cg06422464,97,S1a
cg08691273,97,S1a
cg04425201,97,S1a
cg08879744,97,S1a
cg19305696,94,S1a
cg25672745,97,S1a
cg00019576,97,S1a
cg19504605,97,S1a
cg25068334,97,S1a
cg19886484,97,S1a
cg13439505,97,S1a
cg13261536,97,S1a
cg20232550,97,S1a
cg12888521,97,S1a
cg26039482,97,S1a
cg07294814,97,S1a
cg03773789,97,S1a
cg20529969,97,S1a
cg10825293,97,S1a
cg16007680,97,S1a
cg17130032,97,S1a
cg25880347,97,S1a
cg03132015,97,S1a
cg22857963,97,S1a
cg14825413,97,S1a
cg24510518,97,S1a
cg06070970,97,S1a
cg03496689,97,S1a
cg01043076,97,S1a
cg11240062,97,S1a
cg03894796,97,S1a
cg23196630,97,S1a
cg07692172,97,S1a
cg10941189,97,S1a
cg01190317,97,S1a
cg15062104,97,S1a
cg13910746,97,S1a
cg09076216,97,S1a
cg13283845,97,S1a
cg19657945,97,S1a
cg17628060,97,S1a
cg25206157,97,S1a
cg10413945,97,S1a
cg04788722,97,S1a
cg02530860,97,S1a
cg03151810,97,S1a
cg11388673,97,S1a
cg11750431,97,S1a
cg13563661,97,S1a
cg24107665,97,S1a
cg22040997,97,S1a
cg05984320,97,S1a
cg02570977,97,S1a
cg05020822,97,S1a
cg04120766,97,S1a
cg06398769,97,S1a
cg24147367,97,S1a
cg04875118,97,S1a
cg25814686,97,S1a
cg23668102,97,S1a
cg06179159,97,S1a
cg15594550,97,S1a
cg04213386,97,S1a
cg14857394,97,S1a
cg15045976,97,S1a
cg01806965,97,S1a
cg17366563,97,S1a
cg05373567,97,S1a
cg22609342,97,S1a
cg20128188,97,S1a
cg20979042,93,S1a
cg01023827,97,S1a
cg04033182,97,S1a
cg08515072,97,S1a
cg11933583,97,S1a
cg02901790,97,S1a
cg22975920,97,S1a
cg00441079,97,S1a
cg00185032,97,S1a
cg01566544,97,S1a
cg25225464,97,S1a
cg25634000,97,S1a
cg24789335,97,S1a
cg22305797,97,S1a
cg09602400,97,S1a
cg04149897,97,S1a
cg09174681,93,S1a
cg12164202,97,S1a
cg00139947,97,S1a
cg02086839,97,S1a
cg13394182,97,S1a
cg16329772,97,S1a
cg11562312,97,S1a
cg14594859,97,S1a
cg25176534,97,S1a
cg10309609,97,S1a
cg17322000,97,S1a
cg21435473,97,S1a
cg03922423,97,S1a
cg01779882,97,S1a
cg11975813,97,S1a
cg12516356,97,S1a
cg19942486,97,S1a
cg02166888,97,S1a
cg20704247,97,S1a
cg14828673,97,S1a
cg08170427,97,S1a
cg17117981,97,S1a
cg13407062,97,S1a
cg09322678,97,S1a
cg07743122,97,S1a
cg24914839,97,S1a
cg08597832,97,S1a
cg23629150,97,S1a
cg12188860,97,S1a
cg13529726,97,S1a
cg07150404,97,S1a
cg15845333,97,S1a
cg08453784,97,S1a
cg08781253,97,S1a
cg17060339,97,S1a
cg19102938,97,S1a
cg01869229,97,S1a
cg24596472,97,S1a
cg20024687,97,S1a
cg13153661,97,S1a
cg18916922,89,S1a
cg17159187,97,S1a
cg19774973,97,S1a
cg26466789,97,S1a
cg23244022,73,S1a
cg07652447,96,S1a
cg22123784,97,S1a
cg14425468,47,S1a
cg11284147,97,S1a
cg01145119,97,S1a
cg26368737,97,S1a
cg00173063,97,S1a
cg18063989,97,S1a
cg25653947,97,S1a
cg15629884,97,S1a
cg25257748,97,S1a
cg04441815,97,S1a
cg14963406,97,S1a
cg08258539,97,S1a
cg03821987,97,S1a
cg16935789,97,S1a
cg10641213,97,S1a
cg25762195,97,S1a
cg26122012,97,S1a
cg25255679,97,S1a
cg24836204,97,S1a
cg10397774,97,S1a
cg13311607,76,S1a
cg13159388,97,S1a
cg11988591,97,S1a
cg15118665,97,S1a
cg14457907,97,S1a
cg18997158,97,S1a
cg07226802,97,S1a
cg04410091,97,S1a
cg03134573,97,S1a
cg26544499,97,S1a
cg02337897,97,S1a
cg06330431,97,S1a
cg05991938,97,S1a
cg14437072,97,S1a
cg23961973,97,S1a
cg13074173,97,S1a
cg22914595,97,S1a
cg24187101,97,S1a
cg23041896,97,S1a
cg15678861,97,S1a
cg10787409,97,S1a
cg22437276,97,S1a
cg14317001,97,S1a
cg25555098,97,S1a
cg03579474,97,S1a
cg10358281,97,S1a
cg18002896,97,S1a
cg17363688,97,S1a
cg00934120,97,S1a
cg26718033,97,S1a
cg01211852,97,S1a
cg10643493,97,S1a
cg25951217,97,S1a
cg07171893,97,S1a
cg17076635,97,S1a
cg01572989,97,S1a
cg04449953,97,S1a
cg04208996,97,S1a
cg20003893,97,S1a
cg21234195,97,S1a
cg10594709,97,S1a
cg04262938,97,S1a
cg24415118,97,S1a
cg22584107,97,S1a
cg03417055,97,S1a
cg07123730,97,S1a
cg21803959,97,S1a
cg26387966,97,S1a
cg19262377,97,S1a
cg05799038,97,S1a
cg21925025,97,S1a
cg18527669,97,S1a
cg18826572,97,S1a
cg14831380,97,S1a
cg00327524,97,S1a
cg09807215,97,S1a
cg17570006,97,S1a
cg20387387,97,S1a
cg20569287,97,S1a
cg21884905,97,S1a
cg16896847,97,S1a
cg01403246,97,S1a
cg21638161,97,S1a
cg04905434,97,S1a
cg20992011,97,S1a
cg27092787,97,S1a
cg08181610,91,S1a
cg03243135,97,S1a
cg06187336,97,S1a
cg16899498,97,S1a
cg23464360,97,S1a
cg11560348,97,S1a
cg05965892,97,S1a
cg10349844,97,S1a
cg17101611,97,S1a
cg13169667,97,S1a
cg00467904,97,S1a
cg16222790,97,S1a
cg09890746,97,S1a
cg02247300,97,S1a
cg17517442,97,S1a
cg20008846,97,S1a
cg11964216,97,S1a
cg15170442,97,S1a
cg14556188,97,S1a
cg09732364,97,S1a
cg26187080,97,S1a
cg15992399,97,S1a
cg26857665,97,S1a
cg11848483,97,S1a
cg04180114,97,S1a
cg20156237,97,S1a
cg11210357,97,S1a
cg09993606,97,S1a
cg06937051,97,S1a
cg16292343,97,S1a
cg20781216,97,S1a
cg21449445,97,S1a
cg20490341,97,S1a
cg26392980,97,S1a
cg16876192,97,S1a
cg22342925,97,S1a
cg08885106,97,S1a
cg02128959,97,S1a
cg11329090,97,S1a
cg27413290,97,S1a
cg01312546,97,S1a
cg25945499,97,S1a
cg20254251,28,S1a
cg12462068,97,S1a
cg01885080,97,S1a
cg24472867,97,S1a
cg13153009,97,S1a
cg10724576,97,S1a
cg06094607,97,S1a
cg18761696,97,S1a
cg23820746,97,S1a
cg03612190,97,S1a
cg14529956,97,S1a
cg18749629,97,S1a
cg11497758,97,S1a
cg04621866,97,S1a
cg26185884,97,S1a
cg23170280,97,S1a
cg11234098,97,S1a
cg00952822,97,S1a
cg14650228,97,S1a
cg26361535,97,S1a
cg11996592,97,S1a
cg11303301,97,S1a
cg24974704,97,S1a
cg12688965,97,S1a
cg11205610,97,S1a
cg00169677,97,S1a
cg26696260,93,S1a
cg02921627,97,S1a
cg25834632,97,S1a
cg09961689,97,S1a
cg06554228,97,S1a
cg10039163,97,S1a
cg11631265,97,S1a
cg24783499,97,S1a
cg24562682,97,S1a
cg23318523,97,S1a
cg21404980,97,S1a
cg03345925,97,S1a
cg07557903,97,S1a
cg13191508,97,S1a
cg19598713,97,S1a
cg18210511,97,S1a
cg09580859,97,S1a
cg25900150,97,S1a
cg00783706,97,S1a
cg25638714,97,S1a
cg24561207,97,S1a
cg08380064,97,S1a
cg04040861,97,S1a
cg11873462,2,S1a
cg04878745,97,S1a
cg04268373,97,S1a
cg09883431,97,S1a
cg26390050,97,S1a
cg11338420,97,S1a
cg05992875,97,S1a
cg15144540,97,S1a
cg18552077,97,S1a
cg07556218,97,S1a
cg14491479,97,S1a
cg03468739,97,S1a
cg27339840,96,S1a
cg27006366,97,S1a
cg03870862,97,S1a
cg07971089,89,S1a
cg16976870,97,S1a
cg18649319,97,S1a
cg20458811,97,S1a
cg00404280,97,S1a
cg10438391,97,S1a
cg08688335,93,S1a
cg22012530,93,S1a
cg01134012,93,S1a
cg18198896,93,S1a
cg14721632,93,S1a
cg23090207,93,S1a
cg12686110,93,S1a
cg15541193,93,S1a
cg09317036,93,S1a
cg07422279,93,S1a
cg01088723,93,S1a
cg19661369,93,S1a
cg24493971,93,S1a
cg20583945,97,S1a
cg10074813,97,S1a
cg15172061,97,S1a
cg22312904,97,S1a
cg06043315,97,S1a
cg10675725,97,S1a
cg26711732,97,S1a
cg18145080,97,S1a
cg20387272,97,S1a
cg16563151,97,S1a
cg25245261,97,S1a
cg22687097,97,S1a
cg23101464,97,S1a
cg03367493,97,S1a
cg06553843,97,S1a
cg26173173,97,S1a
cg06114064,97,S1a
cg21643262,97,S1a
cg08825390,97,S1a
cg13978441,97,S1a
cg13462219,97,S1a
cg13399544,97,S1a
cg04022537,97,S1a
cg05191879,97,S1a
cg22095650,93,S1a
cg02503395,97,S1a
cg11031064,97,S1a
cg11904266,97,S1a
cg24467290,97,S1a
cg15857329,97,S1a
cg03738134,97,S1a
cg06460511,97,S1a
cg20465143,97,S1a
cg16027376,96,S1a
cg14809332,97,S1a
cg26536354,97,S1a
cg19878482,97,S1a
cg03967627,97,S1a
cg24351694,97,S1a
cg01048372,97,S1a
cg20127859,97,S1a
cg18047920,97,S1a
cg08197509,97,S1a
cg03569564,97,S1a
cg21187068,97,S1a
cg08017634,97,S1a
cg17524265,97,S1a
cg16316162,97,S1a
cg01494348,97,S1a
cg00713939,97,S1a
cg08508337,97,S1a
cg19357499,97,S1a
cg07691531,15,S1a
cg13282195,97,S1a
cg15537850,97,S1a
cg10298205,97,S1a
cg22839093,97,S1a
cg10614773,97,S1a
cg11362513,97,S1a
cg01014113,97,S1a
cg12167432,97,S1a
cg02628923,97,S1a
cg26073101,97,S1a
cg22639325,97,S1a
cg17636309,97,S1a
cg00184394,97,S1a
cg02235041,97,S1a
cg00083359,97,S1a
cg17774960,97,S1a
cg25077777,97,S1a
cg23088430,97,S1a
cg27466766,97,S1a
cg27250368,97,S1a
cg12753791,97,S1a
cg23309257,97,S1a
cg02544429,97,S1a
cg10003018,97,S1a
cg14824382,97,S1a
cg01467209,97,S1a
cg16873848,97,S1a
cg22186533,97,S1a
cg04249066,97,S1a
cg14203118,97,S1a
cg14292823,97,S1a
cg23902550,97,S1a
cg09579605,97,S1a
cg08171336,97,S1a
cg23588384,97,S1a
cg17798048,97,S1a
cg03262601,97,S1a
cg04264103,97,S1a
cg00021855,97,S1a
cg26507094,97,S1a
cg21458840,97,S1a
cg19306421,97,S1a
cg25088355,97,S1a
cg06541550,97,S1a
cg08909244,97,S1a
cg11946432,97,S1a
cg17879709,97,S1a
cg14837817,94,S1a
cg15555727,97,S1a
cg04413872,97,S1a
cg01142693,97,S1a
cg16391745,97,S1a
cg18800100,97,S1a
cg25474442,97,S1a
cg16888603,97,S1a
cg01414194,97,S1a
cg01981445,97,S1a
cg00311768,97,S1a
cg19150884,97,S1a
cg26266703,97,S1a
cg05876325,97,S1a
cg23197280,97,S1a
cg13211287,97,S1a
cg04565640,97,S1a
cg04293180,97,S1a
cg07777042,94,S1a
cg00600477,97,S1a
cg05939312,85,S1a
cg00154366,97,S1a
cg20785715,97,S1a
cg17707966,97,S1a
cg01764079,83,S1a
cg04005773,97,S1a
cg08382124,97,S1a
cg27129504,97,S1a
cg19855618,97,S1a
cg09591284,97,S1a
cg24216294,97,S1a
cg02014134,97,S1a
cg14647032,97,S1a
cg03739470,97,S1a
cg18998590,97,S1a
cg10492434,97,S1a
cg09074938,97,S1a
cg03773782,97,S1a
cg01533106,97,S1a
cg03083632,97,S1a
cg06936159,97,S1a
cg08500740,97,S1a
cg15168842,97,S1a
cg17321480,97,S1a
cg02479691,97,S1a
cg20984614,97,S1a
cg24312082,97,S1a
cg06285312,97,S1a
cg04694725,97,S1a
cg21033167,97,S1a
cg19886106,97,S1a
cg01942003,97,S1a
cg26606393,97,S1a
cg10136166,97,S1a
cg09289992,97,S1a
cg02389228,97,S1a
cg22524735,97,S1a
cg26679883,97,S1a
cg23463715,97,S1a
cg04877675,97,S1a
cg09548420,97,S1a
cg26347740,97,S1a
cg02106215,97,S1a
cg02298038,97,S1a
cg06419093,97,S1a
cg14026325,97,S1a
cg18710908,97,S1a
cg16530595,97,S1a
cg05003908,97,S1a
cg13246242,97,S1a
cg21206652,97,S1a
cg21429107,97,S1a
cg01262208,97,S1a
cg24063962,97,S1a
cg11205981,97,S1a
cg09754549,97,S1a
cg25224760,97,S1a
cg22932482,97,S1a
cg01958481,97,S1a
cg19988558,97,S1a
cg11695358,97,S1a
cg09147372,97,S1a
cg23379425,93,S1a
cg00265634,75,S1a
cg19988204,51,S1a
cg22043634,97,S1a
cg02018465,97,S1a
cg12160103,95,S1a
cg20165448,97,S1a
cg02365514,97,S1a
cg27499860,97,S1a
cg22892110,96,S1a
cg24013620,97,S1a
cg23562538,97,S1a
cg23105130,97,S1a
cg00910972,97,S1a
cg20000220,97,S1a
cg05626536,97,S1a
cg06344474,97,S1a
cg05041477,97,S1a
cg05826576,97,S1a
cg20422722,97,S1a
cg19089079,97,S1a
cg21962760,97,S1a
cg25799241,97,S1a
cg06465371,97,S1a
cg00238815,97,S1a
cg04440325,97,S1a
cg09380067,97,S1a
cg01612292,97,S1a
cg07962934,97,S1a
cg25468618,97,S1a
cg01399317,97,S1a
cg13735469,97,S1a
cg13911690,97,S1a
cg20519035,97,S1a
cg22054580,97,S1a
cg08895928,97,S1a
cg16449606,97,S1a
cg25074317,97,S1a
cg00446803,97,S1a
cg07441152,97,S1a
cg01854491,97,S1a
cg05913474,97,S1a
cg26039042,97,S1a
cg23556533,97,S1a
cg22231908,97,S1a
cg01529149,97,S1a
cg08975720,97,S1a
cg11222948,97,S1a
cg07118139,97,S1a
cg05425877,97,S1a
cg00261553,97,S1a
cg02995271,97,S1a
cg11896633,97,S1a
cg01898433,97,S1a
cg21026469,97,S1a
cg20326647,97,S1a
cg06463142,97,S1a
cg26881677,97,S1a
cg03453469,97,S1a
cg22805436,97,S1a
cg00580965,97,S1a
cg18833573,97,S1a
cg26680520,97,S1a
cg14488605,97,S1a
cg22457769,97,S1a
cg22147898,97,S1a
cg25494156,97,S1a
cg12137473,97,S1a
cg24041900,97,S1a
cg12000297,97,S1a
cg25017584,97,S1a
cg08080822,97,S1a
cg20190552,97,S1a
cg03508666,97,S1a
cg15466909,97,S1a
cg23304318,97,S1a
cg06406532,97,S1a
cg01914278,97,S1a
cg00156669,97,S1a
cg03085524,97,S1a
cg03454711,97,S1a
cg11263617,97,S1a
cg04552451,97,S1a
cg17068623,97,S1a
cg25833672,97,S1a
cg07723459,97,S1a
cg12945324,97,S1a
cg05366118,97,S1a
cg00977696,97,S1a
cg19129839,97,S1a
cg14958334,97,S1a
cg26243623,97,S1a
cg19639533,97,S1a
cg00775906,97,S1a
cg26127816,97,S1a
cg01261252,97,S1a
cg00927435,97,S1a
cg09541794,97,S1a
cg10282319,97,S1a
cg21476203,97,S1a
cg04140297,97,S1a
cg15174926,97,S1a
cg13249870,97,S1a
cg09387867,97,S1a
cg22601553,97,S1a
cg00995209,97,S1a
cg20861091,97,S1a
cg23321939,97,S1a
cg00338685,97,S1a
cg17198369,97,S1a
cg14733867,97,S1a
cg05637265,97,S1a
cg08214693,97,S1a
cg22053108,97,S1a
cg00110724,97,S1a
cg06438385,97,S1a
cg01869698,97,S1a
cg23120934,97,S1a
cg09549649,97,S1a
cg06437206,97,S1a
cg14234176,97,S1a
cg11374256,97,S1a
cg04927313,97,S1a
cg13201172,97,S1a
cg26400491,97,S1a
cg10363337,97,S1a
cg00045900,97,S1a
cg08231333,97,S1a
cg27246991,97,S1a
cg18404112,97,S1a
cg05425023,97,S1a
cg08973191,97,S1a
cg21166685,97,S1a
cg08005809,97,S1a
cg08573869,97,S1a
cg18004197,97,S1a
cg17082719,97,S1a
cg02850815,97,S1a
cg13509702,97,S1a
cg15650298,97,S1a
cg08996502,97,S1a
cg22145576,97,S1a
cg22251932,97,S1a
cg17150465,97,S1a
cg13527439,97,S1a
cg17368737,97,S1a
cg06943005,97,S1a
cg09348431,97,S1a
cg22232616,97,S1a
cg16797714,97,S1a
cg04286438,97,S1a
cg15397308,97,S1a
cg00159503,97,S1a
cg09992998,97,S1a
cg19191888,97,S1a
cg04618219,97,S1a
cg08924415,97,S1a
cg08862452,97,S1a
cg11056406,97,S1a
cg10713002,97,S1a
cg20036996,97,S1a
cg05859099,97,S1a
cg18431951,97,S1a
cg15970074,97,S1a
cg01692572,97,S1a
cg21967560,97,S1a
cg05611801,97,S1a
cg02708813,97,S1a
cg01963056,97,S1a
cg10953863,97,S1a
cg09859794,97,S1a
cg21639273,97,S1a
cg18149919,97,S1a
cg01730857,97,S1a
cg00274357,97,S1a
cg21899374,97,S1a
cg13283896,97,S1a
cg12515402,97,S1a
cg24023418,97,S1a
cg00061150,97,S1a
cg00433404,97,S1a
cg00857326,97,S1a
cg00630892,97,S1a
cg20222666,97,S1a
cg06454592,97,S1a
cg20324969,97,S1a
cg02133234,97,S1a
cg17328794,97,S1a
cg08242000,97,S1a
cg23938731,97,S1a
cg00693884,97,S1a
cg00083765,97,S1a
cg04789747,97,S1a
cg21709871,97,S1a
cg03405308,97,S1a
cg06371044,97,S1a
cg21414636,97,S1a
cg20545721,97,S1a
cg20367404,97,S1a
cg11370098,97,S1a
cg00260575,97,S1a
cg00566369,97,S1a
cg10101570,97,S1a
cg00863913,97,S1a
cg05253226,97,S1a
cg19593732,97,S1a
cg23784413,97,S1a
cg06592260,97,S1a
cg13514538,97,S1a
cg21340316,97,S1a
cg10433678,97,S1a
cg04146962,97,S1a
cg26138480,97,S1a
cg10059178,97,S1a
cg00065088,97,S1a
cg04146982,97,S1a
cg17497536,97,S1a
cg12397273,97,S1a
cg11778258,97,S1a
cg04064588,97,S1a
cg21139368,97,S1a
cg14475913,97,S1a
cg21135560,97,S1a
cg02735682,97,S1a
cg00696685,97,S1a
cg08467887,97,S1a
cg04745771,97,S1a
cg12163424,97,S1a
cg04904458,97,S1a
cg06009267,97,S1a
cg06668829,97,S1a
cg11469769,97,S1a
cg16694634,97,S1a
cg22819616,97,S1a
cg06251832,97,S1a
cg18153977,97,S1a
cg24337140,97,S1a
cg17250537,97,S1a
cg12470219,97,S1a
cg21670944,97,S1a
cg18245316,97,S1a
cg27645065,97,S1a
cg04927345,97,S1a
cg03441171,95,S1a
cg04169483,97,S1a
cg06242449,97,S1a
cg13883671,97,S1a
cg03014589,97,S1a
cg06447799,97,S1a
cg25198326,97,S1a
cg07068181,97,S1a
cg01859321,97,S1a
cg03000485,97,S1a
cg03767653,97,S1a
cg22224360,97,S1a
cg27276918,97,S1a
cg22329153,97,S1a
cg24465224,97,S1a
cg04885410,97,S1a
cg09374673,97,S1a
cg17795611,97,S1a
cg27065225,97,S1a
cg06547867,97,S1a
cg19587828,97,S1a
cg00480429,97,S1a
cg07613656,97,S1a
cg06785624,97,S1a
cg22162323,97,S1a
cg03008241,97,S1a
cg17191558,97,S1a
cg11220619,97,S1a
cg07597069,97,S1a
cg10620577,97,S1a
cg12861418,97,S1a
cg01949498,97,S1a
cg09143319,97,S1a
cg26120132,97,S1a
cg07172676,97,S1a
cg03354047,97,S1a
cg00017203,97,S1a
cg11207081,97,S1a
cg27082292,97,S1a
cg19405177,97,S1a
cg02480405,97,S1a
cg20784950,97,S1a
cg24891660,97,S1a
cg04757492,97,S1a
cg22822867,97,S1a
cg21900799,97,S1a
cg08090367,97,S1a
cg24948588,97,S1a
cg07427475,97,S1a
cg02331830,97,S1a
cg04255391,97,S1a
cg14598846,97,S1a
cg23299254,97,S1a
cg10299941,97,S1a
cg08159271,97,S1a
cg17705423,97,S1a
cg07531549,97,S1a
cg11147309,97,S1a
cg09550697,97,S1a
cg13389508,97,S1a
cg17560015,97,S1a
cg14695663,97,S1a
cg23324953,97,S1a
cg06045337,97,S1a
cg05696706,97,S1a
cg03958308,97,S1a
cg21511203,97,S1a
cg02623114,97,S1a
cg00521239,96,S1a
cg25548415,97,S1a
cg25678052,97,S1a
cg19407252,97,S1a
cg22840464,97,S1a
cg05320382,97,S1a
cg08718031,97,S1a
cg02010752,97,S1a
cg20154947,97,S1a
cg21550172,97,S1a
cg26763284,97,S1a
cg10319399,97,S1a
cg23715237,97,S1a
cg13984060,97,S1a
cg07898713,97,S1a
cg17960164,97,S1a
cg07690326,97,S1a
cg11956819,97,S1a
cg03537810,97,S1a
cg09406760,97,S1a
cg00128812,97,S1a
cg10451724,97,S1a
cg24120597,97,S1a
cg16434940,97,S1a
cg00611614,97,S1a
cg09235308,97,S1a
cg04018533,97,S1a
cg02140559,97,S1a
cg24137216,97,S1a
cg10173586,97,S1a
cg16001422,97,S1a
cg03280622,97,S1a
cg03226203,97,S1a
cg10328047,97,S1a
cg01753788,97,S1a
cg23934955,97,S1a
cg15628518,97,S1a
cg19893585,97,S1a
cg19672546,97,S1a
cg21672292,97,S1a
cg12864389,97,S1a
cg00253228,97,S1a
cg17327067,97,S1a
cg14324585,97,S1a
cg23780351,97,S1a
cg09050062,97,S1a
cg21904726,97,S1a
cg02676479,97,S1a
cg26795011,97,S1a
cg26666029,97,S1a
cg24507266,97,S1a
cg06452769,97,S1a
cg14234406,97,S1a
cg00329447,97,S1a
cg02110858,97,S1a
cg05595301,97,S1a
cg19497517,97,S1a
cg08161931,97,S1a
cg00736984,97,S1a
cg21535931,97,S1a
cg01228685,97,S1a
cg14913216,97,S1a
cg02681842,97,S1a
cg17082405,97,S1a
cg23155717,97,S1a
cg20680163,97,S1a
cg24044478,97,S1a
cg27649916,77,S1a
cg04892187,97,S1a
cg23351479,97,S1a
cg12621745,97,S1a
cg14144352,97,S1a
cg00575153,97,S1a
cg15183991,97,S1a
cg00886954,97,S1a
cg08455275,97,S1a
cg16720947,48,S1a
cg26549595,97,S1a
cg13527203,93,S1a
cg05141333,97,S1a
cg07598407,97,S1a
cg06029935,97,S1a
cg05010865,97,S1a
cg11224624,97,S1a
cg08909802,97,S1a
cg01242619,97,S1a
cg27013748,97,S1a
cg11529109,97,S1a
cg16878075,97,S1a
cg06818484,97,S1a
cg22259293,97,S1a
cg00311984,97,S1a
cg14199723,97,S1a
cg05457903,97,S1a
cg00015530,97,S1a
cg02906184,97,S1a
cg25261361,97,S1a
cg21234779,97,S1a
cg16194160,97,S1a
cg09856299,97,S1a
cg13072214,97,S1a
cg10787442,97,S1a
cg25477843,97,S1a
cg00373245,97,S1a
cg02713153,97,S1a
cg21415682,97,S1a
cg07980830,97,S1a
cg26724450,97,S1a
cg09299564,97,S1a
cg01450719,97,S1a
cg24688856,97,S1a
cg10787548,97,S1a
cg05141026,97,S1a
cg05451722,97,S1a
cg06236976,97,S1a
cg12088612,97,S1a
cg06101723,97,S1a
cg21813905,97,S1a
cg07212837,97,S1a
cg14709883,60,S1a
cg03722185,97,S1a
cg20520888,97,S1a
cg27263049,97,S1a
cg00835857,97,S1a
cg24710655,97,S1a
cg24486064,97,S1a
cg19854235,97,S1a
cg25644649,97,S1a
cg04496906,97,S1a
cg03918288,97,S1a
cg10145449,97,S1a
cg21624980,97,S1a
cg00423068,97,S1a
cg20803796,97,S1a
cg11133524,97,S1a
cg24064055,97,S1a
cg01760475,97,S1a
cg01193217,97,S1a
cg20938454,97,S1a
cg04594598,97,S1a
cg25223771,97,S1a
cg06319475,97,S1a
cg26199906,97,S1a
cg17698295,97,S1a
cg17301223,97,S1a
cg26256223,97,S1a
cg22882523,97,S1a
cg04366687,97,S1a
cg26824850,97,S1a
cg06179615,97,S1a
cg10578482,97,S1a
cg06551418,97,S1a
cg03932271,97,S1a
cg09850105,97,S1a
cg01663551,97,S1a
cg11375264,97,S1a
cg08519658,97,S1a
cg25924823,97,S1a
cg17951388,97,S1a
cg03309898,97,S1a
cg01042334,97,S1a
cg07148318,97,S1a
cg23830937,97,S1a
cg00774999,97,S1a
cg17475774,97,S1a
cg12890671,97,S1a
cg09019592,97,S1a
cg17779002,97,S1a
cg02868338,97,S1a
cg24051152,97,S1a
cg03065641,97,S1a
cg12143717,97,S1a
cg25672318,97,S1a
cg02005367,97,S1a
cg07331849,97,S1a
cg12025821,97,S1a
cg07869667,97,S1a
cg22328616,97,S1a
cg22046830,97,S1a
cg24028381,97,S1a
cg14929148,97,S1a
cg25788012,97,S1a
cg12549512,97,S1a
cg08020051,97,S1a
cg06746154,97,S1a
cg10137990,97,S1a
cg23339899,97,S1a
cg10433910,97,S1a
cg17943017,97,S1a
cg20669525,97,S1a
cg11547878,97,S1a
cg23285732,97,S1a
cg18809841,97,S1a
cg06495924,97,S1a
cg10997640,97,S1a
cg14964403,97,S1a
cg10901841,97,S1a
cg07057817,97,S1a
cg21765577,97,S1a
cg25803766,97,S1a
cg26212924,97,S1a
cg26944552,97,S1a
cg03576425,97,S1a
cg15230435,97,S1a
cg17366544,97,S1a
cg22138278,97,S1a
cg17176228,97,S1a
cg11538573,97,S1a
cg02621020,97,S1a
cg20573110,97,S1a
cg19517467,97,S1a
cg08825571,97,S1a
cg17170088,97,S1a
cg18314882,97,S1a
cg23119631,97,S1a
cg11883258,97,S1a
cg26796069,97,S1a
cg22147598,97,S1a
cg19978055,97,S1a
cg14771070,97,S1a
cg07195118,97,S1a
cg26272248,97,S1a
cg14631276,97,S1a
cg06239191,97,S1a
cg12439432,97,S1a
cg16311044,97,S1a
cg01423393,97,S1a
cg18925846,97,S1a
cg03852276,97,S1a
cg07593570,97,S1a
cg03748310,97,S1a
cg01388437,97,S1a
cg16298761,97,S1a
cg07387044,97,S1a
cg06927220,97,S1a
cg12222423,97,S1a
cg21725374,97,S1a
cg11202914,97,S1a
cg05470736,50,S1a
cg00005622,97,S1a
cg10734432,97,S1a
cg15640503,97,S1a
cg11885419,97,S1a
cg25593776,97,S1a
cg23322777,97,S1a
cg27057525,97,S1a
cg00897115,97,S1a
cg22341273,97,S1a
cg00398617,97,S1a
cg13036650,97,S1a
cg13372862,97,S1a
cg16752925,97,S1a
cg20786909,97,S1a
cg01467836,97,S1a
cg02389682,97,S1a
cg05616094,97,S1a
cg00879475,97,S1a
cg00995582,97,S1a
cg02695628,97,S1a
cg22726273,97,S1a
cg25958911,96,S1a
cg04746089,97,S1a
cg26712673,97,S1a
cg05745134,97,S1a
cg15151778,97,S1a
cg02908282,97,S1a
cg24319526,97,S1a
cg08280159,97,S1a
cg24042744,97,S1a
cg24605064,97,S1a
cg25344017,97,S1a
cg04796498,97,S1a
cg06354558,97,S1a
cg21215409,97,S1a
cg20329047,97,S1a
cg15984612,97,S1a
cg02873427,90,S1a
cg03301862,97,S1a
cg16196713,97,S1a
cg14156931,97,S1a
cg25376924,97,S1a
cg01519238,97,S1a
cg19430975,97,S1a
cg23516001,97,S1a
cg11375622,97,S1a
cg18814314,97,S1a
cg22989161,97,S1a
cg04065603,97,S1a
cg11474763,97,S1a
cg15329149,97,S1a
cg16438246,97,S1a
cg26904198,97,S1a
cg25464815,97,S1a
cg23547181,97,S1a
cg02900034,97,S1a
cg03189237,97,S1a
cg03513643,97,S1a
cg14357577,97,S1a
cg27324446,97,S1a
cg06546677,97,S1a
cg16752592,97,S1a
cg16146718,97,S1a
cg21966860,97,S1a
cg10718130,97,S1a
cg09565397,97,S1a
cg08079052,97,S1a
cg05080966,97,S1a
cg21282290,97,S1a
cg23094080,97,S1a
cg07103819,97,S1a
cg01777103,97,S1a
cg16505237,97,S1a
cg16869008,97,S1a
cg13438334,97,S1a
cg25027167,97,S1a
cg11127482,97,S1a
cg02483487,97,S1a
cg24806294,97,S1a
cg22485305,97,S1a
cg21244191,97,S1a
cg10904986,97,S1a
cg00410600,97,S1a
cg02049232,97,S1a
cg00447052,97,S1a
cg00303982,97,S1a
cg27595860,97,S1a
cg05184456,97,S1a
cg04059826,97,S1a
cg13288545,79,S1a
cg00849044,20,S1a
cg13302823,97,S1a
cg07918726,97,S1a
cg15301700,97,S1a
cg03719539,96,S1a
cg25472897,97,S1a
cg23191118,97,S1a
cg24051276,97,S1a
cg12063795,11,S1a
cg21948716,97,S1a
cg27317647,97,S1a
cg20533488,97,S1a
cg07069828,97,S1a
cg03717239,97,S1a
cg20367258,97,S1a
cg01651710,97,S1a
cg17965359,97,S1a
cg17921331,97,S1a
cg22453529,97,S1a
cg00678361,97,S1a
cg21553145,97,S1a
cg25862768,97,S1a
cg26137121,97,S1a
cg01836096,97,S1a
cg16808444,97,S1a
cg04843168,97,S1a
cg05494008,97,S1a
cg03753385,97,S1a
cg01646718,97,S1a
cg11370259,97,S1a
cg16628918,97,S1a
cg21959619,97,S1a
cg26403198,97,S1a
cg18342032,97,S1a
cg07402800,97,S1a
cg16725264,97,S1a
cg04146011,97,S1a
cg07026454,97,S1a
cg03347966,97,S1a
cg05584166,97,S1a
cg10672880,97,S1a
cg17683573,97,S1a
cg25767154,97,S1a
cg06139614,97,S1a
cg01915822,97,S1a
cg07776993,89,S1a
cg04548483,97,S1a
cg21843258,97,S1a
cg10533536,97,S1a
cg14935671,97,S1a
cg21417399,97,S1a
cg14447165,97,S1a
cg03031933,97,S1a
cg06948878,97,S1a
cg24513449,97,S1a
cg16695617,97,S1a
cg15411118,97,S1a
cg26202697,97,S1a
cg04849470,97,S1a
cg05176051,97,S1a
cg23075260,97,S1a
cg06178754,97,S1a
cg10355708,97,S1a
cg01859312,97,S1a
cg21310731,97,S1a
cg10301254,97,S1a
cg21254731,97,S1a
cg04453488,97,S1a
cg08172304,97,S1a
cg02031849,97,S1a
cg05972303,97,S1a
cg22638461,97,S1a
cg11637789,97,S1a
cg07932328,97,S1a
cg02988171,97,S1a
cg09671094,97,S1a
cg14259716,97,S1a
cg01563148,97,S1a
cg06891533,97,S1a
cg10318670,97,S1a
cg11967835,97,S1a
cg02390569,97,S1a
cg21755153,97,S1a
cg17822911,97,S1a
cg07471156,97,S1a
cg27617225,97,S1a
cg03515927,97,S1a
cg00503998,97,S1a
cg11861389,97,S1a
cg20555305,97,S1a
cg03636657,97,S1a
cg22384877,97,S1a
cg09056223,96,S1a
cg11321691,97,S1a
cg18511989,97,S1a
cg21537671,97,S1a
cg26796727,97,S1a
cg04204438,97,S1a
cg02842381,97,S1a
cg08209577,97,S1a
cg20326853,97,S1a
cg23957144,97,S1a
cg04532707,97,S1a
cg04927957,97,S1a
cg03479527,97,S1a
cg24625894,97,S1a
cg18246227,97,S1a
cg02583091,97,S1a
cg05681977,97,S1a
cg14228592,97,S1a
cg04600798,97,S1a
cg22059438,97,S1a
cg00065570,97,S1a
cg07933378,97,S1a
cg23697467,97,S1a
cg09155025,97,S1a
cg08969922,97,S1a
cg06700234,97,S1a
cg11800672,97,S1a
cg04803798,97,S1a
cg12503742,97,S1a
cg05574324,97,S1a
cg12676500,97,S1a
cg03453890,97,S1a
cg20259557,97,S1a
cg23351271,97,S1a
cg08387270,97,S1a
cg01467592,97,S1a
cg27034450,97,S1a
cg04043426,97,S1a
cg03492874,97,S1a
cg22645030,97,S1a
cg22922403,97,S1a
cg04943741,97,S1a
cg11402303,97,S1a
cg27657489,97,S1a
cg00029831,97,S1a
cg02226871,97,S1a
cg00179423,97,S1a
cg03219697,97,S1a
cg14017195,97,S1a
cg10709532,97,S1a
cg01556929,97,S1a
cg18562023,97,S1a
cg22918572,97,S1a
cg26440467,97,S1a
cg05807444,97,S1a
cg11882377,97,S1a
cg16499645,97,S1a
cg12939927,97,S1a
cg16681133,97,S1a
cg08315829,97,S1a
cg01527946,97,S1a
cg05989625,97,S1a
cg22846516,97,S1a
cg08877142,97,S1a
cg19627145,97,S1a
cg07005459,97,S1a
cg14390179,97,S1a
cg11185473,97,S1a
cg12883821,97,S1a
cg11899596,97,S1a
cg14536777,97,S1a
cg17161921,97,S1a
cg23953034,97,S1a
cg01082168,97,S1a
cg20492799,97,S1a
cg19893071,97,S1a
cg04846156,97,S1a
cg15838327,97,S1a
cg15783027,97,S1a
cg04565464,97,S1a
cg13063040,97,S1a
cg07336097,97,S1a
cg13390998,97,S1a
cg15814119,97,S1a
cg04595807,97,S1a
cg25372841,97,S1a
cg02576440,97,S1a
cg22912214,97,S1a
cg21042749,97,S1a
cg05260031,97,S1a
cg16508028,97,S1a
cg02839896,97,S1a
cg00718444,97,S1a
cg13071208,97,S1a
cg17328964,97,S1a
cg15189104,97,S1a
cg02108130,97,S1a
cg25390352,97,S1a
cg22601688,97,S1a
cg26752003,97,S1a
cg16383222,97,S1a
cg04790755,97,S1a
cg20387172,97,S1a
cg04794268,97,S1a
cg01590314,97,S1a
cg14831162,97,S1a
cg18376163,65,S1a
cg18464896,88,S1a
cg26372060,53,S1a
cg00735315,97,S1a
cg20913137,97,S1a
cg14430982,97,S1a
cg11238505,97,S1a
cg25649655,97,S1a
cg11757293,97,S1a
cg11290225,97,S1a
cg10347660,97,S1a
cg06666727,97,S1a
cg11025705,97,S1a
cg05317714,97,S1a
cg22614142,97,S1a
cg15006175,97,S1a
cg19792544,97,S1a
cg03667317,97,S1a
cg13623135,97,S1a
cg00845765,97,S1a
cg04515567,97,S1a
cg07044391,97,S1a
cg13159060,97,S1a
cg07205791,97,S1a
cg05113558,97,S1a
cg01906600,97,S1a
cg12460056,97,S1a
cg22340053,97,S1a
cg15320075,97,S1a
cg17683067,97,S1a
cg18200385,97,S1a
cg23044929,97,S1a
cg23677584,97,S1a
cg00994323,97,S1a
cg21518261,97,S1a
cg26078439,97,S1a
cg12515371,97,S1a
cg22563697,97,S1a
cg23747996,97,S1a
cg01629722,97,S1a
cg21925748,97,S1a
cg06398396,97,S1a
cg13257436,97,S1a
cg00533182,97,S1a
cg17574911,97,S1a
cg09265054,97,S1a
cg16587265,97,S1a
cg14476479,97,S1a
cg23793500,97,S1a
cg00280345,97,S1a
cg07658280,97,S1a
cg26572973,97,S1a
cg05241828,97,S1a
cg09957864,97,S1a
cg25600446,97,S1a
cg06110286,97,S1a
cg19352605,97,S1a
cg15983520,97,S1a
cg15685971,97,S1a
cg18555289,97,S1a
cg01919204,97,S1a
cg20545776,97,S1a
cg17869161,97,S1a
cg24811740,97,S1a
cg11211951,97,S1a
cg11617144,97,S1a
cg09514524,97,S1a
cg00815230,97,S1a
cg17465115,97,S1a
cg02185216,97,S1a
cg15640870,97,S1a
cg21040069,97,S1a
cg01115058,97,S1a
cg09372546,97,S1a
cg07680277,97,S1a
cg03221776,97,S1a
cg17820989,97,S1a
cg23413007,97,S1a
cg14743352,97,S1a
cg00010266,97,S1a
cg24883795,97,S1a
cg08818193,97,S1a
cg05340032,97,S1a
cg17958180,97,S1a
cg09988191,97,S1a
cg01990611,97,S1a
cg08468965,97,S1a
cg01081091,97,S1a
cg19996418,97,S1a
cg10248148,97,S1a
cg05909553,97,S1a
cg17926016,97,S1a
cg03144357,97,S1a
cg21226234,97,S1a
cg15857475,97,S1a
cg07270460,97,S1a
cg03349241,97,S1a
cg20512445,97,S1a
cg17368874,97,S1a
cg25544621,97,S1a
cg24681895,97,S1a
cg22526051,97,S1a
cg21092687,97,S1a
cg19022476,97,S1a
cg13291836,97,S1a
cg23138094,97,S1a
cg03949978,97,S1a
cg01099220,97,S1a
cg11875085,97,S1a
cg02479773,97,S1a
cg08872590,97,S1a
cg14739437,97,S1a
cg01978246,97,S1a
cg05358723,97,S1a
cg08302650,97,S1a
cg19682134,97,S1a
cg02085660,97,S1a
cg06341195,97,S1a
cg00688297,97,S1a
cg05828690,97,S1a
cg13678453,97,S1a
cg05419198,97,S1a
cg20312087,97,S1a
cg14870102,97,S1a
cg25642217,97,S1a
cg20748194,97,S1a
cg23111970,97,S1a
cg00633473,97,S1a
cg11075230,80,S1a
cg11574184,97,S1a
cg21421171,97,S1a
cg22382021,97,S1a
cg13514324,97,S1a
cg26259926,97,S1a
cg02887652,97,S1a
cg25667997,97,S1a
cg18811093,97,S1a
cg07549120,97,S1a
cg23359385,97,S1a
cg19434410,97,S1a
cg01648861,97,S1a
cg00661018,97,S1a
cg18581191,97,S1a
cg25765796,97,S1a
cg09125402,97,S1a
cg12665736,97,S1a
cg20579564,97,S1a
cg07472191,97,S1a
cg05812814,97,S1a
cg05056768,97,S1a
cg15150336,97,S1a
cg14943774,97,S1a
cg14429865,97,S1a
cg26728390,96,S1a
cg14411560,97,S1a
cg07452560,97,S1a
cg01532187,97,S1a
cg16848524,97,S1a
cg05062087,97,S1a
cg19309463,97,S1a
cg17704026,97,S1a
cg11673964,97,S1a
cg02340818,97,S1a
cg00697658,97,S1a
cg24504432,97,S1a
cg05239890,93,S1a
cg03657589,97,S1a
cg11488020,97,S1a
cg07969649,97,S1a
cg03228209,97,S1a
cg15708175,97,S1a
cg18906002,97,S1a
cg14912223,97,S1a
cg13167143,97,S1a
cg17088273,97,S1a
cg22094607,97,S1a
cg12742018,97,S1a
cg03475245,97,S1a
cg26006117,97,S1a
cg00063503,97,S1a
cg26861237,97,S1a
cg14029903,97,S1a
cg13531223,97,S1a
cg17684531,97,S1a
cg16591412,97,S1a
cg10147145,97,S1a
cg27531276,97,S1a
cg21001591,97,S1a
cg06741005,97,S1a
cg06404526,97,S1a
cg13517737,97,S1a
cg01305588,97,S1a
cg01794245,97,S1a
cg04132007,97,S1a
cg00634653,97,S1a
cg00582574,58,S1a
cg21438722,97,S1a
cg00998132,97,S1a
cg15593965,97,S1a
cg17004897,93,S1a
cg05084610,93,S1a
cg06993255,97,S1a
cg10174318,97,S1a
cg08818798,97,S1a
cg18147179,96,S1a
cg03127974,97,S1a
cg26241863,97,S1a
cg08894066,97,S1a
cg01452115,97,S1a
cg11842354,97,S1a
cg16928526,43,S1a
cg10848230,97,S1a
cg24148287,97,S1a
cg24504831,97,S1a
cg21787521,97,S1a
cg24474037,97,S1a
cg04753829,87,S1a
cg01694527,97,S1a
cg01881688,92,S1a
cg11555257,97,S1a
cg05155131,97,S1a
cg26173789,97,S1a
cg11969474,97,S1a
cg01038484,97,S1a
cg17156100,74,S1a
cg08483876,97,S1a
cg16822474,97,S1a
cg03070196,97,S1a
cg02610507,97,S1a
cg19732566,97,S1a
cg01675596,97,S1a
cg26895804,96,S1a
cg13729766,95,S1a
cg00703513,97,S1a
cg20661138,97,S1a
cg15595573,97,S1a
cg17101296,97,S1a
cg01296360,97,S1a
cg11585820,97,S1a
cg09979478,97,S1a
cg03134157,96,S1a
cg00865857,97,S1a
cg11124375,97,S1a
cg17670999,97,S1a
cg23224042,97,S1a
cg16287451,97,S1a
cg12050750,97,S1a
cg01287000,97,S1a
cg06331333,97,S1a
cg22728385,97,S1a
cg01995289,97,S1a
cg12010198,97,S1a
cg11896398,97,S1a
cg04456861,97,S1a
cg11473417,97,S1a
cg21494512,97,S1a
cg04528054,97,S1a
cg02363655,97,S1a
cg25334393,97,S1a
cg00117018,61,S1a
cg06513375,97,S1a
cg21918548,97,S1a
cg22730738,97,S1a
cg02561802,97,S1a
cg23103235,97,S1a
cg07419619,97,S1a
cg03485988,96,S1a
cg23102959,97,S1a
cg20047825,97,S1a
cg25093532,97,S1a
cg00140502,97,S1a
cg25178798,97,S1a
cg01029867,97,S1a
cg20046119,69,S1a
cg03088475,87,S1a
cg27121781,97,S1a
cg17514123,97,S1a
cg10700019,97,S1a
cg27391399,97,S1a
cg12718298,97,S1a
cg10356601,97,S1a
cg12099971,97,S1a
cg06263013,97,S1a
cg13486899,97,S1a
cg02229095,72,S1a
cg05400811,97,S1a
cg19845159,97,S1a
cg26483359,97,S1a
cg10940957,97,S1a
cg01755729,97,S1a
cg02167877,97,S1a
cg17016301,97,S1a
cg11133895,96,S1a
cg05483406,97,S1a
cg10061906,97,S1a
cg08985669,97,S1a
cg02243665,97,S1a
cg00517855,97,S1a
cg00904138,97,S1a
cg07296766,97,S1a
cg05427356,97,S1a
cg26911140,97,S1a
cg06454326,97,S1a
cg11609366,97,S1a
cg11631160,91,S1a
cg19526425,97,S1a
cg01981108,6,S1a
cg03571145,97,S1a
cg00154455,97,S1a
cg12270520,97,S1a
cg16101257,97,S1a
cg03871824,97,S1a
cg19233757,97,S1a
cg27449959,94,S1a
cg01794812,97,S1a
cg00820958,18,S1a
cg00816544,97,S1a
cg09320337,97,S1a
cg00774155,97,S1a
cg19354255,97,S1a
cg06459454,97,S1a
cg19621814,97,S1a
cg02515043,97,S1a
cg07505363,97,S1a
cg15684394,97,S1a
cg00709393,97,S1a
cg16823945,97,S1a
cg16901014,97,S1a
cg01319235,83,S1a
cg23761161,97,S1a
cg23534983,97,S1a
cg05797606,97,S1a
cg18063222,97,S1a
cg13551243,97,S1a
cg04926347,97,S1a
cg12806282,97,S1a
cg20438451,97,S1a
cg11391036,89,S1a
cg20845050,97,S1a
cg26029292,97,S1a
cg06709066,97,S1a
cg20672363,97,S1a
cg06621169,97,S1a
cg15963062,97,S1a
cg17722469,97,S1a
cg10719100,97,S1a
cg26421123,97,S1a
cg24648864,97,S1a
cg17198776,97,S1a
cg21164821,97,S1a
cg17474323,97,S1a
cg12732805,97,S1a
cg08437984,97,S1a
cg13514955,97,S1a
cg20145760,97,S1a
cg11075878,97,S1a
cg09706120,97,S1a
cg23712897,97,S1a
cg08819934,97,S1a
cg10639435,97,S1a
cg02616160,97,S1a
cg22745570,97,S1a
cg02436605,97,S1a
cg05806620,75,S1a
cg24346733,97,S1a
cg15827818,34,S1a
cg22800723,97,S1a
cg11664809,56,S1a
cg04151839,97,S1a
cg13592003,97,S1a
cg05851813,97,S1a
cg11042902,97,S1a
cg10333767,97,S1a
cg04963066,97,S1a
cg15839751,97,S1a
cg03075725,97,S1a
cg25201980,97,S1a
cg13353245,97,S1a
cg06762679,97,S1a
cg20129717,97,S1a
cg03554159,97,S1a
cg01676552,97,S1a
cg26394008,97,S1a
cg10227731,97,S1a
cg13004365,97,S1a
cg02908189,97,S1a
cg19416904,97,S1a
cg08699181,97,S1a
cg07534467,97,S1a
cg11914370,97,S1a
cg13734177,97,S1a
cg12876038,97,S1a
cg21605646,97,S1a
cg03068039,97,S1a
cg22611359,97,S1a
cg04764300,97,S1a
cg26816023,97,S1a
cg04044206,97,S1a
cg02837279,83,S1a
cg00609424,97,S1a
cg25928190,97,S1a
cg03307092,97,S1a
cg05479791,97,S1a
cg26837479,97,S1a
cg25166322,97,S1a
cg16497583,97,S1a
cg01644723,97,S1a
cg05006903,97,S1a
cg01049274,97,S1a
cg22396980,97,S1a
cg21594567,97,S1a
cg12457210,97,S1a
cg03629577,97,S1a
cg24728479,97,S1a
cg09711841,82,S1a
cg00295887,97,S1a
cg24663255,97,S1a
cg25477839,60,S1a
cg26795312,97,S1a
cg16884760,97,S1a
cg18500727,97,S1a
cg07013148,97,S1a
cg23565384,79,S1a
cg04900877,96,S1a
cg09414002,97,S1a
cg19040032,97,S1a
cg11270233,97,S1a
cg06443863,97,S1a
cg05570096,97,S1a
cg14844679,97,S1a
cg03332314,97,S1a
cg03464232,97,S1a
cg01040181,97,S1a
cg13174253,97,S1a
cg04982193,97,S1a
cg02102080,97,S1a
cg10792544,97,S1a
cg14500300,97,S1a
cg09847839,97,S1a
cg13703912,67,S1a
cg13470032,97,S1a
cg19201719,97,S1a
cg00489861,97,S1a
cg08909157,97,S1a
cg19252956,97,S1a
cg13876553,97,S1a
cg12291741,97,S1a
cg14464526,97,S1a
cg13443168,97,S1a
cg13595143,97,S1a
cg24643417,97,S1a
cg02988316,97,S1a
cg26381783,97,S1a
cg14015337,97,S1a
cg08677535,97,S1a
cg13883479,97,S1a
cg01424241,97,S1a
cg14399863,94,S1a
cg13877502,97,S1a
cg03358592,97,S1a
cg13455842,39,S1a
cg14450910,96,S1a
cg14021170,97,S1a
cg21241989,97,S1a
cg01137471,97,S1a
cg14267263,97,S1a
cg13762060,97,S1a
cg25905812,97,S1a
cg13713293,97,S1a
cg03168582,97,S1a
cg01047025,97,S1a
cg13413955,97,S1a
cg01826574,90,S1a
cg13418235,31,S1a
cg13619074,97,S1a
cg13946956,95,S1a
cg13537544,76,S1a
cg02649849,97,S1a
cg19291576,90,S1a
cg21215550,94,S1a
cg13434411,97,S1a
cg00200734,81,S1a
cg06252564,97,S1a
cg14314674,97,S1a
cg14504259,97,S1a
cg14305278,97,S1a
cg07173635,97,S1a
cg06984025,97,S1a
cg26023087,97,S1a
cg12236164,97,S1a
cg10192198,97,S1a
cg13816321,97,S1a
cg14495514,97,S1a
cg14147498,97,S1a
cg13577556,97,S1a
cg14067101,97,S1a
cg26489108,97,S1a
cg13853186,61,S1a
cg14473327,97,S1a
cg17420288,97,S1a
cg23805360,97,S1a
cg12420104,97,S1a
cg13470341,97,S1a
cg14176274,97,S1a
cg10005978,97,S1a
cg13686384,97,S1a
cg13772514,97,S1a
cg13718686,97,S1a
cg13663644,97,S1a
cg14434922,97,S1a
cg13499210,30,S1a
cg13554575,96,S1a
cg03227850,97,S1a
cg21547364,89,S1a
cg13952963,97,S1a
cg02959108,97,S1a
cg14189141,97,S1a
cg17869514,97,S1a
cg14024242,97,S1a
cg25061843,97,S1a
cg13707224,97,S1a
cg02840025,97,S1a
cg13951074,97,S1a
cg07175977,97,S1a
cg18984452,97,S1a
cg14226702,97,S1a
cg14156498,97,S1a
cg00934355,97,S1a
cg03740162,97,S1a
cg00290086,97,S1a
cg14377594,97,S1a
cg00250430,97,S1a
cg13764991,97,S1a
cg11530960,97,S1a
cg14422827,97,S1a
cg13863701,62,S1a
cg13702226,97,S1a
cg21160429,97,S1a
cg14312921,97,S1a
cg14335408,93,S1a
cg14203486,97,S1a
cg03258139,44,S1a
cg14290704,61,S1a
cg04518912,97,S1a
cg21210735,97,S1a
cg21140292,97,S1a
cg22143282,97,S1a
cg13581111,97,S1a
cg13747199,97,S1a
cg10624786,97,S1a
cg01487461,97,S1a
cg04726876,97,S1a
cg04253453,97,S1a
cg14120359,74,S1a
cg13910439,97,S1a
cg21179912,97,S1a
cg13586038,97,S1a
cg13780542,97,S1a
cg14002772,97,S1a
cg01980495,97,S1a
cg07666247,97,S1a
cg14492276,97,S1a
cg14269010,97,S1a
cg13529335,97,S1a
cg13967810,97,S1a
cg13837335,95,S1a
cg04569222,97,S1a
cg14636575,95,S1a
cg05329578,97,S1a
cg05810135,97,S1a
cg13525088,97,S1a
cg14003090,75,S1a
cg14227773,96,S1a
cg13817518,97,S1a
cg14192935,97,S1a
cg00253182,97,S1a
cg21195290,97,S1a
cg05523047,97,S1a
cg03591594,97,S1a
cg04689720,97,S1a
cg15981195,97,S1a
cg13673023,97,S1a
cg27417316,97,S1a
cg14294240,97,S1a
cg14580870,61,S1a
cg21331335,97,S1a
cg14341520,97,S1a
cg26428825,97,S1a
cg14253677,97,S1a
cg06169179,97,S1a
cg13846960,97,S1a
cg05139301,97,S1a
cg08260622,97,S1a
cg14403068,97,S1a
cg14437446,84,S1a
cg24471894,97,S1a
cg01054282,97,S1a
cg13455597,97,S1a
cg06242146,97,S1a
cg21233878,97,S1a
cg03949881,97,S1a
cg14580996,97,S1a
cg00341906,97,S1a
cg07660811,97,S1a
cg13592247,97,S1a
cg00716016,97,S1a
cg14330585,97,S1a
cg15677916,97,S1a
cg13416213,97,S1a
cg19327614,97,S1a
cg13782213,93,S1a
cg14199540,97,S1a
cg13499324,97,S1a
cg05118879,97,S1a
cg17954486,97,S1a
cg21387302,97,S1a
cg04972545,97,S1a
cg01516466,97,S1a
cg14424295,97,S1a
cg14536184,97,S1a
cg13895441,97,S1a
cg14340481,97,S1a
cg13770114,96,S1a
cg13977600,97,S1a
cg14269813,92,S1a
cg14066405,89,S1a
cg14318068,97,S1a
cg14047387,97,S1a
cg14641122,97,S1a
cg14325112,97,S1a
cg13936363,97,S1a
cg06935438,85,S1a
cg04010205,97,S1a
cg05109791,97,S1a
cg13749266,88,S1a
cg14302428,97,S1a
cg09386615,88,S1a
cg13555519,97,S1a
cg14462686,97,S1a
cg13573115,97,S1a
cg01619345,97,S1a
cg14110111,97,S1a
cg14177784,97,S1a
cg05052888,97,S1a
cg13802457,97,S1a
cg08303922,97,S1a
cg14114673,97,S1a
cg23333878,97,S1a
cg13513288,97,S1a
cg10836809,97,S1a
cg23053961,97,S1a
cg16438069,47,S1a
cg24611631,97,S1a
cg14583606,97,S1a
cg13555101,97,S1a
cg04711050,97,S1a
cg14276488,97,S1a
cg07196069,97,S1a
cg21156276,72,S1a
cg13802605,97,S1a
cg13599596,97,S1a
cg04661128,97,S1a
cg04630810,97,S1a
cg14519950,97,S1a
cg13696752,97,S1a
cg27204993,97,S1a
cg13763482,97,S1a
cg13666340,97,S1a
cg14514600,97,S1a
cg14480858,97,S1a
cg09575114,97,S1a
cg01296653,86,S1a
cg17911882,95,S1a
cg01388957,97,S1a
cg14075496,97,S1a
cg13433942,97,S1a
cg01558660,64,S1a
cg13801656,96,S1a
cg11725802,97,S1a
cg14288486,97,S1a
cg13993274,97,S1a
cg14023367,97,S1a
cg14441153,59,S1a
cg14182974,97,S1a
cg21184111,97,S1a
cg18519564,97,S1a
cg19702055,97,S1a
cg14073117,97,S1a
cg13664345,97,S1a
cg11107205,97,S1a
cg13461890,97,S1a
cg01513538,97,S1a
cg13471374,97,S1a
cg13446043,97,S1a
cg07850533,97,S1a
cg21186778,97,S1a
cg20394284,97,S1a
cg23449780,97,S1a
cg03508284,94,S1a
cg15814898,97,S1a
cg21684470,97,S1a
cg13568515,88,S1a
cg13762471,97,S1a
cg13430118,97,S1a
cg02405213,56,S1a
cg03071195,97,S1a
cg13661497,97,S1a
cg10680180,97,S1a
cg13629201,97,S1a
cg05785554,97,S1a
cg14170181,97,S1a
cg13921686,97,S1a
cg01003815,97,S1a
cg14145653,97,S1a
cg11830061,97,S1a
cg13504907,97,S1a
cg26034799,97,S1a
cg07531356,97,S1a
cg14268714,97,S1a
cg12067261,97,S1a
cg14525402,97,S1a
cg14535116,97,S1a
cg14047494,97,S1a
cg14025883,97,S1a
cg23598352,97,S1a
cg19951443,97,S1a
cg01036173,97,S1a
cg15837913,77,S1a
cg02823866,97,S1a
cg14305799,97,S1a
cg13474877,97,S1a
cg19724470,97,S1a
cg14440664,97,S1a
cg07211259,97,S1a
cg14351952,86,S1a
cg14133064,96,S1a
cg14374994,81,S1a
cg00801798,97,S1a
cg13659951,97,S1a
cg02316091,97,S1a
cg00769072,97,S1a
cg06977427,97,S1a
cg14078789,97,S1a
cg00120505,97,S1a
cg17955195,97,S1a
cg13606287,97,S1a
cg14419441,62,S1a
cg13595913,97,S1a
cg13925163,97,S1a
cg13979887,20,S1a
cg10660249,97,S1a
cg13560576,47,S1a
cg13643006,70,S1a
cg05958438,97,S1a
cg13496481,79,S1a
cg22598744,97,S1a
cg13411507,97,S1a
cg11821702,97,S1a
cg13639016,97,S1a
cg13930177,37,S1a
cg14217960,97,S1a
cg00313219,97,S1a
cg03495688,97,S1a
cg03235978,97,S1a
cg25608569,97,S1a
cg14347300,97,S1a
cg13894827,97,S1a
cg08689940,97,S1a
cg18906795,97,S1a
cg13523512,97,S1a
cg14390263,97,S1a
cg14334584,97,S1a
cg05069431,97,S1a
cg14572436,92,S1a
cg03485840,97,S1a
cg14286682,97,S1a
cg24119045,97,S1a
cg14078101,97,S1a
cg13428749,97,S1a
cg08487038,97,S1a
cg20595300,97,S1a
cg06523306,97,S1a
cg13487189,97,S1a
cg22032035,97,S1a
cg13969739,97,S1a
cg14130908,97,S1a
cg13847898,97,S1a
cg13588086,57,S1a
cg05986446,97,S1a
cg17009433,97,S1a
cg05182555,97,S1a
cg14538238,91,S1a
cg00839507,97,S1a
cg13475271,97,S1a
cg07067090,97,S1a
cg14619443,96,S1a
cg14085203,97,S1a
cg12445461,97,S1a
cg14540650,97,S1a
cg13764956,97,S1a
cg13762612,73,S1a
cg18902978,95,S1a
cg14363146,95,S1a
cg13985597,95,S1a
cg14150197,56,S1a
cg14643147,95,S1a
cg01392062,97,S1a
cg14508358,97,S1a
cg04332163,97,S1a
cg00667760,97,S1a
cg14196303,97,S1a
cg14497348,97,S1a
cg00121158,97,S1a
cg14473811,97,S1a
cg05545111,97,S1a
cg14180502,97,S1a
cg03727342,97,S1a
cg25292628,97,S1a
cg13875807,97,S1a
cg13743500,97,S1a
cg13880654,97,S1a
cg14438634,52,S1a
cg14138312,97,S1a
cg14041232,83,S1a
cg14161821,97,S1a
cg13935079,65,S1a
cg13714797,81,S1a
cg13842202,97,S1a
cg14630993,97,S1a
cg14478524,82,S1a
cg14615914,83,S1a
cg14148209,97,S1a
cg22582025,97,S1a
cg13499011,97,S1a
cg13556767,97,S1a
cg14048460,67,S1a
cg14042653,97,S1a
cg14561892,95,S1a
cg14452619,97,S1a
cg13848405,97,S1a
cg14258031,93,S1a
cg13412852,97,S1a
cg14439952,83,S1a
cg14621763,97,S1a
cg08719869,97,S1a
cg14080967,97,S1a
cg13723825,97,S1a
cg09781601,97,S1a
cg09371281,97,S1a
cg14458619,91,S1a
cg14406814,97,S1a
cg13930665,97,S1a
cg07893584,97,S1a
cg13441730,97,S1a
cg21101298,97,S1a
cg14071524,82,S1a
cg13860785,86,S1a
cg04232681,97,S1a
cg14082959,97,S1a
cg14390656,97,S1a
cg25989745,97,S1a
cg05274944,97,S1a
cg14542367,97,S1a
cg18043828,97,S1a
cg12373084,97,S1a
cg13898357,97,S1a
cg13862682,97,S1a
cg13745402,97,S1a
cg14539466,97,S1a
cg03905144,97,S1a
cg14404301,97,S1a
cg22117143,97,S1a
cg10899099,97,S1a
cg14655855,97,S1a
cg00871358,97,S1a
cg06202228,97,S1a
cg14577706,37,S1a
cg21186560,97,S1a
cg07045857,97,S1a
cg14134616,97,S1a
cg13593562,92,S1a
cg14480035,97,S1a
cg13849759,97,S1a
cg14613164,97,S1a
cg14386777,97,S1a
cg14431257,95,S1a
cg14476562,97,S1a
cg21251203,97,S1a
cg21174686,97,S1a
cg14349131,97,S1a
cg13977827,97,S1a
cg14003693,20,S1a
cg02976355,37,S1a
cg01924448,97,S1a
cg13518604,97,S1a
cg09965258,97,S1a
cg10565589,97,S1a
cg14455366,97,S1a
cg01518631,93,S1a
cg12484370,97,S1a
cg13986294,97,S1a
cg14577406,97,S1a
cg14547509,97,S1a
cg14519997,97,S1a
cg00320035,97,S1a
cg13987586,97,S1a
cg02837110,87,S1a
cg14071496,97,S1a
cg12394300,97,S1a
cg13736497,73,S1a
cg21212881,97,S1a
cg10861135,97,S1a
cg14514569,97,S1a
cg14410589,94,S1a
cg06654905,97,S1a
cg13849454,97,S1a
cg10313385,97,S1a
cg13446474,97,S1a
cg13928733,97,S1a
cg13474848,96,S1a
cg13778604,97,S1a
cg21216618,64,S1a
cg21185283,97,S1a
cg14016518,97,S1a
cg01785060,97,S1a
cg14138050,97,S1a
cg25287474,97,S1a
cg00775695,97,S1a
cg04217218,97,S1a
cg13851989,97,S1a
cg01446692,97,S1a
cg14506515,97,S1a
cg21243750,97,S1a
cg14356190,97,S1a
cg14037440,97,S1a
cg00232500,97,S1a
cg19338056,97,S1a
cg13974505,97,S1a
cg14052511,97,S1a
cg14096664,97,S1a
cg14405768,97,S1a
cg13483196,94,S1a
cg14455781,94,S1a
cg14288292,97,S1a
cg24614473,97,S1a
cg13629903,97,S1a
cg01152025,97,S1a
cg21191737,97,S1a
cg22153116,97,S1a
cg11680158,97,S1a
cg02639095,97,S1a
cg13877452,93,S1a
cg13716760,97,S1a
cg13955572,97,S1a
cg16645539,97,S1a
cg21211038,97,S1a
cg13473179,97,S1a
cg26007077,97,S1a
cg19478072,97,S1a
cg14093630,90,S1a
cg14243496,97,S1a
cg01560422,97,S1a
cg14471181,97,S1a
cg20696139,80,S1a
cg08101172,97,S1a
cg14100227,97,S1a
cg13700589,97,S1a
cg00553880,97,S1a
cg01998146,97,S1a
cg13886725,97,S1a
cg21927363,97,S1a
cg14513680,97,S1a
cg13537196,97,S1a
cg01400058,97,S1a
cg14774911,97,S1a
cg17511416,97,S1a
cg14080542,97,S1a
cg14263021,96,S1a
cg14451791,97,S1a
cg13641198,91,S1a
cg14261652,97,S1a
cg14500913,69,S1a
cg21249640,97,S1a
cg13491907,97,S1a
cg14427528,95,S1a
cg14612303,97,S1a
cg14564826,97,S1a
cg14018454,97,S1a
cg21241151,97,S1a
cg14616423,97,S1a
cg13679817,97,S1a
cg14061067,96,S1a
cg13471735,91,S1a
cg13659991,97,S1a
cg13916895,97,S1a
cg14478713,97,S1a
cg14157107,89,S1a
cg14530275,97,S1a
cg13391872,97,S1a
cg10916569,95,S1a
cg24341129,95,S1a
cg14613546,92,S1a
cg13452214,97,S1a
cg07941680,97,S1a
cg14185717,97,S1a
cg03291755,95,S1a
cg21187462,97,S1a
cg14186799,97,S1a
cg12181133,97,S1a
cg13173848,75,S1a
cg04389426,97,S1a
cg23617327,97,S1a
cg05674150,97,S1a
cg14044465,97,S1a
cg14193129,97,S1a
cg20141118,97,S1a
cg02637304,97,S1a
cg02102103,97,S1a
cg14048783,75,S1a
cg13675379,97,S1a
cg14418582,97,S1a
cg02737746,97,S1a
cg17398595,97,S1a
cg09174233,97,S1a
cg13783152,97,S1a
cg17977409,97,S1a
cg11213383,79,S1a
cg14628993,97,S1a
cg14005725,97,S1a
cg13627467,97,S1a
cg13886354,97,S1a
cg14041283,97,S1a
cg04812475,37,S1a
cg14323675,97,S1a
cg02976699,97,S1a
cg20962117,97,S1a
cg00731232,97,S1a
cg16714091,97,S1a
cg00116234,97,S1a
cg14502847,97,S1a
cg13468759,97,S1a
cg13953900,97,S1a
cg14625154,97,S1a
cg21170978,97,S1a
cg13883376,97,S1a
cg06294856,97,S1a
cg06500883,97,S1a
cg10815995,97,S1a
cg14523394,97,S1a
cg13739410,97,S1a
cg14003978,97,S1a
cg14174232,97,S1a
cg14553740,97,S1a
cg13885977,96,S1a
cg01403030,97,S1a
cg13707189,44,S1a
cg22937320,97,S1a
cg18043195,97,S1a
cg13549760,97,S1a
cg25822709,97,S1a
cg03228054,97,S1a
cg14727880,97,S1a
cg17887537,97,S1a
cg21162977,97,S1a
cg14267020,69,S1a
cg14268226,79,S1a
cg07988015,97,S1a
cg22920498,97,S1a
cg07664183,97,S1a
cg13860981,97,S1a
cg13624424,97,S1a
cg03885527,97,S1a
cg14334810,97,S1a
cg14291622,97,S1a
cg06797533,97,S1a
cg13990947,93,S1a
cg14478036,97,S1a
cg01364172,97,S1a
cg13469590,97,S1a
cg14116416,96,S1a
cg11074362,59,S1a
cg19584733,47,S1a
cg14014731,34,S1a
cg01331992,95,S1a
cg02942159,97,S1a
cg05600681,97,S1a
cg00242597,81,S1a
cg16925486,97,S1a
cg05211356,97,S1a
cg02616710,97,S1a
cg04674056,97,S1a
cg25772769,97,S1a
cg13583183,97,S1a
cg14628274,97,S1a
cg13983779,97,S1a
cg14414100,95,S1a
cg13661323,97,S1a
cg12348970,97,S1a
cg02203420,94,S1a
cg14442421,97,S1a
cg07837260,97,S1a
cg08414570,97,S1a
cg19143209,97,S1a
cg14633398,97,S1a
cg13931531,97,S1a
cg21156263,66,S1a
cg13428217,97,S1a
cg02169542,97,S1a
cg22082046,90,S1a
cg13607993,76,S1a
cg21161931,97,S1a
cg21233902,91,S1a
cg21222426,39,S1a
cg14282050,64,S1a
cg14519664,97,S1a
cg14266611,97,S1a
cg14387452,97,S1a
cg26851933,96,S1a
cg25921461,97,S1a
cg14114535,97,S1a
cg13624041,87,S1a
cg01739210,47,S1a
cg14614403,97,S1a
cg09730361,97,S1a
cg13621212,97,S1a
cg14089436,36,S1a
cg01947138,97,S1a
cg13134607,97,S1a
cg13517516,97,S1a
cg14613195,97,S1a
cg14498666,97,S1a
cg00474004,97,S1a
cg21023114,96,S1a
cg23426587,97,S1a
cg00513467,97,S1a
cg14400672,97,S1a
cg14368881,97,S1a
cg14620039,97,S1a
cg14359486,97,S1a
cg15669228,97,S1a
cg05146756,97,S1a
cg14097425,97,S1a
cg14244887,97,S1a
cg05226283,97,S1a
cg25162921,68,S1a
cg00230302,97,S1a
cg14548963,93,S1a
cg13492671,97,S1a
cg12840719,92,S1a
cg04026675,92,S1a
cg13601799,97,S1a
cg03079681,97,S1a
cg07562918,97,S1a
cg00718440,97,S1a
cg10848754,97,S1a
cg14430974,97,S1a
cg14069088,97,S1a
cg19481686,97,S1a
cg08390209,97,S1a
cg19133618,97,S1a
cg02400248,97,S1a
cg13926295,97,S1a
cg00491127,95,S1a
cg13819609,97,S1a
cg14338345,97,S1a
cg17909890,97,S1a
cg14251471,97,S1a
cg13943133,90,S1a
cg14462265,95,S1a
cg14479463,97,S1a
cg14144038,97,S1a
cg14026459,97,S1a
cg21200129,97,S1a
cg13442960,97,S1a
cg00809988,97,S1a
cg22798707,97,S1a
cg13932029,97,S1a
cg11246071,78,S1a
cg07623294,97,S1a
cg13932612,97,S1a
cg14511946,97,S1a
cg14106167,97,S1a
cg11993322,97,S1a
cg13811417,97,S1a
cg13985784,97,S1a
cg16874442,97,S1a
cg00781519,97,S1a
cg01606875,97,S1a
cg14607244,94,S1a
cg13433687,97,S1a
cg14564021,97,S1a
cg25106814,97,S1a
cg01630567,97,S1a
cg05005380,97,S1a
cg27322545,97,S1a
cg19872814,97,S1a
cg14563754,97,S1a
cg14408431,97,S1a
cg04415978,97,S1a
cg22715945,97,S1a
cg01284193,90,S1a
cg04995717,97,S1a
cg09827833,97,S1a
cg13974798,72,S1a
cg13913108,97,S1a
cg02388718,97,S1a
cg24670241,97,S1a
cg21232615,96,S1a
cg06206119,97,S1a
cg14399569,97,S1a
cg13731703,97,S1a
cg14122102,68,S1a
cg13937312,97,S1a
cg13742289,95,S1a
cg13648550,97,S1a
cg13711592,97,S1a
cg14643264,97,S1a
cg09179743,97,S1a
cg14297867,97,S1a
cg14173147,97,S1a
cg21249376,97,S1a
cg22262168,97,S1a
cg21244846,97,S1a
cg17727989,97,S1a
cg04469167,97,S1a
cg14013457,97,S1a
cg14026202,97,S1a
cg13958452,93,S1a
cg05990720,97,S1a
cg23074747,97,S1a
cg11613875,97,S1a
cg14363787,97,S1a
cg14634447,97,S1a
cg13615109,97,S1a
cg13716323,97,S1a
cg14560435,97,S1a
cg14003886,97,S1a
cg14152465,97,S1a
cg13804467,97,S1a
cg03477052,97,S1a
cg02649279,86,S1a
cg13598152,97,S1a
cg07370274,97,S1a
cg22246787,97,S1a
cg13722999,97,S1a
cg14184164,97,S1a
cg14515581,57,S1a
cg00318737,77,S1a
cg13572911,97,S1a
cg13977526,74,S1a
cg15714041,97,S1a
cg16259069,97,S1a
cg14237843,97,S1a
cg10828820,97,S1a
cg01130192,97,S1a
cg13551330,97,S1a
cg13567378,97,S1a
cg13541353,97,S1a
cg14296220,97,S1a
cg14277298,97,S1a
cg14358532,97,S1a
cg14286514,97,S1a
cg04325478,97,S1a
cg00162643,97,S1a
cg06337239,88,S1a
cg14625753,97,S1a
cg01774093,97,S1a
cg16705389,97,S1a
cg14634152,77,S1a
cg01272081,97,S1a
cg00115984,88,S1a
cg19012475,97,S1a
cg10716607,97,S1a
cg13600216,97,S1a
cg00266566,97,S1a
cg13852536,97,S1a
cg01555907,96,S1a
cg18178963,97,S1a
cg16758041,97,S1a
cg14472148,67,S1a
cg00200469,94,S1a
cg21235215,97,S1a
cg14052688,97,S1a
cg03300549,97,S1a
cg13509517,97,S1a
cg00736523,97,S1a
cg14614901,97,S1a
cg11308840,97,S1a
cg14279416,77,S1a
cg13765807,62,S1a
cg18469713,97,S1a
cg02604095,97,S1a
cg05643494,97,S1a
cg13753183,97,S1a
cg14371649,97,S1a
cg13448406,97,S1a
cg21157115,97,S1a
cg23234510,97,S1a
cg22667787,96,S1a
cg14530306,97,S1a
cg14228885,97,S1a
cg09633881,97,S1a
cg14191673,97,S1a
cg10624768,97,S1a
cg09966978,97,S1a
cg19432894,97,S1a
cg14288209,97,S1a
cg12762715,97,S1a
cg13494173,70,S1a
cg10153733,97,S1a
cg21180572,86,S1a
cg14467281,97,S1a
cg14010472,97,S1a
cg01499623,77,S1a
cg14619560,97,S1a
cg24088229,97,S1a
cg13714271,87,S1a
cg22199779,97,S1a
cg14617608,51,S1a
cg13443165,97,S1a
cg13858803,96,S1a
cg14080050,97,S1a
cg14242528,97,S1a
cg14440947,97,S1a
cg14829378,97,S1a
cg14092337,97,S1a
cg13834453,97,S1a
cg02354413,97,S1a
cg21316772,97,S1a
cg05779272,97,S1a
cg14232108,97,S1a
cg00079056,97,S1a
cg04103317,97,S1a
cg13823840,97,S1a
cg23689916,96,S1a
cg01194468,96,S1a
cg23676114,97,S1a
cg01177235,97,S1a
cg14213824,97,S1a
cg16720880,97,S1a
cg21614231,97,S1a
cg20999934,97,S1a
cg14650514,97,S1a
cg13625030,97,S1a
cg06486344,97,S1a
cg14022377,97,S1a
cg13642249,97,S1a
cg13468804,97,S1a
cg13920529,97,S1a
cg14473416,97,S1a
cg02716826,97,S1a
cg23124755,97,S1a
cg13996209,97,S1a
cg13650104,97,S1a
cg26624914,97,S1a
cg14279415,97,S1a
cg01531665,97,S1a
cg03863549,97,S1a
cg13413744,97,S1a
cg14292424,95,S1a
cg14132058,97,S1a
cg16954458,97,S1a
cg08353915,97,S1a
cg00960818,97,S1a
cg13988611,97,S1a
cg22410499,97,S1a
cg14133635,97,S1a
cg13900737,97,S1a
cg19367388,97,S1a
cg26232708,97,S1a
cg25903966,97,S1a
cg13578272,39,S1a
cg13453589,97,S1a
cg13525804,97,S1a
cg14227418,97,S1a
cg13690943,97,S1a
cg01558151,97,S1a
cg21163478,97,S1a
cg23029491,97,S1a
cg13916990,97,S1a
cg07095569,97,S1a
cg21511069,97,S1a
cg21174626,97,S1a
cg14408997,97,S1a
cg14412639,97,S1a
cg13849647,57,S1a
cg01928779,97,S1a
cg22658985,97,S1a
cg14087051,97,S1a
cg13556910,97,S1a
cg04845077,97,S1a
cg18676764,97,S1a
cg00923230,97,S1a
cg21226665,97,S1a
cg14167017,97,S1a
cg00757804,97,S1a
cg16242888,97,S1a
cg14077369,97,S1a
cg14096074,97,S1a
cg19947621,97,S1a
cg04057106,97,S1a
cg21188559,97,S1a
cg01062470,94,S1a
cg14414791,97,S1a
cg24773290,97,S1a
cg13481374,97,S1a
cg07506503,97,S1a
cg14490447,97,S1a
cg19398446,97,S1a
cg14431099,97,S1a
cg14470479,97,S1a
cg14251385,97,S1a
cg03202033,97,S1a
cg14250881,97,S1a
cg13912480,97,S1a
cg01746241,97,S1a
cg13746854,97,S1a
cg01327147,97,S1a
cg14588448,97,S1a
cg06839483,97,S1a
cg20241254,93,S1a
cg12380772,86,S1a
cg06685950,97,S1a
cg13986870,97,S1a
cg08230990,97,S1a
cg07211377,97,S1a
cg14013337,97,S1a
cg06454771,97,S1a
cg13495235,97,S1a
cg13912930,97,S1a
cg03560879,97,S1a
cg00072711,97,S1a
cg15186584,97,S1a
cg05208153,97,S1a
cg04473280,97,S1a
cg13883553,97,S1a
cg27344462,97,S1a
cg14531310,97,S1a
cg13725752,97,S1a
cg14223485,97,S1a
cg04021672,97,S1a
cg21236153,97,S1a
cg08578641,97,S1a
cg23579062,97,S1a
cg14429012,97,S1a
cg10049968,97,S1a
cg03062166,6,S1a
cg14407698,97,S1a
cg10252462,97,S1a
cg21190361,97,S1a
cg13548543,95,S1a
cg14557216,94,S1a
cg13397818,97,S1a
cg21204764,97,S1a
cg02990672,97,S1a
cg02411961,97,S1a
cg06590470,97,S1a
cg14348588,97,S1a
cg13490677,97,S1a
cg01218148,97,S1a
cg13507084,97,S1a
cg21672550,66,S1a
cg13668471,97,S1a
cg08906194,97,S1a
cg13462622,97,S1a
cg13904574,97,S1a
cg20388256,97,S1a
cg13226172,97,S1a
cg13578447,97,S1a
cg13518298,97,S1a
cg17711717,97,S1a
cg14131220,97,S1a
cg02825887,97,S1a
cg12188560,97,S1a
cg21155870,97,S1a
cg26982695,97,S1a
cg14197831,97,S1a
cg14646983,97,S1a
cg05303752,55,S1a
cg10922163,97,S1a
cg26120680,55,S1a
cg13394530,97,S1a
cg13737559,97,S1a
cg07557424,97,S1a
cg22579849,97,S1a
cg21159858,97,S1a
cg14286155,97,S1a
cg13622657,97,S1a
cg06418184,97,S1a
cg21189480,85,S1a
cg02728263,97,S1a
cg13709263,97,S1a
cg13515584,97,S1a
cg06550082,97,S1a
cg05708114,97,S1a
cg13677022,97,S1a
cg01368230,97,S1a
cg03186877,97,S1a
cg04092682,97,S1a
cg14059921,97,S1a
cg14466333,97,S1a
cg13665008,97,S1a
cg14252998,97,S1a
cg00226340,97,S1a
cg14341953,97,S1a
cg10524192,97,S1a
cg04237075,97,S1a
cg14460564,97,S1a
cg14019826,97,S1a
cg25230532,33,S1a
cg25476145,97,S1a
cg14420108,97,S1a
cg14609668,97,S1a
cg06226724,96,S1a
cg20628791,97,S1a
cg21504624,97,S1a
cg03662459,97,S1a
cg14080298,97,S1a
cg21226253,95,S1a
cg09722555,97,S1a
cg13562353,97,S1a
cg15777570,97,S1a
cg13777609,97,S1a
cg03740710,97,S1a
cg16147957,97,S1a
cg14342850,97,S1a
cg14523259,97,S1a
cg14560364,97,S1a
cg13665853,97,S1a
cg08418332,97,S1a
cg23655719,97,S1a
cg08344360,97,S1a
cg12370929,97,S1a
cg14583869,97,S1a
cg02671126,97,S1a
cg27443224,97,S1a
cg07269146,97,S1a
cg09187598,97,S1a
cg14598211,97,S1a
cg14194496,97,S1a
cg13740933,97,S1a
cg05137466,97,S1a
cg13923371,97,S1a
cg13867532,97,S1a
cg13969413,73,S1a
cg13646855,97,S1a
cg13825288,97,S1a
cg01004762,97,S1a
cg23420005,97,S1a
cg21211418,97,S1a
cg20741293,97,S1a
cg00969823,97,S1a
cg14006266,97,S1a
cg14380939,97,S1a
cg14639919,97,S1a
cg14118946,97,S1a
cg05702280,97,S1a
cg14644378,97,S1a
cg21169617,97,S1a
cg14645317,97,S1a
cg07935924,97,S1a
cg14443182,97,S1a
cg13921251,97,S1a
cg14328523,97,S1a
cg04293877,97,S1a
cg13534791,97,S1a
cg05000446,96,S1a
cg13839855,97,S1a
cg26315493,97,S1a
cg19401867,97,S1a
cg13601161,97,S1a
cg01210520,97,S1a
cg19743759,97,S1a
cg15418155,96,S1a
cg10828210,92,S1a
cg13538990,97,S1a
cg14515381,97,S1a
cg13933729,97,S1a
cg21201448,97,S1a
cg04961911,97,S1a
cg13810570,97,S1a
cg03563403,97,S1a
cg05576539,97,S1a
cg05293216,97,S1a
cg13920838,97,S1a
cg23644213,97,S1a
cg15235937,97,S1a
cg04065065,97,S1a
cg14281165,97,S1a
cg23378495,97,S1a
cg16723803,97,S1a
cg07312579,97,S1a
cg04273556,97,S1a
cg16213976,97,S1a
cg14396035,97,S1a
cg27649806,97,S1a
cg14297966,97,S1a
cg13594903,97,S1a
cg01253107,97,S1a
cg10468862,97,S1a
cg00356213,97,S1a
cg03367667,97,S1a
cg02881189,97,S1a
cg10455757,97,S1a
cg21211866,97,S1a
cg00812861,97,S1a
cg14363185,97,S1a
cg24770649,97,S1a
cg04948627,97,S1a
cg00033533,97,S1a
cg19026306,97,S1a
cg03282745,97,S1a
cg07341907,97,S1a
cg13752837,97,S1a
cg21226534,97,S1a
cg17926114,97,S1a
cg02096633,97,S1a
cg13819687,97,S1a
cg02276831,97,S1a
cg27416261,97,S1a
cg21209395,97,S1a
cg16480145,97,S1a
cg16947476,97,S1a
cg15271616,89,S1a
cg13692543,97,S1a
cg13798558,97,S1a
cg13695933,97,S1a
cg13698611,97,S1a
cg14169823,97,S1a
cg13395060,97,S1a
cg14001518,97,S1a
cg13944805,97,S1a
cg00410926,97,S1a
cg04245250,97,S1a
cg21212076,97,S1a
cg14501985,97,S1a
cg13596208,97,S1a
cg06216677,97,S1a
cg02262585,40,S1a
cg03215868,97,S1a
cg13721588,97,S1a
cg13796802,97,S1a
cg04876465,97,S1a
cg09273779,97,S1a
cg13688262,97,S1a
cg13743736,97,S1a
cg13918628,93,S1a
cg03487430,97,S1a
cg14016344,97,S1a
cg14572967,97,S1a
cg00785738,97,S1a
cg18557145,97,S1a
cg12971694,97,S1a
cg13409077,97,S1a
cg07116010,76,S1a
cg13519935,97,S1a
cg13496160,97,S1a
cg11846315,74,S1a
cg13832290,97,S1a
cg13876315,97,S1a
cg15518883,97,S1a
cg05992079,97,S1a
cg13642749,97,S1a
cg21200067,97,S1a
cg11326613,97,S1a
cg13560136,97,S1a
cg14231674,97,S1a
cg04874822,97,S1a
cg18130437,66,S1a
cg19434936,97,S1a
cg01426921,69,S1a
cg05830416,97,S1a
cg07030596,97,S1a
cg25826098,97,S1a
cg22880820,88,S1a
cg13823257,97,S1a
cg19257550,97,S1a
cg20610181,97,S1a
cg06908460,97,S1a
cg13849253,97,S1a
cg09566069,97,S1a
cg14563831,97,S1a
cg13938361,97,S1a
cg12494355,97,S1a
cg13969788,97,S1a
cg26607748,97,S1a
cg17691309,97,S1a
cg24468682,97,S1a
cg14421779,97,S1a
cg14095761,97,S1a
cg14025149,97,S1a
cg13544946,77,S1a
cg00833393,97,S1a
cg14123850,72,S1a
cg12763402,97,S1a
cg13694973,97,S1a
cg05219900,97,S1a
cg14307667,97,S1a
cg00910297,97,S1a
cg10822116,97,S1a
cg13543286,97,S1a
cg00129481,97,S1a
cg14012249,97,S1a
cg12316147,97,S1a
cg26471445,97,S1a
cg13838057,97,S1a
cg14037246,97,S1a
cg03242028,97,S1a
cg14264571,97,S1a
cg01499988,97,S1a
cg13439181,97,S1a
cg20227976,97,S1a
cg00699830,97,S1a
cg24194775,96,S1a
cg12876594,97,S1a
cg07054895,97,S1a
cg14030728,97,S1a
cg14122961,95,S1a
cg13471844,97,S1a
cg00508697,97,S1a
cg26943001,97,S1a
cg14622801,97,S1a
cg04109220,97,S1a
cg00193668,97,S1a
cg01328164,97,S1a
cg13778499,97,S1a
cg13565152,97,S1a
cg27490193,97,S1a
cg13931999,97,S1a
cg04237609,97,S1a
cg20752438,97,S1a
cg14522483,97,S1a
cg21984310,97,S1a
cg14250054,97,S1a
cg14068176,97,S1a
cg14148156,96,S1a
cg11825899,97,S1a
cg13728834,97,S1a
cg14087413,97,S1a
cg21168914,97,S1a
cg13842293,97,S1a
cg21213430,97,S1a
cg22924796,97,S1a
cg13911801,97,S1a
cg14159526,97,S1a
cg14276698,97,S1a
cg20212823,97,S1a
cg08118354,97,S1a
cg05470166,97,S1a
cg02258201,97,S1a
cg00918944,97,S1a
cg13391381,97,S1a
cg24444059,97,S1a
cg13816466,97,S1a
cg14331619,97,S1a
cg26690138,97,S1a
cg21252227,96,S1a
cg02964783,97,S1a
cg13392078,90,S1a
cg01258587,97,S1a
cg03081134,97,S1a
cg13412498,97,S1a
cg12717594,97,S1a
cg21246531,26,S1a
cg13545320,97,S1a
cg13817037,97,S1a
cg06658821,97,S1a
cg14302936,96,S1a
cg19011805,97,S1a
cg13466565,97,S1a
cg06484397,97,S1a
cg14062007,53,S1a
cg13644528,97,S1a
cg14098299,97,S1a
cg00716991,97,S1a
cg13461303,97,S1a
cg27649981,97,S1a
cg17386777,97,S1a
cg20870362,97,S1a
cg13696605,97,S1a
cg15248035,97,S1a
cg01170160,97,S1a
cg21204816,77,S1a
cg13630493,97,S1a
cg21247001,97,S1a
cg26966384,97,S1a
cg05412136,97,S1a
cg06881242,97,S1a
cg14286443,96,S1a
cg14040931,93,S1a
cg08018024,97,S1a
cg14355192,97,S1a
cg22101703,97,S1a
cg13632876,97,S1a
cg21210985,97,S1a
cg14447369,97,S1a
cg21177599,97,S1a
cg26325209,97,S1a
cg24556026,97,S1a
cg25813936,83,S1a
cg05844977,79,S1a
cg13648344,97,S1a
cg14608230,29,S1a
cg21167587,26,S1a
cg03558338,97,S1a
cg06214220,97,S1a
cg06087537,97,S1a
cg00465359,90,S1a
cg13805574,97,S1a
cg13098382,97,S1a
cg21233189,97,S1a
cg22952469,97,S1a
cg22503400,92,S1a
cg14509299,97,S1a
cg14033946,97,S1a
cg14487959,97,S1a
cg14279528,97,S1a
cg14431547,97,S1a
cg01288067,97,S1a
cg14552260,97,S1a
cg14339556,97,S1a
cg13912011,97,S1a
cg14776416,97,S1a
cg13720890,96,S1a
cg13753526,93,S1a
cg13452769,97,S1a
cg14006905,97,S1a
cg14607660,96,S1a
cg02448244,97,S1a
cg02602455,97,S1a
cg14536881,97,S1a
cg14422903,97,S1a
cg14391240,97,S1a
cg14221766,97,S1a
cg13485980,97,S1a
cg13887933,97,S1a
cg14283649,97,S1a
cg14099718,97,S1a
cg13529513,97,S1a
cg13727626,97,S1a
cg13701768,97,S1a
cg14519598,97,S1a
cg13959831,66,S1a
cg03261800,91,S1a
cg06671450,97,S1a
cg14317609,97,S1a
cg14344261,97,S1a
cg13910860,97,S1a
cg06394247,97,S1a
cg13738729,97,S1a
cg13695362,97,S1a
cg00318543,97,S1a
cg13482308,97,S1a
cg13751548,97,S1a
cg13394473,97,S1a
cg10769767,97,S1a
cg13462843,97,S1a
cg07990736,97,S1a
cg14267095,97,S1a
cg02034102,97,S1a
cg23916167,97,S1a
cg14306956,97,S1a
cg11283700,97,S1a
cg02152475,97,S1a
cg13774019,97,S1a
cg18928153,97,S1a
cg14094646,97,S1a
cg13675835,97,S1a
cg06671087,97,S1a
cg14383078,97,S1a
cg02538199,97,S1a
cg00464519,97,S1a
cg00953480,97,S1a
cg10059959,97,S1a
cg13683040,97,S1a
cg26907842,97,S1a
cg13516820,97,S1a
cg14066751,97,S1a
cg02422902,97,S1a
cg25090291,97,S1a
cg14172603,97,S1a
cg02486259,97,S1a
cg14493920,97,S1a
cg13753527,97,S1a
cg05218782,97,S1a
cg14350176,97,S1a
cg09233161,97,S1a
cg14362653,73,S1a
cg03555579,97,S1a
cg21179305,97,S1a
cg22753607,97,S1a
cg14060402,96,S1a
cg13459077,48,S1a
cg14348400,97,S1a
cg13595739,97,S1a
cg13457841,97,S1a
cg01650612,97,S1a
cg10289190,97,S1a
cg13434631,97,S1a
cg14410198,97,S1a
cg14282215,97,S1a
cg14519323,97,S1a
cg13651876,97,S1a
cg14287618,97,S1a
cg14351767,97,S1a
cg21250061,97,S1a
cg26850145,97,S1a
cg14089362,97,S1a
cg21594558,97,S1a
cg14300019,97,S1a
cg04094160,97,S1a
cg21525244,97,S1a
cg01349112,97,S1a
cg21185320,97,S1a
cg11304734,97,S1a
cg22092745,97,S1a
cg13892647,97,S1a
cg14214375,97,S1a
cg04482597,97,S1a
cg14035521,97,S1a
cg21247874,97,S1a
cg13558087,97,S1a
cg14054467,97,S1a
cg14178364,97,S1a
cg13641993,97,S1a
cg14151976,97,S1a
cg13893555,97,S1a
cg02391433,97,S1a
cg08007986,97,S1a
cg23017840,97,S1a
cg14346895,97,S1a
cg04153536,97,S1a
cg14549869,97,S1a
cg05993778,97,S1a
cg13987885,39,S1a
cg26349332,97,S1a
cg09713872,97,S1a
cg02342053,97,S1a
cg14293614,88,S1a
cg14180747,95,S1a
cg14181345,58,S1a
cg16235034,97,S1a
cg17228093,47,S1a
cg14007221,97,S1a
cg18428373,97,S1a
cg14204124,97,S1a
cg13689006,97,S1a
cg21201357,97,S1a
cg14179381,97,S1a
cg13486627,97,S1a
cg13487456,97,S1a
cg01365188,97,S1a
cg00629816,97,S1a
cg13441683,97,S1a
cg03715931,97,S1a
cg14234510,97,S1a
cg25628743,97,S1a
cg13422921,90,S1a
cg04660234,97,S1a
cg00826610,97,S1a
cg21252725,97,S1a
cg13944395,97,S1a
cg26233529,97,S1a
cg13737042,97,S1a
cg14364844,84,S1a
cg14235811,97,S1a
cg22498840,97,S1a
cg13986249,97,S1a
cg03738959,97,S1a
cg14478475,97,S1a
cg00210186,97,S1a
cg13752885,97,S1a
cg13392861,97,S1a
cg13774184,97,S1a
cg13897325,97,S1a
cg13718141,97,S1a
cg13682333,97,S1a
cg14633252,97,S1a
cg13599062,97,S1a
cg14384930,97,S1a
cg14270346,97,S1a
cg21222007,97,S1a
cg14195115,97,S1a
cg13591204,97,S1a
cg05361262,97,S1a
cg26297299,97,S1a
cg08289932,97,S1a
cg17661443,97,S1a
cg13675389,97,S1a
cg03528946,97,S1a
cg13843266,97,S1a
cg13752545,97,S1a
cg14200470,97,S1a
cg13415773,97,S1a
cg14225090,97,S1a
cg09458931,97,S1a
cg14433823,97,S1a
cg13819005,93,S1a
cg13431037,57,S1a
cg21203097,97,S1a
cg14020652,97,S1a
cg13472594,97,S1a
cg14133752,97,S1a
cg14080227,97,S1a
cg00467553,97,S1a
cg13521538,75,S1a
cg25478603,97,S1a
cg22397447,97,S1a
cg21200138,97,S1a
cg03237166,97,S1a
cg13984005,97,S1a
cg14221617,97,S1a
cg13911785,96,S1a
cg13588127,97,S1a
cg14412459,97,S1a
cg14281144,97,S1a
cg13698883,97,S1a
cg01470599,97,S1a
cg16918846,97,S1a
cg04804550,97,S1a
cg14448039,43,S1a
cg05152713,97,S1a
cg14184130,97,S1a
cg01342968,97,S1a
cg13518833,97,S1a
cg08577743,97,S1a
cg21184629,97,S1a
cg08824335,97,S1a
cg05880945,97,S1a
cg21189438,97,S1a
cg13526520,97,S1a
cg13837857,97,S1a
cg14625731,97,S1a
cg14302308,97,S1a
cg07589235,97,S1a
cg13497643,97,S1a
cg14504522,97,S1a
cg14054292,97,S1a
cg19461949,90,S1a
cg13125506,91,S1a
cg14346461,96,S1a
cg03061960,97,S1a
cg13964726,97,S1a
cg14140060,97,S1a
cg13427827,97,S1a
cg07394266,96,S1a
cg13797073,88,S1a
cg14535828,94,S1a
cg14371123,93,S1a
cg24142106,97,S1a
cg13634133,97,S1a
cg12488447,97,S1a
cg14385122,97,S1a
cg21413251,97,S1a
cg13442709,97,S1a
cg13750902,97,S1a
cg21185421,97,S1a
cg14426312,97,S1a
cg13544184,97,S1a
cg11274211,97,S1a
cg14642636,69,S1a
cg13673536,81,S1a
cg13867370,97,S1a
cg14181713,97,S1a
cg14206898,93,S1a
cg13804196,97,S1a
cg13845561,97,S1a
cg21217329,97,S1a
cg13532055,97,S1a
cg07158339,93,S1a
cg02268013,97,S1a
cg23667933,97,S1a
cg21388169,97,S1a
cg14656297,97,S1a
cg13974534,97,S1a
cg13859886,97,S1a
cg21229044,97,S1a
cg01984237,97,S1a
cg14179065,97,S1a
cg14361741,97,S1a
cg14646081,88,S1a
cg07414392,97,S1a
cg13708301,97,S1a
cg13920460,97,S1a
cg08398554,97,S1a
cg13909342,97,S1a
cg09272909,97,S1a
cg14095983,97,S1a
cg14695840,97,S1a
cg14326805,97,S1a
cg13522776,97,S1a
cg14172428,97,S1a
cg02775489,97,S1a
cg04003500,97,S1a
cg17195771,97,S1a
cg00842351,97,S1a
cg14276120,97,S1a
cg14255824,86,S1a
cg13849419,76,S1a
cg14254767,97,S1a
cg14236011,55,S1a
cg14805174,94,S1a
cg01548562,97,S1a
cg21209691,97,S1a
cg00695112,97,S1a
cg14075627,97,S1a
cg08193551,97,S1a
cg14368382,97,S1a
cg14061255,65,S1a
cg14328477,97,S1a
cg14610066,97,S1a
cg13521286,72,S1a
cg24146090,97,S1a
cg01937793,97,S1a
cg00927429,97,S1a
cg14353958,97,S1a
cg13680876,92,S1a
cg13812249,97,S1a
cg11510586,92,S1a
cg14300048,97,S1a
cg14397918,97,S1a
cg13580827,97,S1a
cg14631997,61,S1a
cg14157175,96,S1a
cg01089544,97,S1a
cg13867669,97,S1a
cg14024823,97,S1a
cg00665816,97,S1a
cg13982318,97,S1a
cg00404788,97,S1a
cg13937817,97,S1a
cg13862927,97,S1a
cg14123607,49,S1a
cg01709568,97,S1a
cg18505908,97,S1a
cg15840658,97,S1a
cg00794837,97,S1a
cg13472882,97,S1a
cg12316475,97,S1a
cg15623573,97,S1a
cg26535072,95,S1a
cg14329685,97,S1a
cg14149663,97,S1a
cg20894495,97,S1a
cg15072735,97,S1a
cg06612736,97,S1a
cg07337434,97,S1a
cg14359824,97,S1a
cg00650176,97,S1a
cg14181724,97,S1a
cg14394451,53,S1a
cg13686789,97,S1a
cg13870494,97,S1a
cg11656547,97,S1a
cg02515233,97,S1a
cg14403200,97,S1a
cg14649449,97,S1a
cg13648127,97,S1a
cg13829849,97,S1a
cg13768503,95,S1a
cg14405839,97,S1a
cg14297340,67,S1a
cg14289863,97,S1a
cg13596081,45,S1a
cg14353079,95,S1a
cg21740204,97,S1a
cg08788860,97,S1a
cg12157519,97,S1a
cg14428530,97,S1a
cg14209244,97,S1a
cg14477581,68,S1a
cg00049440,97,S1a
cg01528792,97,S1a
cg13862983,97,S1a
cg22175178,97,S1a
cg01781745,97,S1a
cg26798786,97,S1a
cg14085166,97,S1a
cg12706425,75,S1a
cg02116255,90,S1a
cg14359492,97,S1a
cg18323993,97,S1a
cg10875658,97,S1a
cg13699366,97,S1a
cg10634185,97,S1a
cg14473797,97,S1a
cg14715455,97,S1a
cg14647944,97,S1a
cg14073946,97,S1a
cg14002425,83,S1a
cg14170392,97,S1a
cg21171320,97,S1a
cg13675278,97,S1a
cg14265537,89,S1a
cg02610438,97,S1a
cg26054672,97,S1a
cg21251785,51,S1a
cg14165911,79,S1a
cg20555507,97,S1a
cg16832407,97,S1a
cg21249093,97,S1a
cg21185116,97,S1a
cg13986969,84,S1a
cg13979884,40,S1a
cg14223966,91,S1a
cg02654358,97,S1a
cg00840310,97,S1a
cg23553442,97,S1a
cg14425888,94,S1a
cg14032465,73,S1a
cg14565465,97,S1a
cg11558474,80,S1a
cg23924413,97,S1a
cg14094447,97,S1a
cg03358216,97,S1a
cg14667033,97,S1a
cg07679695,97,S1a
cg14034503,97,S1a
cg13503268,97,S1a
cg13794318,97,S1a
cg14624563,97,S1a
cg07194321,83,S1a
cg13747066,45,S1a
cg07476130,97,S1a
cg01167496,97,S1a
cg00034039,97,S1a
cg14490763,97,S1a
cg14084100,97,S1a
cg02514559,92,S1a
cg13593284,97,S1a
cg13564884,86,S1a
cg18286698,97,S1a
cg12325507,97,S1a
cg21170041,97,S1a
cg13533340,97,S1a
cg08768421,97,S1a
cg05654290,97,S1a
cg13691599,97,S1a
cg13755866,94,S1a
cg14290468,61,S1a
cg23788167,97,S1a
cg14026485,40,S1a
cg14373490,97,S1a
cg06810673,97,S1a
cg10309269,97,S1a
cg14528994,97,S1a
cg19684883,97,S1a
cg14331609,97,S1a
cg13857678,73,S1a
cg15879228,97,S1a
cg14643978,97,S1a
cg13531802,97,S1a
cg14327393,97,S1a
cg13716026,94,S1a
cg13430489,97,S1a
cg14363249,96,S1a
cg13841627,44,S1a
cg14184524,96,S1a
cg01812894,97,S1a
cg14169363,97,S1a
cg01894895,97,S1a
cg13591783,97,S1a
cg21222681,81,S1a
cg14339116,97,S1a
cg14331163,97,S1a
cg14421548,97,S1a
cg14503744,97,S1a
cg02908587,97,S1a
cg07536920,97,S1a
cg14170313,97,S1a
cg21219996,94,S1a
cg04130427,97,S1a
cg13939185,92,S1a
cg14471784,95,S1a
cg13897388,93,S1a
cg13582112,67,S1a
cg21199398,97,S1a
cg14633950,97,S1a
cg01900759,76,S1a
cg04189705,89,S1a
cg14095101,97,S1a
cg16509045,97,S1a
cg22161874,97,S1a
cg13566674,94,S1a
cg01251476,97,S1a
cg14538930,97,S1a
cg14387545,97,S1a
cg04258771,97,S1a
cg03848555,97,S1a
cg14474756,97,S1a
cg19102271,97,S1a
cg11750183,93,S1a
cg14645209,97,S1a
cg01410314,97,S1a
cg14104635,97,S1a
cg02936468,97,S1a
cg14065121,97,S1a
cg17482706,97,S1a
cg20935862,97,S1a
cg18168989,97,S1a
cg13845049,97,S1a
cg08625022,97,S1a
cg13674556,97,S1a
cg08080985,97,S1a
cg25287375,97,S1a
cg07962315,95,S1a
cg13667655,97,S1a
cg14449524,97,S1a
cg01716465,97,S1a
cg04132885,97,S1a
cg13898564,97,S1a
cg08026144,97,S1a
cg09501006,97,S1a
cg14045486,97,S1a
cg16904306,97,S1a
cg13512204,97,S1a
cg21362478,97,S1a
cg13670316,97,S1a
cg21172497,97,S1a
cg13655566,94,S1a
cg14349078,97,S1a
cg13761421,97,S1a
cg14646861,97,S1a
cg14198450,97,S1a
cg13438337,97,S1a
cg21227325,97,S1a
cg14178077,97,S1a
cg13746772,97,S1a
cg13765061,97,S1a
cg14327057,97,S1a
cg13623268,58,S1a
cg13453015,48,S1a
cg03687929,97,S1a
cg21220336,97,S1a
cg13789236,97,S1a
cg06342513,97,S1a
cg13595777,97,S1a
cg13066542,97,S1a
cg24163448,92,S1a
cg10031303,82,S1a
cg22289360,97,S1a
cg09885086,97,S1a
cg07295248,97,S1a
cg14104172,70,S1a
cg14549811,97,S1a
cg13715401,97,S1a
cg14228460,97,S1a
cg13411951,97,S1a
cg13914324,97,S1a
cg19282250,97,S1a
cg11880010,97,S1a
cg06254801,97,S1a
cg12368065,97,S1a
cg21223016,97,S1a
cg13543436,48,S1a
cg14182496,97,S1a
cg14395892,82,S1a
cg14380519,97,S1a
cg11195662,97,S1a
cg14489366,97,S1a
cg23804481,97,S1a
cg00390775,97,S1a
cg15485728,97,S1a
cg19044630,97,S1a
cg13692426,79,S1a
cg14448830,97,S1a
cg00297075,89,S1a
cg24312283,97,S1a
cg14092626,97,S1a
cg13890649,97,S1a
cg18277979,97,S1a
cg13884568,97,S1a
cg14627348,97,S1a
cg10422777,97,S1a
cg13713830,97,S1a
cg04181546,97,S1a
cg13455410,96,S1a
cg14579864,89,S1a
cg13482432,97,S1a
cg13962186,97,S1a
cg14487131,97,S1a
cg02066682,97,S1a
cg06462796,97,S1a
cg15237899,97,S1a
cg13929627,97,S1a
cg13661740,97,S1a
cg14430542,97,S1a
cg02091103,97,S1a
cg00959431,97,S1a
cg14028015,97,S1a
cg07035046,97,S1a
cg21171339,97,S1a
cg14445849,92,S1a
cg13724288,97,S1a
cg25418831,97,S1a
cg20288107,97,S1a
cg14063357,97,S1a
cg17237460,97,S1a
cg14447077,96,S1a
cg13617671,97,S1a
cg14232851,79,S1a
cg06617692,97,S1a
cg14146751,97,S1a
cg12687527,97,S1a
cg17301902,97,S1a
cg18404281,27,S1a
cg09260830,97,S1a
cg14389939,97,S1a
cg14439102,79,S1a
cg14016620,97,S1a
cg14111697,97,S1a
cg14397813,97,S1a
cg14106719,97,S1a
cg14149552,97,S1a
cg02380813,97,S1a
cg14281646,97,S1a
cg06432462,97,S1a
cg08982381,97,S1a
cg26220339,97,S1a
cg14420982,97,S1a
cg06692957,97,S1a
cg13521367,97,S1a
cg13390484,97,S1a
cg05803790,97,S1a
cg01886634,97,S1a
cg21238276,44,S1a
cg13910484,97,S1a
cg08684830,97,S1a
cg13101872,97,S1a
cg14318249,97,S1a
cg12548454,97,S1a
cg13828183,97,S1a
cg14385175,97,S1a
cg21188989,97,S1a
cg25336579,97,S1a
cg13740985,97,S1a
cg14354671,97,S1a
cg14102644,83,S1a
cg13612583,97,S1a
cg21192370,97,S1a
cg13611356,97,S1a
cg14159256,97,S1a
cg21217093,96,S1a
cg14560872,97,S1a
cg14179950,97,S1a
cg14491890,97,S1a
cg13844779,97,S1a
cg13482814,97,S1a
cg14184866,45,S1a
cg17461735,97,S1a
cg14088589,97,S1a
cg14117044,97,S1a
cg19523029,78,S1a
cg17235610,97,S1a
cg13885343,97,S1a
cg14240733,97,S1a
cg05989460,97,S1a
cg21806109,97,S1a
cg14241138,97,S1a
cg17349081,97,S1a
cg13598109,97,S1a
cg21158781,97,S1a
cg14048465,88,S1a
cg14461181,82,S1a
cg14162361,97,S1a
cg14635160,97,S1a
cg14418297,76,S1a
cg14233604,91,S1a
cg21238002,97,S1a
cg14361001,97,S1a
cg13636014,97,S1a
cg13537774,97,S1a
cg14509606,97,S1a
cg13911576,95,S1a
cg21233057,97,S1a
cg14199629,97,S1a
cg14430591,97,S1a
cg14154784,74,S1a
cg14254562,97,S1a
cg21202406,97,S1a
cg13799838,79,S1a
cg13769718,97,S1a
cg13895650,59,S1a
cg14623306,97,S1a
cg14545418,97,S1a
cg00891991,97,S1a
cg13410446,97,S1a
cg20373761,97,S1a
cg14616234,91,S1a
cg13475860,97,S1a
cg13513232,97,S1a
cg00863922,97,S1a
cg14405344,97,S1a
cg13925809,97,S1a
cg13729285,97,S1a
cg14299115,97,S1a
cg14038617,97,S1a
cg13444533,97,S1a
cg14419310,97,S1a
cg03031959,97,S1a
cg12969644,97,S1a
cg10319505,97,S1a
cg13858974,44,S1a
cg14130664,97,S1a
cg03498697,97,S1a
cg23492392,97,S1a
cg13977374,97,S1a
cg02603128,96,S1a
cg11286584,97,S1a
cg21197678,97,S1a
cg14219938,79,S1a
cg01266338,97,S1a
cg19673012,54,S1a
cg14139511,97,S1a
cg16342149,97,S1a
cg14512326,97,S1a
cg14463853,97,S1a
cg21237747,97,S1a
cg13674249,93,S1a
cg14413721,54,S1a
cg16558348,97,S1a
cg14374504,97,S1a
cg13930643,52,S1a
cg14205131,97,S1a
cg14286869,49,S1a
cg03531853,97,S1a
cg13530448,97,S1a
cg00426963,97,S1a
cg13786666,97,S1a
cg13868639,97,S1a
cg20998090,97,S1a
cg13776918,76,S1a
cg08996975,97,S1a
cg12975295,97,S1a
cg13417559,97,S1a
cg12927772,97,S1a
cg01614478,97,S1a
cg13912673,97,S1a
cg02654291,97,S1a
cg13828375,97,S1a
cg13904199,97,S1a
cg27305895,97,S1a
cg22807823,97,S1a
cg11942470,97,S1a
cg20555477,97,S1a
cg13884470,97,S1a
cg13844420,97,S1a
cg13858054,97,S1a
cg01809579,97,S1a
cg14655249,97,S1a
cg08002381,97,S1a
cg06138027,97,S1a
cg14327541,68,S1a
cg13828068,96,S1a
cg13390867,97,S1a
cg13486759,97,S1a
cg02772619,97,S1a
cg14506657,97,S1a
cg01541867,97,S1a
cg13868084,97,S1a
cg13636583,32,S1a
cg14555996,97,S1a
cg14338513,97,S1a
cg21207730,97,S1a
cg21212139,97,S1a
cg14481454,97,S1a
cg14441891,97,S1a
cg13837033,93,S1a
cg14000856,97,S1a
cg18999668,97,S1a
cg21190895,97,S1a
cg13908968,97,S1a
cg14592798,97,S1a
cg13504245,97,S1a
cg22402007,97,S1a
cg01009697,97,S1a
cg09539438,97,S1a
cg01292475,97,S1a
cg13965062,97,S1a
cg13723118,97,S1a
cg03628748,97,S1a
cg08470639,97,S1a
cg09926027,97,S1a
cg13698224,97,S1a
cg14447193,97,S1a
cg14273545,97,S1a
cg13620631,97,S1a
cg13654445,97,S1a
cg14531834,97,S1a
cg14269918,70,S1a
cg21237586,97,S1a
cg01593378,97,S1a
cg13843091,97,S1a
cg13751872,97,S1a
cg14058647,97,S1a
cg00201468,97,S1a
cg14063347,97,S1a
cg13543833,97,S1a
cg00779638,92,S1a
cg23181138,97,S1a
cg14965947,97,S1a
cg14079243,41,S1a
cg14223579,90,S1a
cg07596643,97,S1a
cg14443041,97,S1a
cg03166286,93,S1a
cg10823546,96,S1a
cg14008105,97,S1a
cg00867453,97,S1a
cg20859708,97,S1a
cg18090228,97,S1a
cg13727957,97,S1a
cg14574047,97,S1a
cg13850654,97,S1a
cg13925220,97,S1a
cg02600974,58,S1a
cg13737695,97,S1a
cg12410273,97,S1a
cg20263942,78,S1a
cg24852661,97,S1a
cg14325674,97,S1a
cg10572262,97,S1a
cg02046160,97,S1a
cg14595570,97,S1a
cg13959031,97,S1a
cg07824177,82,S1a
cg21085160,97,S1a
cg13456106,97,S1a
cg14060836,97,S1a
cg16480539,97,S1a
cg13890487,97,S1a
cg14069635,97,S1a
cg14324502,39,S1a
cg13911294,97,S1a
cg14134003,96,S1a
cg03221676,97,S1a
cg23606809,97,S1a
cg14602351,97,S1a
cg19920899,97,S1a
cg05065037,97,S1a
cg14454015,97,S1a
cg14120827,97,S1a
cg14276133,97,S1a
cg14198768,96,S1a
cg13509756,97,S1a
cg13795189,97,S1a
cg14467415,95,S1a
cg14618634,97,S1a
cg13840239,97,S1a
cg14028577,72,S1a
cg14102386,97,S1a
cg14306362,63,S1a
cg13899739,97,S1a
cg13904874,97,S1a
cg13445230,91,S1a
cg13803727,97,S1a
cg13959014,57,S1a
cg14622017,97,S1a
cg13812927,97,S1a
cg13705830,97,S1a
cg13805001,97,S1a
cg02501714,85,S1a
cg26447413,97,S1a
cg14416311,97,S1a
cg13848566,97,S1a
cg00636641,97,S1a
cg25141720,97,S1a
cg14642298,97,S1a
cg14350002,97,S1a
cg05015635,51,S1a
cg14159704,86,S1a
cg10148047,97,S1a
cg13814349,97,S1a
cg14286546,34,S1a
cg13676800,97,S1a
cg14221048,97,S1a
cg01034921,97,S1a
cg13702982,97,S1a
cg14558431,97,S1a
cg05456283,97,S1a
cg14375531,97,S1a
cg04994217,97,S1a
cg14638729,97,S1a
cg21171204,97,S1a
cg14594423,97,S1a
cg14275593,97,S1a
cg13698816,97,S1a
cg14320852,97,S1a
cg13931845,97,S1a
cg14067233,97,S1a
cg14534884,97,S1a
cg14050363,97,S1a
cg14419046,82,S1a
cg08719486,97,S1a
cg13823120,97,S1a
cg13814950,97,S1a
cg22571217,97,S1a
cg13932603,97,S1a
cg20401521,97,S1a
cg08797471,97,S1a
cg19734228,97,S1a
cg15746719,97,S1a
cg14014720,91,S1a
cg13527872,88,S1a
cg24754277,97,S1a
cg13752933,97,S1a
cg17090012,97,S1a
cg14089032,97,S1a
cg14159523,62,S1a
cg14250336,97,S1a
cg14286732,97,S1a
cg13805297,97,S1a
cg02100497,97,S1a
cg17984409,97,S1a
cg13964439,97,S1a
cg13778339,94,S1a
cg14071249,73,S1a
cg01463032,97,S1a
cg05475556,97,S1a
cg13985445,96,S1a
cg11154542,97,S1a
cg14236855,97,S1a
cg15242570,97,S1a
cg14243623,97,S1a
cg14557714,97,S1a
cg11306701,97,S1a
cg14190128,97,S1a
cg21177940,97,S1a
cg21252018,97,S1a
cg21168489,97,S1a
cg01930204,97,S1a
cg01952807,97,S1a
cg13410764,97,S1a
cg13566088,97,S1a
cg14080129,97,S1a
cg01568228,97,S1a
cg21252282,97,S1a
cg11181985,97,S1a
cg13464393,97,S1a
cg08070756,97,S1a
cg13677058,97,S1a
cg14233716,49,S1a
cg13616033,97,S1a
cg27495908,85,S1a
cg14331104,97,S1a
cg14403642,97,S1a
cg16386080,97,S1a
cg13685727,97,S1a
cg16357921,97,S1a
cg13920435,97,S1a
cg09074468,97,S1a
cg02981041,97,S1a
cg05115664,97,S1a
cg01400671,97,S1a
cg14251009,97,S1a
cg14611555,97,S1a
cg00791657,97,S1a
cg14854310,97,S1a
cg13854030,97,S1a
cg00273737,97,S1a
cg24052851,97,S1a
cg14460558,97,S1a
cg13927454,97,S1a
cg13694179,97,S1a
cg21248028,93,S1a
cg09479517,97,S1a
cg25530169,97,S1a
cg04867684,97,S1a
cg00814443,97,S1a
cg14230685,97,S1a
cg14386624,79,S1a
cg14074366,97,S1a
cg14531665,97,S1a
cg13554018,97,S1a
cg14528751,84,S1a
cg13622450,90,S1a
cg05507459,97,S1a
cg14299675,97,S1a
cg00755043,97,S1a
cg14347199,97,S1a
cg15650274,97,S1a
cg13422767,97,S1a
cg21240272,97,S1a
cg13955487,97,S1a
cg13814720,97,S1a
cg14210862,97,S1a
cg14112041,91,S1a
cg03578548,97,S1a
cg21167335,97,S1a
cg14275880,83,S1a
cg13397939,59,S1a
cg13809660,97,S1a
cg14444126,97,S1a
cg14178383,58,S1a
cg13552026,97,S1a
cg13493546,97,S1a
cg14086692,97,S1a
cg14655242,97,S1a
cg14358492,97,S1a
cg14304674,97,S1a
cg13503773,97,S1a
cg12972233,97,S1a
cg20083676,97,S1a
cg13641920,97,S1a
cg13575422,97,S1a
cg13975404,97,S1a
cg13565138,97,S1a
cg02124746,97,S1a
cg14184237,97,S1a
cg14448588,94,S1a
cg14009912,97,S1a
cg13929065,97,S1a
cg14303187,97,S1a
cg13614383,97,S1a
cg13873387,97,S1a
cg01865937,97,S1a
cg27044506,97,S1a
cg17806889,97,S1a
cg14048780,97,S1a
cg13351583,97,S1a
cg26493353,67,S1a
cg14437996,97,S1a
cg00420568,97,S1a
cg14096042,81,S1a
cg13861122,97,S1a
cg14114397,97,S1a
cg14307853,97,S1a
cg00292435,97,S1a
cg03712708,97,S1a
cg00922328,97,S1a
cg14420186,97,S1a
cg24622726,97,S1a
cg13435464,97,S1a
cg20074048,97,S1a
cg11849894,97,S1a
cg23281369,97,S1a
cg04095468,57,S1a
cg14139679,97,S1a
cg14069026,97,S1a
cg13676816,97,S1a
cg13866320,97,S1a
cg01120307,97,S1a
cg10645113,97,S1a
cg13469504,97,S1a
cg03492094,97,S1a
cg14541848,97,S1a
cg02702041,97,S1a
cg14560889,97,S1a
cg21220462,97,S1a
cg21234471,97,S1a
cg13474090,97,S1a
cg13584258,97,S1a
cg13976205,97,S1a
cg13619387,97,S1a
cg14544641,97,S1a
cg14155388,97,S1a
cg13464240,97,S1a
cg13415831,97,S1a
cg21166852,97,S1a
cg14032964,97,S1a
cg13737493,97,S1a
cg07496078,97,S1a
cg21210124,97,S1a
cg21912567,97,S1a
cg26452434,97,S1a
cg13977290,97,S1a
cg20070077,97,S1a
cg13881405,97,S1a
cg00102996,97,S1a
cg02374996,97,S1a
cg14249922,97,S1a
cg10245608,97,S1a
cg13750566,68,S1a
cg14567214,97,S1a
cg13420089,97,S1a
cg05648582,97,S1a
cg01515543,97,S1a
cg21243459,77,S1a
cg14624784,97,S1a
cg13640690,97,S1a
cg21189224,97,S1a
cg00306063,97,S1a
cg13655615,97,S1a
cg13552373,97,S1a
cg08126560,97,S1a
cg13466725,97,S1a
cg13912573,97,S1a
cg13451651,97,S1a
cg13922800,97,S1a
cg13525991,97,S1a
cg14138884,94,S1a
cg14016187,97,S1a
cg21226735,96,S1a
cg14286140,97,S1a
cg14398988,97,S1a
cg21178645,97,S1a
cg13827782,97,S1a
cg03149130,97,S1a
cg09835543,97,S1a
cg16896647,97,S1a
cg07160163,97,S1a
cg02608019,97,S1a
cg14304761,97,S1a
cg10025443,97,S1a
cg05801648,97,S1a
cg23447996,97,S1a
cg13782919,97,S1a
cg14054883,95,S1a
cg14005120,97,S1a
cg14424519,94,S1a
cg14055502,97,S1a
cg13897882,97,S1a
cg21242376,97,S1a
cg21165255,89,S1a
cg21175823,97,S1a
cg14381543,97,S1a
cg14435550,97,S1a
cg14187724,97,S1a
cg13823234,97,S1a
cg14488466,97,S1a
cg13445938,93,S1a
cg13920278,60,S1a
cg14322343,97,S1a
cg13530528,97,S1a
cg11423630,97,S1a
cg22828581,97,S1a
cg14605357,82,S1a
cg13990848,77,S1a
cg14446406,97,S1a
cg03243796,97,S1a
cg14232218,97,S1a
cg02703145,97,S1a
cg13933070,97,S1a
cg21241675,97,S1a
cg13439189,97,S1a
cg21245718,85,S1a
cg14457429,97,S1a
cg01715248,97,S1a
cg14522304,97,S1a
cg24313597,97,S1a
cg13699934,97,S1a
cg06439293,97,S1a
cg13642849,97,S1a
cg14009900,97,S1a
cg13932501,97,S1a
cg14542950,97,S1a
cg11466908,97,S1a
cg13486387,97,S1a
cg20569825,97,S1a
cg03942271,97,S1a
cg02280038,97,S1a
cg14456672,97,S1a
cg21245306,97,S1a
cg14193653,24,S1a
cg14142743,74,S1a
cg14290576,97,S1a
cg13555464,97,S1a
cg07084627,97,S1a
cg04521449,52,S1a
cg14629032,97,S1a
cg10708828,97,S1a
cg13782561,97,S1a
cg01243848,97,S1a
cg24197888,97,S1a
cg15919045,97,S1a
cg13413755,97,S1a
cg13808508,97,S1a
cg15417498,97,S1a
cg14211915,87,S1a
cg13823964,29,S1a
cg13748019,97,S1a
cg21246236,97,S1a
cg13845692,97,S1a
cg13668306,97,S1a
cg13918640,97,S1a
cg14014964,97,S1a
cg14117219,97,S1a
cg14370927,75,S1a
cg01034654,97,S1a
cg13577292,97,S1a
cg13678349,97,S1a
cg01303059,97,S1a
cg13703859,97,S1a
cg13828808,97,S1a
cg11648441,97,S1a
cg14503200,93,S1a
cg14185656,97,S1a
cg01942098,97,S1a
cg13944389,97,S1a
cg21171954,97,S1a
cg10075733,97,S1a
cg13764850,97,S1a
cg14208672,97,S1a
cg13945576,97,S1a
cg14014590,97,S1a
cg14244439,97,S1a
cg14615893,97,S1a
cg14211780,97,S1a
cg14044388,97,S1a
cg14376836,97,S1a
cg13631094,97,S1a
cg13957113,97,S1a
cg02785332,97,S1a
cg14579957,97,S1a
cg09954631,97,S1a
cg13500715,97,S1a
cg13966448,97,S1a
cg13491071,97,S1a
cg05518050,97,S1a
cg00937392,97,S1a
cg13976731,97,S1a
cg17920936,97,S1a
cg13755766,97,S1a
cg03001116,97,S1a
cg13541429,97,S1a
cg25766046,97,S1a
cg03900646,97,S1a
cg14145355,97,S1a
cg01062029,97,S1a
cg21156439,97,S1a
cg21245684,89,S1a
cg02641400,97,S1a
cg14299539,89,S1a
cg14326607,97,S1a
cg05785353,97,S1a
cg01248375,97,S1a
cg10912268,97,S1a
cg09467645,97,S1a
cg13936668,97,S1a
cg13696013,97,S1a
cg07027685,97,S1a
cg25358410,97,S1a
cg14134054,97,S1a
cg14033686,97,S1a
cg00873521,97,S1a
cg21205276,97,S1a
cg04263936,97,S1a
cg00929878,97,S1a
cg14466709,94,S1a
cg25379649,96,S1a
cg13798575,97,S1a
cg25927642,97,S1a
cg14597923,97,S1a
cg14287170,97,S1a
cg09824990,97,S1a
cg14163706,96,S1a
cg14631576,97,S1a
cg13570658,96,S1a
cg13831848,91,S1a
cg21191592,92,S1a
cg14639562,96,S1a
cg14318680,51,S1a
cg13940029,97,S1a
cg26478992,97,S1a
cg13872739,97,S1a
cg13720022,97,S1a
cg14293834,97,S1a
cg14024321,97,S1a
cg13407278,15,S1a
cg24105685,91,S1a
cg13778564,97,S1a
cg13905252,97,S1a
cg13793214,97,S1a
cg13922115,97,S1a
cg14546258,97,S1a
cg04085614,97,S1a
cg14045140,97,S1a
cg27497285,97,S1a
cg14637253,97,S1a
cg12663855,97,S1a
cg11522201,97,S1a
cg21624883,97,S1a
cg14617302,97,S1a
cg13566278,97,S1a
cg14184780,97,S1a
cg14341177,97,S1a
cg14279997,97,S1a
cg00566408,97,S1a
cg04269907,97,S1a
cg13683626,97,S1a
cg14181777,97,S1a
cg02929681,97,S1a
cg13473280,97,S1a
cg05875696,97,S1a
cg13254840,97,S1a
cg14641984,97,S1a
cg14280580,97,S1a
cg13587621,97,S1a
cg01028796,97,S1a
cg21171704,97,S1a
cg14227032,97,S1a
cg08439468,97,S1a
cg08695724,97,S1a
cg21439463,97,S1a
cg06636356,97,S1a
cg05969697,97,S1a
cg14263575,97,S1a
cg14643586,97,S1a
cg18832897,97,S1a
cg13760795,97,S1a
cg20163243,97,S1a
cg10324615,97,S1a
cg13653680,63,S1a
cg14607955,97,S1a
cg14646548,97,S1a
cg11124420,97,S1a
cg14958041,97,S1a
cg13807871,97,S1a
cg14580443,97,S1a
cg09225658,97,S1a
cg04351402,97,S1a
cg13767778,97,S1a
cg14263098,41,S1a
cg14311495,97,S1a
cg13863007,97,S1a
cg13819552,97,S1a
cg13681496,97,S1a
cg18116636,97,S1a
cg05675356,97,S1a
cg14105409,97,S1a
cg13864868,97,S1a
cg09160477,97,S1a
cg02395086,97,S1a
cg26833602,97,S1a
cg13931896,91,S1a
cg13916469,97,S1a
cg14105019,97,S1a
cg09547190,97,S1a
cg04358246,97,S1a
cg14117180,97,S1a
cg05990936,95,S1a
cg21164727,97,S1a
cg13633754,97,S1a
cg21925493,97,S1a
cg13975009,97,S1a
cg23902823,97,S1a
cg14116908,97,S1a
cg13585029,97,S1a
cg13802506,97,S1a
cg14474777,97,S1a
cg10072995,97,S1a
cg26945413,97,S1a
cg11828766,97,S1a
cg03854262,97,S1a
cg14394253,97,S1a
cg08905114,97,S1a
cg17141902,97,S1a
cg13538006,97,S1a
cg13713821,97,S1a
cg13736279,97,S1a
cg00228738,97,S1a
cg21223771,97,S1a
cg27363091,97,S1a
cg16158807,97,S1a
cg10272601,97,S1a
cg20616414,97,S1a
cg02430183,97,S1a
cg13563298,37,S1a
cg13746891,97,S1a
cg14087401,97,S1a
cg13707760,97,S1a
cg14101038,97,S1a
cg14655590,97,S1a
cg14137354,97,S1a
cg14396800,97,S1a
cg13808641,97,S1a
cg21194517,97,S1a
cg01974292,97,S1a
cg13767223,97,S1a
cg18301466,97,S1a
cg14483667,97,S1a
cg13609053,97,S1a
cg13970259,97,S1a
cg14240393,97,S1a
cg21241814,97,S1a
cg13717394,97,S1a
cg01727513,97,S1a
cg17221864,97,S1a
cg13497926,36,S1a
cg13481840,97,S1a
cg14220146,97,S1a
cg00806319,97,S1a
cg19989242,97,S1a
cg14505733,97,S1a
cg21238833,97,S1a
cg21167135,97,S1a
cg26053066,97,S1a
cg20324199,97,S1a
cg14143519,97,S1a
cg13887261,97,S1a
cg01230325,96,S1a
cg10065823,97,S1a
cg14508973,97,S1a
cg08872483,97,S1a
cg14471895,97,S1a
cg13990141,97,S1a
cg14516552,97,S1a
cg14574203,97,S1a
cg07080049,97,S1a
cg13493749,97,S1a
cg21383720,97,S1a
cg24761882,97,S1a
cg21219785,97,S1a
cg14097855,97,S1a
cg16761041,42,S1a
cg09600829,97,S1a
cg14379490,97,S1a
cg14410137,97,S1a
cg13554849,97,S1a
cg14507433,97,S1a
cg21184699,97,S1a
cg13635014,72,S1a
cg01544405,49,S1a
cg06150764,92,S1a
cg14161956,97,S1a
cg14203042,97,S1a
cg13442749,97,S1a
cg00109780,97,S1a
cg20684399,97,S1a
cg11181577,97,S1a
cg14334041,97,S1a
cg13787134,97,S1a
cg21246991,97,S1a
cg13817920,97,S1a
cg26949731,97,S1a
cg26520847,97,S1a
cg14463412,97,S1a
cg14128068,97,S1a
cg14380600,97,S1a
cg13601977,97,S1a
cg13914984,97,S1a
cg08950105,97,S1a
cg14396892,97,S1a
cg14598338,97,S1a
cg13679303,97,S1a
cg14118473,97,S1a
cg14503815,97,S1a
cg14529565,97,S1a
cg14347914,97,S1a
cg03994721,97,S1a
cg13867237,97,S1a
cg00196372,97,S1a
cg03597699,97,S1a
cg13985688,97,S1a
cg03015790,97,S1a
cg14552106,97,S1a
cg23726526,97,S1a
cg06194070,97,S1a
cg07852402,97,S1a
cg14374754,97,S1a
cg22902266,97,S1a
cg03129964,97,S1a
cg10454937,97,S1a
cg13398482,97,S1a
cg00927495,97,S1a
cg13773631,97,S1a
cg06071058,97,S1a
cg13808083,97,S1a
cg17354303,97,S1a
cg14127859,97,S1a
cg00418027,97,S1a
cg05385163,97,S1a
cg06288684,97,S1a
cg04905215,97,S1a
cg14459158,97,S1a
cg13460858,97,S1a
cg07076509,32,S1a
cg17534202,44,S1a
cg14169333,97,S1a
cg14316431,97,S1a
cg07184658,72,S1a
cg14428080,97,S1a
cg09155774,97,S1a
cg26867575,97,S1a
cg21176137,94,S1a
cg13595415,97,S1a
cg13571093,97,S1a
cg09429111,97,S1a
cg15768621,97,S1a
cg14467276,95,S1a
cg10377153,96,S1a
cg21234162,52,S1a
cg13430000,97,S1a
cg14336658,97,S1a
cg14463782,97,S1a
cg09015484,97,S1a
cg11478085,97,S1a
cg02558684,35,S1a
cg03275648,97,S1a
cg18978193,97,S1a
cg09923314,97,S1a
cg16093876,97,S1a
cg13980266,97,S1a
cg14032959,97,S1a
cg15264273,97,S1a
cg14403776,95,S1a
cg02575561,97,S1a
cg14235129,97,S1a
cg23262361,90,S1a
cg22232859,97,S1a
cg12044689,97,S1a
cg14307304,97,S1a
cg14350544,97,S1a
cg01197831,97,S1a
cg20356482,97,S1a
cg13493766,97,S1a
cg14434198,97,S1a
cg13494954,97,S1a
cg21178568,97,S1a
cg13740339,97,S1a
cg01210663,97,S1a
cg13982688,97,S1a
cg26759551,97,S1a
cg24333422,97,S1a
cg17814481,85,S1a
cg14211930,97,S1a
cg06705237,97,S1a
cg13576859,97,S1a
cg13723576,97,S1a
cg13573745,97,S1a
cg13487127,97,S1a
cg09395427,97,S1a
cg13809748,97,S1a
cg26277709,97,S1a
cg25910443,97,S1a
cg05348706,97,S1a
cg14267284,97,S1a
cg14608626,97,S1a
cg14163324,97,S1a
cg14326009,90,S1a
cg20555778,97,S1a
cg00845368,97,S1a
cg13837449,38,S1a
cg14276379,87,S1a
cg13402635,97,S1a
cg21193888,80,S1a
cg14372245,97,S1a
cg21189611,97,S1a
cg13664635,93,S1a
cg14078714,97,S1a
cg21234955,47,S1a
cg13490575,97,S1a
cg21189849,97,S1a
cg14503441,81,S1a
cg14208234,93,S1a
cg00542880,97,S1a
cg04647516,97,S1a
cg13645767,97,S1a
cg09863917,97,S1a
cg03456213,97,S1a
cg13761321,97,S1a
cg14582550,97,S1a
cg14375632,97,S1a
cg05621843,97,S1a
cg17406248,97,S1a
cg01993208,97,S1a
cg13727691,60,S1a
cg13520026,97,S1a
cg14308424,97,S1a
cg19305934,97,S1a
cg13698261,97,S1a
cg13853813,90,S1a
cg08849095,97,S1a
cg00351472,72,S1a
cg02268620,97,S1a
cg20355301,97,S1a
cg09951047,97,S1a
cg14601621,97,S1a
cg13972491,97,S1a
cg13811240,97,S1a
cg13717434,97,S1a
cg13751386,97,S1a
cg13763287,97,S1a
cg13408597,97,S1a
cg13792694,97,S1a
cg14650464,97,S1a
cg21240847,97,S1a
cg14060898,97,S1a
cg13791971,97,S1a
cg13633659,97,S1a
cg14633742,97,S1a
cg14229655,97,S1a
cg01889095,97,S1a
cg02466749,97,S1a
cg14583550,37,S1a
cg13664910,97,S1a
cg14127626,97,S1a
cg21891967,97,S1a
cg13600149,97,S1a
cg22018784,97,S1a
cg06202984,97,S1a
cg01245423,97,S1a
cg04021421,97,S1a
cg14330621,93,S1a
cg14418944,96,S1a
cg03248151,73,S1a
cg13945224,97,S1a
cg14069279,97,S1a
cg08609238,97,S1a
cg14649424,97,S1a
cg14465628,97,S1a
cg21196551,97,S1a
cg14307214,97,S1a
cg13928146,97,S1a
cg13461049,97,S1a
cg14298589,97,S1a
cg13974838,97,S1a
cg13700197,97,S1a
cg13563132,86,S1a
cg14596987,97,S1a
cg00638945,97,S1a
cg13456470,97,S1a
cg13428213,97,S1a
cg16626387,97,S1a
cg22073802,97,S1a
cg14000104,97,S1a
cg14319249,97,S1a
cg03875450,97,S1a
cg18436172,97,S1a
cg10870443,97,S1a
cg14500569,97,S1a
cg21526212,97,S1a
cg04133410,55,S1a
cg13709449,97,S1a
cg14248188,97,S1a
cg07115975,97,S1a
cg13754720,97,S1a
cg01222719,97,S1a
cg03626278,97,S1a
cg14572728,97,S1a
cg14272822,97,S1a
cg01512589,97,S1a
cg26878949,97,S1a
cg14323293,86,S1a
cg13725167,97,S1a
cg03309252,97,S1a
cg14605948,97,S1a
cg02329835,97,S1a
cg14135731,97,S1a
cg14286256,97,S1a
cg14186944,97,S1a
cg14425869,97,S1a
cg13812452,97,S1a
cg13998223,97,S1a
cg14070821,97,S1a
cg14323067,97,S1a
cg00620921,97,S1a
cg13446420,97,S1a
cg21234244,97,S1a
cg20123298,97,S1a
cg14178214,97,S1a
cg13661832,97,S1a
cg14424376,97,S1a
cg09628704,97,S1a
cg14166788,97,S1a
cg21198712,97,S1a
cg13929128,97,S1a
cg14123436,97,S1a
cg13451548,97,S1a
cg06052641,97,S1a
cg07554831,97,S1a
cg13539487,97,S1a
cg14605447,97,S1a
cg14234105,97,S1a
cg13941801,97,S1a
cg13800802,97,S1a
cg02565147,96,S1a
cg14185994,97,S1a
cg10273096,97,S1a
cg13599886,97,S1a
cg05176996,97,S1a
cg13949487,97,S1a
cg14274895,97,S1a
cg16821755,97,S1a
cg13993176,97,S1a
cg05138681,97,S1a
cg13875003,97,S1a
cg14067419,97,S1a
cg21607453,97,S1a
cg01764082,97,S1a
cg05347878,97,S1a
cg14018731,97,S1a
cg19113375,97,S1a
cg00462570,97,S1a
cg14312133,97,S1a
cg14068657,97,S1a
cg14214182,97,S1a
cg03822255,97,S1a
cg02850934,97,S1a
cg01572653,97,S1a
cg14363469,97,S1a
cg14486634,97,S1a
cg14282304,97,S1a
cg14452015,97,S1a
cg14040679,97,S1a
cg14188346,97,S1a
cg13459104,97,S1a
cg14508093,97,S1a
cg14220055,97,S1a
cg13863103,97,S1a
cg14563637,97,S1a
cg13464351,97,S1a
cg01825213,97,S1a
cg19633863,97,S1a
cg21167269,97,S1a
cg16714096,97,S1a
cg14564793,97,S1a
cg21219525,97,S1a
cg13841099,96,S1a
cg14176638,97,S1a
cg11554937,97,S1a
cg14356530,97,S1a
cg14633704,97,S1a
cg21216944,97,S1a
cg14331316,97,S1a
cg13519061,97,S1a
cg00430036,97,S1a
cg15582789,97,S1a
cg13771161,96,S1a
cg13951450,97,S1a
cg13998226,97,S1a
cg03415649,82,S1a
cg13701730,97,S1a
cg16575184,97,S1a
cg14376988,97,S1a
cg14320938,97,S1a
cg12043807,97,S1a
cg21103913,97,S1a
cg19881177,97,S1a
cg14514174,97,S1a
cg08496016,97,S1a
cg14478368,97,S1a
cg08372326,97,S1a
cg25260653,97,S1a
cg14041153,97,S1a
cg15739944,97,S1a
cg06936355,97,S1a
cg24537038,97,S1a
cg13520053,97,S1a
cg13590843,97,S1a
cg20960456,97,S1a
cg00804210,97,S1a
cg14160020,97,S1a
cg14276584,96,S1a
cg09417568,97,S1a
cg13683934,97,S1a
cg04728584,97,S1a
cg14416047,97,S1a
cg14337897,52,S1a
cg13470160,94,S1a
cg02438545,97,S1a
cg14069192,97,S1a
cg03534058,97,S1a
cg14545970,97,S1a
cg14617810,97,S1a
cg13689681,97,S1a
cg23861715,97,S1a
cg02024846,97,S1a
cg00800809,96,S1a
cg14591340,95,S1a
cg21735714,97,S1a
cg14480723,97,S1a
cg20513721,97,S1a
cg05285368,97,S1a
cg21176755,61,S1a
cg21226353,96,S1a
cg13481969,97,S1a
cg11042561,97,S1a
cg21174344,97,S1a
cg13985446,97,S1a
cg13522075,79,S1a
cg00767010,97,S1a
cg17475200,97,S1a
cg13558954,97,S1a
cg05677224,97,S1a
cg13983307,54,S1a
cg07449645,97,S1a
cg13578229,97,S1a
cg08042643,97,S1a
cg01565690,97,S1a
cg14151082,97,S1a
cg13457522,59,S1a
cg01755551,97,S1a
cg21209364,97,S1a
cg16857356,97,S1a
cg09422892,97,S1a
cg14176626,92,S1a
cg10778836,97,S1a
cg13844767,97,S1a
cg01558241,97,S1a
cg14415770,97,S1a
cg14549057,97,S1a
cg13692456,97,S1a
cg02249074,97,S1a
cg26364911,97,S1a
cg14316246,97,S1a
cg00844308,97,S1a
cg02740582,97,S1a
cg13234643,97,S1a
cg13763503,97,S1a
cg02936872,97,S1a
cg13679216,97,S1a
cg05988638,97,S1a
cg04079206,97,S1a
cg14029471,97,S1a
cg13931112,97,S1a
cg14625636,97,S1a
cg13713218,97,S1a
cg01950665,97,S1a
cg13739659,97,S1a
cg02169859,97,S1a
cg01838004,97,S1a
cg14015656,97,S1a
cg13727089,97,S1a
cg14267777,97,S1a
cg14131612,97,S1a
cg13576552,97,S1a
cg21177384,97,S1a
cg15705428,97,S1a
cg01751584,87,S1a
cg10900550,97,S1a
cg24339935,97,S1a
cg06830912,97,S1a
cg11516606,97,S1a
cg14345213,71,S1a
cg21175995,95,S1a
cg02203665,88,S1a
cg14630722,97,S1a
cg06701027,97,S1a
cg17729572,97,S1a
cg14081631,97,S1a
cg11799819,97,S1a
cg14382750,97,S1a
cg16082058,97,S1a
cg16079347,97,S1a
cg14491667,97,S1a
cg25494064,97,S1a
cg14414534,97,S1a
cg13506325,95,S1a
cg14414406,97,S1a
cg14119270,97,S1a
cg14223444,97,S1a
cg14172094,97,S1a
cg14222141,97,S1a
cg14707431,97,S1a
cg04641380,97,S1a
cg13967864,97,S1a
cg02599551,97,S1a
cg18007899,97,S1a
cg16199381,97,S1a
cg21220374,97,S1a
cg03220414,97,S1a
cg24607948,97,S1a
cg14524337,97,S1a
cg06383088,97,S1a
cg07965714,97,S1a
cg08458338,97,S1a
cg14647620,97,S1a
cg14132620,97,S1a
cg01363109,97,S1a
cg14035749,97,S1a
cg13963210,97,S1a
cg13620490,95,S1a
cg04327247,97,S1a
cg20184732,97,S1a
cg13439463,97,S1a
cg13688889,72,S1a
cg04112366,97,S1a
cg15365032,97,S1a
cg00282510,97,S1a
cg01843189,97,S1a
cg14270434,71,S1a
cg13564742,97,S1a
cg13827859,97,S1a
cg15802898,97,S1a
cg02157015,97,S1a
cg19292008,97,S1a
cg24393316,68,S1a
cg13791254,97,S1a
cg13696609,97,S1a
cg21174841,97,S1a
cg04007303,97,S1a
cg10568624,97,S1a
cg14422498,97,S1a
cg14018471,95,S1a
cg04256516,97,S1a
cg16274148,97,S1a
cg05038485,96,S1a
cg08531821,97,S1a
cg14310730,85,S1a
cg14243616,45,S1a
cg14566819,70,S1a
cg13486755,92,S1a
cg14116149,97,S1a
cg27592318,97,S1a
cg14379939,97,S1a
cg00061031,97,S1a
cg14229247,97,S1a
cg14503783,97,S1a
cg07560534,97,S1a
cg12026394,89,S1a
cg21240351,97,S1a
cg02132654,97,S1a
cg13719746,97,S1a
cg00422488,97,S1a
cg14277403,97,S1a
cg13573320,97,S1a
cg25479216,97,S1a
cg25640887,97,S1a
cg24062472,97,S1a
cg03040243,97,S1a
cg01429996,97,S1a
cg13527921,97,S1a
cg14451771,97,S1a
cg21191461,97,S1a
cg03588007,63,S1a
cg19461260,97,S1a
cg11317199,97,S1a
cg21225548,96,S1a
cg01765174,97,S1a
cg02827328,97,S1a
cg05754808,97,S1a
cg01618660,97,S1a
cg13836518,97,S1a
cg14446622,97,S1a
cg13675814,97,S1a
cg12800915,97,S1a
cg13471365,97,S1a
cg21618439,97,S1a
cg23075568,97,S1a
cg13639083,97,S1a
cg14049807,97,S1a
cg13709496,97,S1a
cg13689390,97,S1a
cg05384198,97,S1a
cg14288876,95,S1a
cg14439476,97,S1a
cg05369318,97,S1a
cg13732677,97,S1a
cg14201956,97,S1a
cg13747555,97,S1a
cg01744133,97,S1a
cg12553490,97,S1a
cg13563728,97,S1a
cg14451115,57,S1a
cg14458315,97,S1a
cg13532463,96,S1a
cg14322157,97,S1a
cg21219966,97,S1a
cg13543683,97,S1a
cg14523238,97,S1a
cg13721551,97,S1a
cg14017036,97,S1a
cg13649864,97,S1a
cg13852784,77,S1a
cg14633800,97,S1a
cg14411311,97,S1a
cg13502215,97,S1a
cg06584566,97,S1a
cg13758646,97,S1a
cg13619824,97,S1a
cg09047691,97,S1a
cg13249925,97,S1a
cg13570262,97,S1a
cg02058918,97,S1a
cg13434352,97,S1a
cg14159539,97,S1a
cg14313748,97,S1a
cg21182108,25,S1a
cg14281264,97,S1a
cg01104554,97,S1a
cg16872918,97,S1a
cg13677289,97,S1a
cg14571004,97,S1a
cg14002578,96,S1a
cg05593325,97,S1a
cg22447839,97,S1a
cg01725199,97,S1a
cg14400354,97,S1a
cg14352586,97,S1a
cg14616824,97,S1a
cg20503329,97,S1a
cg12933162,97,S1a
cg18115656,97,S1a
cg13952031,97,S1a
cg19461644,97,S1a
cg13865810,97,S1a
cg13981026,97,S1a
cg14375849,97,S1a
cg13927769,77,S1a
cg13593548,97,S1a
cg00089695,97,S1a
cg05347613,97,S1a
cg13893707,97,S1a
cg14259208,8,S1a
cg14546062,97,S1a
cg13408655,97,S1a
cg14424210,97,S1a
cg13443911,97,S1a
cg15526708,97,S1a
cg08414635,97,S1a
cg19042883,97,S1a
cg09697800,97,S1a
cg22370339,97,S1a
cg13608979,97,S1a
cg14426785,97,S1a
cg13827209,97,S1a
cg13977604,97,S1a
cg04534813,97,S1a
cg04931453,97,S1a
cg15492003,97,S1a
cg07535475,97,S1a
cg21157234,97,S1a
cg23379309,97,S1a
cg14214257,97,S1a
cg07881032,97,S1a
cg14143887,97,S1a
cg14356213,97,S1a
cg13669060,83,S1a
cg13580749,15,S1a
cg13787850,97,S1a
cg13630114,88,S1a
cg13548144,97,S1a
cg13868356,97,S1a
cg13827361,97,S1a
cg13577735,97,S1a
cg13796392,37,S1a
cg16160550,97,S1a
cg13703070,86,S1a
cg13666703,97,S1a
cg13412395,97,S1a
cg25454755,97,S1a
cg21205987,97,S1a
cg13770982,96,S1a
cg04897621,85,S1a
cg14569576,97,S1a
cg01917626,97,S1a
cg13639936,97,S1a
cg05933762,97,S1a
cg13636189,97,S1a
cg03277560,97,S1a
cg13655635,77,S1a
cg06145669,97,S1a
cg12190044,97,S1a
cg08042258,97,S1a
cg13480493,90,S1a
cg21606237,97,S1a
cg03950009,97,S1a
cg22304376,97,S1a
cg14153061,97,S1a
cg13422870,97,S1a
cg14233861,97,S1a
cg05469304,97,S1a
cg14242714,97,S1a
cg13547817,97,S1a
cg13748640,97,S1a
cg21243227,97,S1a
cg08347423,97,S1a
cg10458187,97,S1a
cg14871712,97,S1a
cg01241375,97,S1a
cg14546505,95,S1a
cg14351127,58,S1a
cg14091473,96,S1a
cg00225144,97,S1a
cg13834896,97,S1a
cg00234624,97,S1a
cg23043438,97,S1a
cg14388783,97,S1a
cg19823329,97,S1a
cg21231550,64,S1a
cg14304236,97,S1a
cg11613890,97,S1a
cg15509584,97,S1a
cg16771596,97,S1a
cg19318511,96,S1a
cg13774095,97,S1a
cg24732524,97,S1a
cg14475840,97,S1a
cg14244739,97,S1a
cg14167748,97,S1a
cg22775000,97,S1a
cg21089453,97,S1a
cg15075170,97,S1a
cg13876462,97,S1a
cg14200954,66,S1a
cg14349231,97,S1a
cg14429381,97,S1a
cg13415120,66,S1a
cg14418693,97,S1a
cg01015287,97,S1a
cg13978100,97,S1a
cg13653482,97,S1a
cg14010805,97,S1a
cg14514581,45,S1a
cg14328408,97,S1a
cg13905199,97,S1a
cg02011953,97,S1a
cg14253327,97,S1a
cg02590345,97,S1a
cg16898420,97,S1a
cg02391906,97,S1a
cg13627491,97,S1a
cg13683361,93,S1a
cg14072807,97,S1a
cg13984492,97,S1a
cg21243848,97,S1a
cg21238061,97,S1a
cg13823666,97,S1a
cg05770171,96,S1a
cg13474639,49,S1a
cg11709875,97,S1a
cg21746459,97,S1a
cg18613122,97,S1a
cg14472753,97,S1a
cg13510361,97,S1a
cg08871467,97,S1a
cg14383545,97,S1a
cg13487210,97,S1a
cg14048797,97,S1a
cg14316227,97,S1a
cg00577167,95,S1a
cg26181372,96,S1a
cg13585586,97,S1a
cg01617285,73,S1a
cg13683194,97,S1a
cg14235800,97,S1a
cg06912252,97,S1a
cg00056985,97,S1a
cg27099274,97,S1a
cg05823563,97,S1a
cg13649209,47,S1a
cg04845236,97,S1a
cg14625770,82,S1a
cg21239184,61,S1a
cg21219529,97,S1a
cg13709913,97,S1a
cg02500883,97,S1a
cg02602411,97,S1a
cg14285012,97,S1a
cg15765694,97,S1a
cg18799510,97,S1a
cg14241370,97,S1a
cg14123942,97,S1a
cg08997253,97,S1a
cg14653281,97,S1a
cg13724160,97,S1a
cg18794577,97,S1a
cg14150186,83,S1a
cg07956857,97,S1a
cg13875763,97,S1a
cg01554064,97,S1a
cg21169611,97,S1a
cg21893220,97,S1a
cg14250997,93,S1a
cg07328495,97,S1a
cg14615537,97,S1a
cg07776015,97,S1a
cg06565452,97,S1a
cg00202246,64,S1a
cg12984636,97,S1a
cg14321601,97,S1a
cg14216630,52,S1a
cg20109151,97,S1a
cg15754405,97,S1a
cg13654468,97,S1a
cg01122318,97,S1a
cg13888748,97,S1a
cg14392031,97,S1a
cg17868994,97,S1a
cg13423151,97,S1a
cg04239375,97,S1a
cg11520439,88,S1a
cg13559409,84,S1a
cg14326305,97,S1a
cg14063654,97,S1a
cg13571501,87,S1a
cg14065382,97,S1a
cg14299235,35,S1a
cg14431850,97,S1a
cg14313833,97,S1a
cg14564724,97,S1a
cg14170545,97,S1a
cg14491628,97,S1a
cg14630985,97,S1a
cg21572316,97,S1a
cg14470647,97,S1a
cg05286874,97,S1a
cg14019050,97,S1a
cg13430450,97,S1a
cg13597574,66,S1a
cg00068316,97,S1a
cg14519518,97,S1a
cg03426451,97,S1a
cg14472086,97,S1a
cg14108356,97,S1a
cg14327063,74,S1a
cg14085060,97,S1a
cg13397899,97,S1a
cg14229404,97,S1a
cg13924015,97,S1a
cg14349201,97,S1a
cg14620234,97,S1a
cg01692968,97,S1a
cg19287114,97,S1a
cg24178533,97,S1a
cg14293098,97,S1a
cg17727855,97,S1a
cg13603332,97,S1a
cg14504440,97,S1a
cg10861407,97,S1a
cg14341289,97,S1a
cg10922622,97,S1a
cg21201435,97,S1a
cg13794553,97,S1a
cg25509782,97,S1a
cg14536088,97,S1a
cg13899841,97,S1a
cg13990129,34,S1a
cg16998207,97,S1a
cg13474520,97,S1a
cg23213170,97,S1a
cg13797775,97,S1a
cg13772070,97,S1a
cg13820281,97,S1a
cg03880722,97,S1a
cg14601891,59,S1a
cg00697626,97,S1a
cg13632230,97,S1a
cg14620549,97,S1a
cg13317687,97,S1a
cg14030997,97,S1a
cg14402574,97,S1a
cg24073022,97,S1a
cg14797990,83,S1a
cg06119575,97,S1a
cg04725234,97,S1a
cg10493739,97,S1a
cg00556719,97,S1a
cg14519696,97,S1a
cg14250427,97,S1a
cg21174911,97,S1a
cg13601472,97,S1a
cg13685779,38,S1a
cg14193808,97,S1a
cg13901675,97,S1a
cg21180286,97,S1a
cg05824050,97,S1a
cg13448127,97,S1a
cg14305313,97,S1a
cg21374547,97,S1a
cg14530834,97,S1a
cg14348397,97,S1a
cg05428946,97,S1a
cg00100800,97,S1a
cg13804575,37,S1a
cg13635022,96,S1a
cg14048837,97,S1a
cg14057303,97,S1a
cg13496359,97,S1a
cg13973641,97,S1a
cg13595195,93,S1a
cg13576904,97,S1a
cg05205299,97,S1a
cg14588738,95,S1a
cg14392725,97,S1a
cg14178348,97,S1a
cg14317414,97,S1a
cg13663912,97,S1a
cg25483839,93,S1a
cg14509390,97,S1a
cg13475031,97,S1a
cg22968991,97,S1a
cg13794334,97,S1a
cg13894624,97,S1a
cg14131431,96,S1a
cg14574728,97,S1a
cg02773399,97,S1a
cg13486170,97,S1a
cg03595286,97,S1a
cg14320054,97,S1a
cg15000827,97,S1a
cg21225504,76,S1a
cg00492574,94,S1a
cg03066050,97,S1a
cg14185918,97,S1a
cg06545019,97,S1a
cg14475702,97,S1a
cg01564322,97,S1a
cg03939688,97,S1a
cg07309102,97,S1a
cg03267342,97,S1a
cg13894301,97,S1a
cg14367995,66,S1a
cg14428829,93,S1a
cg13494087,97,S1a
cg14471402,97,S1a
cg13430755,97,S1a
cg14000676,95,S1a
cg13605781,91,S1a
cg13925432,97,S1a
cg03257930,97,S1a
cg04038844,95,S1a
cg11793722,97,S1a
cg14254422,97,S1a
cg14646613,97,S1a
cg00228118,97,S1a
cg14142087,97,S1a
cg13906082,92,S1a
cg13514049,97,S1a
cg13469457,97,S1a
cg14334258,97,S1a
cg14157578,97,S1a
cg14206056,97,S1a
cg13654103,97,S1a
cg13507207,97,S1a
cg13597317,97,S1a
cg14325779,97,S1a
cg14401749,97,S1a
cg21197796,97,S1a
cg14156768,53,S1a
cg13700094,97,S1a
cg11272244,97,S1a
cg14312965,97,S1a
cg02798703,97,S1a
cg13420043,97,S1a
cg21239572,97,S1a
cg13728285,97,S1a
cg05156613,97,S1a
cg03860650,97,S1a
cg19863405,97,S1a
cg00065385,97,S1a
cg22482658,97,S1a
cg11628026,97,S1a
cg14480594,97,S1a
cg14561444,97,S1a
cg13659268,97,S1a
cg07281640,97,S1a
cg14614793,78,S1a
cg12373566,97,S1a
cg14432460,97,S1a
cg12737869,97,S1a
cg14208721,97,S1a
cg05414225,97,S1a
cg14304916,97,S1a
cg14290593,97,S1a
cg14082422,86,S1a
cg11953824,92,S1a
cg25018881,97,S1a
cg21243612,97,S1a
cg14442329,97,S1a
cg13546538,97,S1a
cg13813623,97,S1a
cg02446003,97,S1a
cg15459742,97,S1a
cg13832679,97,S1a
cg14487878,97,S1a
cg16969852,97,S1a
cg14452121,97,S1a
cg05485060,97,S1a
cg13589559,97,S1a
cg01920129,97,S1a
cg13535736,39,S1a
cg14384093,97,S1a
cg05043794,97,S1a
cg13952948,97,S1a
cg14000687,97,S1a
cg04062823,97,S1a
cg05669421,97,S1a
cg13464876,97,S1a
cg16794665,97,S1a
cg14364129,93,S1a
cg13661827,97,S1a
cg13887716,97,S1a
cg17641904,97,S1a
cg18428134,97,S1a
cg04843046,97,S1a
cg14038214,97,S1a
cg14171727,97,S1a
cg13531977,97,S1a
cg14370713,97,S1a
cg14306058,97,S1a
cg14235574,97,S1a
cg01601476,97,S1a
cg14071612,97,S1a
cg19635712,97,S1a
cg18505213,97,S1a
cg12568776,97,S1a
cg13718179,97,S1a
cg14538785,52,S1a
cg14328779,97,S1a
cg14286378,97,S1a
cg21232704,97,S1a
cg13510418,97,S1a
cg05980083,97,S1a
cg13715502,97,S1a
cg13895004,97,S1a
cg26646980,97,S1a
cg17824393,97,S1a
cg13885748,95,S1a
cg16555194,97,S1a
cg13557939,97,S1a
cg08869955,97,S1a
cg13848818,97,S1a
cg14227125,97,S1a
cg14103147,8,S1a
cg14102267,97,S1a
cg00752376,97,S1a
cg02442436,97,S1a
cg02560967,97,S1a
cg21230400,97,S1a
cg21204870,97,S1a
cg14172375,97,S1a
cg10994430,97,S1a
cg05987043,97,S1a
cg06953995,97,S1a
cg13644626,97,S1a
cg13690280,97,S1a
cg13603113,87,S1a
cg13893012,90,S1a
cg14496799,97,S1a
cg13783786,97,S1a
cg21239436,97,S1a
cg14178013,19,S1a
cg15083233,97,S1a
cg26288249,97,S1a
cg14488390,97,S1a
cg13847437,97,S1a
cg13526642,97,S1a
cg21171115,66,S1a
cg14170787,97,S1a
cg13804171,97,S1a
cg13934629,97,S1a
cg13430173,97,S1a
cg13850312,97,S1a
cg13854960,97,S1a
cg09596614,97,S1a
cg14414873,97,S1a
cg03884238,66,S1a
cg04677937,61,S1a
cg07328505,97,S1a
cg14509895,97,S1a
cg13843427,97,S1a
cg07804122,97,S1a
cg26246296,97,S1a
cg13909909,97,S1a
cg19078334,97,S1a
cg13528463,95,S1a
cg05154454,78,S1a
cg13508841,97,S1a
cg14534337,97,S1a
cg00925831,51,S1a
cg13919174,92,S1a
cg13606569,97,S1a
cg13632816,97,S1a
cg15090727,97,S1a
cg01503348,97,S1a
cg21218854,96,S1a
cg07477928,97,S1a
cg14531437,97,S1a
cg01737465,97,S1a
cg03689799,97,S1a
cg14161107,67,S1a
cg14496169,97,S1a
cg14226212,97,S1a
cg14317056,96,S1a
cg13960493,97,S1a
cg21161126,97,S1a
cg13439595,97,S1a
cg14398353,97,S1a
cg13882486,97,S1a
cg14429427,97,S1a
cg14231369,97,S1a
cg13900023,97,S1a
cg15195276,97,S1a
cg09549848,97,S1a
cg06148685,97,S1a
cg14563260,97,S1a
cg14102988,97,S1a
cg14133557,97,S1a
cg13890969,23,S1a
cg09931793,97,S1a
cg14171343,97,S1a
cg04478751,97,S1a
cg25972405,97,S1a
cg21252522,97,S1a
cg05001598,97,S1a
cg19875976,97,S1a
cg15141238,97,S1a
cg01294431,97,S1a
cg13570660,97,S1a
cg02612963,97,S1a
cg13813533,97,S1a
cg13397260,97,S1a
cg14561904,97,S1a
cg08876665,97,S1a
cg15038938,97,S1a
cg13831329,97,S1a
cg23964386,97,S1a
cg15664854,97,S1a
cg14275693,97,S1a
cg13929323,79,S1a
cg14591511,22,S1a
cg14438363,97,S1a
cg04679235,97,S1a
cg03093995,97,S1a
cg25449976,97,S1a
cg03380406,97,S1a
cg13744150,97,S1a
cg22174355,97,S1a
cg10698424,97,S1a
cg10577016,97,S1a
cg09404405,97,S1a
cg13533759,97,S1a
cg13986117,63,S1a
cg01822570,97,S1a
cg07751669,97,S1a
cg13665149,97,S1a
cg06643227,97,S1a
cg13688329,97,S1a
cg13314167,97,S1a
cg13604909,97,S1a
cg01472113,97,S1a
cg04033706,97,S1a
cg05026753,97,S1a
cg14428669,97,S1a
cg05120715,97,S1a
cg20109400,97,S1a
cg14278148,97,S1a
cg14655843,97,S1a
cg13633625,97,S1a
cg14308311,39,S1a
cg14618635,96,S1a
cg13711129,97,S1a
cg14195117,97,S1a
cg19571727,97,S1a
cg13775310,97,S1a
cg03404662,97,S1a
cg03004599,97,S1a
cg04230060,97,S1a
cg13873269,97,S1a
cg14038618,97,S1a
cg00008629,97,S1a
cg14262023,91,S1a
cg08313788,97,S1a
cg13799149,97,S1a
cg10513276,97,S1a
cg04837322,97,S1a
cg14032070,50,S1a
cg02332936,92,S1a
cg13191935,97,S1a
cg13934288,97,S1a
cg13986501,97,S1a
cg11288092,97,S1a
cg13518211,97,S1a
cg12310757,97,S1a
cg13506510,97,S1a
cg14548962,97,S1a
cg14540739,85,S1a
cg03345938,38,S1a
cg03498773,97,S1a
cg01468334,97,S1a
cg14058551,97,S1a
cg02294108,97,S1a
cg17240836,97,S1a
cg02853990,97,S1a
cg16295988,97,S1a
cg13834913,97,S1a
cg13802527,97,S1a
cg14218223,97,S1a
cg09619598,97,S1a
cg26386402,97,S1a
cg03907738,97,S1a
cg14286845,97,S1a
cg12063910,97,S1a
cg19005891,97,S1a
cg13761152,97,S1a
cg14350114,97,S1a
cg13803584,97,S1a
cg14004271,97,S1a
cg00238426,97,S1a
cg07758904,93,S1a
cg11724516,97,S1a
cg10726357,97,S1a
cg14253875,97,S1a
cg14219115,97,S1a
cg00664581,97,S1a
cg15775618,97,S1a
cg00019877,97,S1a
cg13400600,97,S1a
cg05800450,97,S1a
cg14065167,97,S1a
cg14016089,97,S1a
cg14633455,97,S1a
cg17749443,97,S1a
cg03454353,95,S1a
cg14299234,66,S1a
cg14371312,97,S1a
cg00302081,97,S1a
cg13620715,97,S1a
cg05706061,94,S1a
cg09017792,97,S1a
cg23583420,97,S1a
cg13836270,97,S1a
cg06252382,97,S1a
cg13767768,97,S1a
cg14537179,97,S1a
cg14445012,97,S1a
cg13987862,97,S1a
cg04028099,97,S1a
cg03977231,97,S1a
cg13068095,97,S1a
cg15865742,97,S1a
cg11233228,97,S1a
cg00622863,97,S1a
cg13473909,97,S1a
cg14649376,97,S1a
cg01178485,97,S1a
cg09739896,97,S1a
cg18474135,97,S1a
cg21174750,97,S1a
cg13408606,97,S1a
cg14122506,97,S1a
cg21436938,97,S1a
cg08006727,97,S1a
cg13902067,97,S1a
cg14186558,97,S1a
cg14190196,72,S1a
cg13985868,97,S1a
cg05375800,97,S1a
cg00824793,97,S1a
cg00104267,97,S1a
cg00885506,97,S1a
cg14087715,38,S1a
cg14081737,61,S1a
cg02003202,97,S1a
cg07788204,97,S1a
cg01847271,97,S1a
cg14578525,97,S1a
cg14245185,97,S1a
cg13408027,97,S1a
cg13797670,97,S1a
cg14181187,97,S1a
cg24012708,97,S1a
cg03984733,97,S1a
cg13836380,97,S1a
cg14193097,97,S1a
cg21233377,97,S1a
cg01257194,97,S1a
cg02027010,97,S1a
cg13910573,97,S1a
cg13958141,97,S1a
cg17787219,97,S1a
cg13891189,97,S1a
cg14469290,97,S1a
cg21246479,97,S1a
cg00070052,97,S1a
cg00047469,97,S1a
cg14412733,97,S1a
cg27510871,97,S1a
cg13857186,97,S1a
cg01481976,97,S1a
cg16367027,97,S1a
cg14458808,97,S1a
cg19944367,97,S1a
cg26354398,97,S1a
cg16191087,97,S1a
cg21230317,57,S1a
cg14124261,97,S1a
cg14104252,96,S1a
cg01302240,97,S1a
cg13734137,97,S1a
cg14049634,97,S1a
cg13818830,97,S1a
cg14046414,97,S1a
cg14327394,97,S1a
cg13604445,96,S1a
cg14539422,97,S1a
cg00109344,97,S1a
cg13938035,97,S1a
cg14398877,97,S1a
cg18426557,97,S1a
cg14284187,97,S1a
cg21196839,97,S1a
cg14523204,97,S1a
cg13615136,97,S1a
cg13663116,97,S1a
cg21252047,97,S1a
cg13807549,97,S1a
cg01132568,97,S1a
cg14092045,97,S1a
cg16510793,97,S1a
cg14185099,97,S1a
cg14618116,97,S1a
cg14605172,80,S1a
cg14263561,90,S1a
cg14257429,97,S1a
cg13828899,97,S1a
cg14136626,97,S1a
cg13623452,97,S1a
cg16264079,55,S1a
cg14037728,14,S1a
cg13482911,97,S1a
cg17379532,97,S1a
cg14543630,97,S1a
cg14598025,97,S1a
cg13914738,97,S1a
cg13901539,97,S1a
cg20640266,97,S1a
cg03985630,97,S1a
cg13934015,97,S1a
cg26127166,97,S1a
cg14486892,97,S1a
cg13737776,84,S1a
cg13783957,43,S1a
cg06630567,97,S1a
cg13003878,97,S1a
cg25420952,97,S1a
cg21194807,97,S1a
cg10091458,97,S1a
cg13977320,97,S1a
cg13426307,97,S1a
cg13983319,97,S1a
cg14326196,97,S1a
cg02838492,97,S1a
cg14014506,97,S1a
cg17465304,97,S1a
cg07740525,97,S1a
cg14090149,97,S1a
cg13896650,97,S1a
cg13761419,97,S1a
cg07751196,97,S1a
cg01113597,97,S1a
cg09944147,97,S1a
cg05816844,97,S1a
cg03758241,97,S1a
cg04382108,97,S1a
cg14545570,97,S1a
cg13917127,97,S1a
cg13889415,97,S1a
cg14515614,97,S1a
cg14040871,97,S1a
cg14004457,97,S1a
cg18717689,97,S1a
cg14527645,97,S1a
cg14614881,97,S1a
cg13427810,97,S1a
cg14610335,97,S1a
cg14406134,97,S1a
cg13910071,97,S1a
cg14031246,97,S1a
cg13694664,97,S1a
cg21161568,97,S1a
cg14579546,97,S1a
cg14572845,96,S1a
cg13391488,97,S1a
cg16408565,97,S1a
cg00969271,97,S1a
cg14588828,97,S1a
cg13995427,80,S1a
cg13647978,97,S1a
cg14080475,97,S1a
cg19556572,97,S1a
cg13999433,97,S1a
cg02619205,97,S1a
cg14260530,97,S1a
cg13967908,85,S1a
cg00078025,97,S1a
cg08260461,97,S1a
cg14589236,97,S1a
cg13905475,96,S1a
cg14530184,97,S1a
cg14623754,97,S1a
cg13641840,97,S1a
cg14319286,97,S1a
cg13826055,97,S1a
cg13636371,97,S1a
cg04759982,97,S1a
cg00305629,97,S1a
cg13657200,97,S1a
cg12877860,97,S1a
cg21159778,97,S1a
cg13904267,97,S1a
cg13632058,97,S1a
cg15903421,94,S1a
cg01564892,97,S1a
cg21241850,97,S1a
cg01455880,97,S1a
cg23916845,97,S1a
cg13469953,97,S1a
cg13443417,97,S1a
cg00503760,44,S1a
cg21249829,97,S1a
cg14391907,97,S1a
cg14535884,91,S1a
cg14653849,97,S1a
cg12377712,97,S1a
cg17742155,97,S1a
cg14421829,97,S1a
cg14178422,97,S1a
cg13676817,97,S1a
cg18521771,97,S1a
cg01799543,97,S1a
cg20031479,97,S1a
cg03274794,45,S1a
cg21227347,97,S1a
cg20216130,97,S1a
cg13907406,97,S1a
cg13808160,97,S1a
cg13978155,97,S1a
cg13576586,72,S1a
cg13390101,97,S1a
cg11809085,90,S1a
cg10791260,97,S1a
cg02404720,97,S1a
cg14113958,64,S1a
cg14187242,97,S1a
cg27631256,97,S1a
cg19343707,97,S1a
cg24443250,97,S1a
cg14074944,97,S1a
cg13781956,97,S1a
cg21227274,97,S1a
cg14140447,97,S1a
cg13997553,96,S1a
cg21236655,94,S1a
cg09201327,96,S1a
cg14562158,97,S1a
cg20566118,97,S1a
cg16682686,97,S1a
cg04761824,97,S1a
cg13965272,96,S1a
cg14631486,96,S1a
cg14585967,97,S1a
cg13918206,83,S1a
cg13564816,40,S1a
cg13870199,94,S1a
cg21395077,97,S1a
cg13947334,97,S1a
cg14401864,94,S1a
cg14578895,97,S1a
cg14329189,97,S1a
cg08662074,80,S1a
cg08189448,97,S1a
cg13545495,97,S1a
cg02873524,97,S1a
cg13561592,97,S1a
cg23781495,97,S1a
cg13875133,97,S1a
cg13512977,96,S1a
cg14206626,97,S1a
cg13462909,84,S1a
cg14094498,97,S1a
cg14513210,97,S1a
cg13656878,97,S1a
cg13853734,97,S1a
cg14436569,97,S1a
cg14023985,97,S1a
cg13778140,97,S1a
cg13792444,97,S1a
cg14590027,97,S1a
cg14350557,97,S1a
cg14473030,97,S1a
cg00213714,97,S1a
cg12947510,97,S1a
cg07782630,97,S1a
cg13557688,97,S1a
cg14085500,97,S1a
cg14640174,97,S1a
cg13455759,97,S1a
cg14081465,97,S1a
cg14564229,97,S1a
cg13466576,97,S1a
cg07171518,97,S1a
cg14516287,97,S1a
cg14161165,97,S1a
cg13978347,97,S1a
cg00107630,97,S1a
cg13485469,97,S1a
cg01593609,97,S1a
cg25249613,97,S1a
cg00121640,97,S1a
cg02608801,97,S1a
cg14090923,96,S1a
cg02554246,97,S1a
cg13412550,32,S1a
cg12024292,97,S1a
cg13647523,97,S1a
cg14382224,93,S1a
cg13749118,97,S1a
cg14472062,97,S1a
cg02515422,97,S1a
cg05429895,97,S1a
cg13730105,97,S1a
cg14629571,97,S1a
cg14605396,97,S1a
cg02300279,97,S1a
cg09735465,97,S1a
cg13601435,97,S1a
cg13892386,97,S1a
cg13835852,97,S1a
cg14507310,97,S1a
cg14614296,97,S1a
cg13603112,97,S1a
cg14580297,97,S1a
cg14010814,94,S1a
cg13682325,97,S1a
cg06602847,97,S1a
cg12821278,66,S1a
cg14445814,97,S1a
cg24818566,97,S1a
cg03625109,95,S1a
cg13685314,95,S1a
cg25935911,97,S1a
cg14470803,87,S1a
cg14555264,93,S1a
cg14242995,97,S1a
cg14624329,97,S1a
cg14592830,97,S1a
cg21172807,97,S1a
cg14288639,97,S1a
cg21231262,97,S1a
cg13930766,97,S1a
cg13955758,97,S1a
cg14069683,97,S1a
cg22576265,97,S1a
cg09399225,97,S1a
cg13961124,97,S1a
cg14346311,94,S1a
cg13403259,97,S1a
cg14494808,50,S1a
cg14003627,87,S1a
cg14063468,97,S1a
cg01566028,97,S1a
cg13392293,94,S1a
cg11949945,97,S1a
cg12576700,97,S1a
cg16956268,97,S1a
cg13459910,97,S1a
cg01807026,73,S1a
cg14180030,97,S1a
cg22695151,97,S1a
cg26587051,97,S1a
cg11496792,97,S1a
cg00917031,97,S1a
cg14230719,97,S1a
cg14543966,97,S1a
cg02652344,97,S1a
cg10011799,97,S1a
cg06218627,97,S1a
cg07663984,97,S1a
cg14194634,97,S1a
cg14577415,97,S1a
cg21717724,97,S1a
cg13959647,97,S1a
cg13460057,97,S1a
cg09833538,97,S1a
cg09586646,97,S1a
cg09419670,97,S1a
cg14255062,97,S1a
cg13419692,97,S1a
cg00045753,97,S1a
cg14376679,97,S1a
cg14543508,97,S1a
cg05834805,97,S1a
cg03808351,84,S1a
cg14425045,97,S1a
cg21179713,97,S1a
cg18224492,97,S1a
cg14614490,97,S1a
cg14218513,63,S1a
cg11054680,53,S1a
cg13793166,6,S1a
cg02388253,82,S1a
cg13501527,97,S1a
cg04236137,97,S1a
cg27207079,97,S1a
cg13851767,97,S1a
cg13852822,97,S1a
cg14076827,97,S1a
cg14392772,97,S1a
cg14518276,97,S1a
cg15551881,97,S1a
cg14064762,97,S1a
cg04517263,97,S1a
cg21152671,95,S1a
cg21241889,97,S1a
cg00246817,97,S1a
cg21161526,83,S1a
cg04665046,97,S1a
cg14580859,97,S1a
cg14368473,97,S1a
cg13407446,97,S1a
cg13567360,97,S1a
cg02552945,97,S1a
cg01843018,97,S1a
cg00100804,97,S1a
cg15674917,97,S1a
cg15843845,97,S1a
cg13822008,97,S1a
cg21492378,97,S1a
cg14596702,97,S1a
cg14628049,96,S1a
cg13588346,49,S1a
cg13597247,97,S1a
cg17312179,97,S1a
cg20819397,97,S1a
cg01906430,97,S1a
cg11429632,97,S1a
cg13657951,97,S1a
cg13580834,81,S1a
cg14438325,97,S1a
cg14493637,97,S1a
cg14365457,97,S1a
cg17071957,97,S1a
cg14201635,97,S1a
cg14568936,97,S1a
cg07896735,97,S1a
cg05793077,97,S1a
cg14186336,97,S1a
cg14399183,97,S1a
cg13569051,97,S1a
cg14417974,97,S1a
cg01136942,97,S1a
cg18855096,97,S1a
cg21192313,97,S1a
cg13828579,97,S1a
cg14177401,97,S1a
cg21252859,97,S1a
cg13711851,97,S1a
cg14076923,97,S1a
cg14478589,96,S1a
cg14136781,80,S1a
cg14651896,97,S1a
cg13802942,97,S1a
cg03996151,51,S1a
cg07190485,97,S1a
cg14632002,97,S1a
cg05939335,97,S1a
cg14215970,97,S1a
cg14365564,97,S1a
cg18676053,97,S1a
cg08339189,97,S1a
cg13513766,93,S1a
cg00295948,97,S1a
cg21166781,97,S1a
cg14511038,97,S1a
cg09217079,97,S1a
cg13780516,97,S1a
cg13607226,97,S1a
cg14382719,87,S1a
cg14379108,97,S1a
cg17353733,97,S1a
cg13859441,97,S1a
cg13885535,97,S1a
cg01305539,97,S1a
cg13758780,97,S1a
cg14190522,97,S1a
cg04661709,97,S1a
cg10394788,97,S1a
cg14252279,97,S1a
cg08086728,97,S1a
cg14408467,97,S1a
cg21182461,97,S1a
cg26045119,97,S1a
cg13696706,97,S1a
cg13833607,97,S1a
cg03225208,97,S1a
cg08980461,97,S1a
cg13595518,95,S1a
cg00488323,97,S1a
cg01407748,63,S1a
cg15686608,97,S1a
cg05684891,97,S1a
cg07981910,97,S1a
cg14063008,97,S1a
cg27650175,97,S1a
cg13060154,97,S1a
cg24794433,97,S1a
cg08128768,97,S1a
cg14611152,97,S1a
cg14594111,97,S1a
cg00995152,97,S1a
cg14416875,97,S1a
cg07949217,97,S1a
cg24015249,97,S1a
cg13928417,97,S1a
cg14594187,97,S1a
cg14474791,97,S1a
cg13625750,97,S1a
cg14122599,97,S1a
cg14383549,97,S1a
cg13537416,97,S1a
cg13614631,97,S1a
cg13723594,97,S1a
cg13571216,97,S1a
cg00836944,97,S1a
cg01189813,97,S1a
cg14029324,97,S1a
cg13397282,97,S1a
cg13892889,97,S1a
cg00403579,97,S1a
cg05357131,97,S1a
cg13494489,97,S1a
cg15753178,97,S1a
cg13565549,97,S1a
cg14136214,97,S1a
cg14254686,97,S1a
cg13622265,97,S1a
cg14023291,97,S1a
cg13935380,97,S1a
cg03174228,97,S1a
cg05800368,97,S1a
cg14479306,97,S1a
cg13628022,73,S1a
cg13418964,97,S1a
cg14636658,97,S1a
cg21184518,97,S1a
cg14235155,93,S1a
cg14589371,97,S1a
cg14218962,97,S1a
cg05541096,97,S1a
cg11527279,97,S1a
cg14541616,97,S1a
cg19275834,74,S1a
cg19547746,97,S1a
cg14561360,97,S1a
cg13820726,97,S1a
cg14629021,97,S1a
cg00880872,97,S1a
cg14517743,97,S1a
cg27376924,97,S1a
cg14107457,97,S1a
cg14309485,97,S1a
cg07347725,97,S1a
cg25186211,97,S1a
cg21222989,97,S1a
cg13754922,97,S1a
cg02072256,97,S1a
cg01536400,97,S1a
cg13456688,97,S1a
cg14093012,97,S1a
cg00007064,97,S1a
cg14453967,97,S1a
cg06322412,97,S1a
cg14249155,97,S1a
cg21183329,97,S1a
cg02342594,97,S1a
cg00115194,59,S1a
cg14496753,97,S1a
cg01363324,97,S1a
cg14476745,97,S1a
cg13572892,80,S1a
cg01549227,97,S1a
cg14361033,97,S1a
cg08848140,97,S1a
cg25542041,97,S1a
cg13490403,97,S1a
cg17930194,97,S1a
cg13832372,97,S1a
cg02825412,97,S1a
cg09723488,97,S1a
cg04282082,97,S1a
cg21213617,97,S1a
cg21469772,97,S1a
cg13571460,97,S1a
cg13862711,96,S1a
cg03363289,97,S1a
cg00142257,97,S1a
cg13817952,97,S1a
cg06866657,97,S1a
cg21237939,97,S1a
cg13648318,97,S1a
cg22254104,93,S1a
cg13535231,89,S1a
cg14124066,97,S1a
cg03142975,97,S1a
cg13909320,97,S1a
cg14184882,97,S1a
cg03322749,97,S1a
cg13611226,97,S1a
cg00636639,97,S1a
cg14089981,88,S1a
cg13535779,58,S1a
cg14346565,97,S1a
cg05102817,97,S1a
cg13671590,94,S1a
cg14228182,97,S1a
cg14495399,97,S1a
cg14189381,29,S1a
cg03812240,97,S1a
cg13655082,97,S1a
cg12675848,97,S1a
cg13808240,97,S1a
cg13646480,97,S1a
cg13882285,97,S1a
cg14060944,97,S1a
cg13974165,97,S1a
cg00501774,97,S1a
cg10493166,97,S1a
cg14154487,97,S1a
cg12927153,97,S1a
cg13630095,97,S1a
cg14176942,97,S1a
cg13450549,50,S1a
cg05308135,97,S1a
cg02608453,97,S1a
cg24137660,97,S1a
cg14598387,97,S1a
cg16473288,97,S1a
cg14008631,96,S1a
cg13482309,97,S1a
cg02489377,97,S1a
cg19998432,97,S1a
cg13491724,97,S1a
cg08970655,97,S1a
cg01693284,97,S1a
cg13652536,97,S1a
cg25284223,92,S1a
cg04177635,97,S1a
cg09917446,97,S1a
cg14108527,97,S1a
cg13555817,97,S1a
cg01687369,97,S1a
cg13739025,92,S1a
cg14557855,60,S1a
cg05824609,97,S1a
cg14328907,97,S1a
cg09768944,97,S1a
cg26780688,96,S1a
cg20390606,95,S1a
cg14431306,97,S1a
cg14500628,74,S1a
cg06253583,97,S1a
cg00138267,97,S1a
cg21232476,97,S1a
cg14528930,97,S1a
cg23558473,97,S1a
cg14134106,88,S1a
cg14158053,97,S1a
cg13625113,97,S1a
cg14560064,97,S1a
cg14582970,97,S1a
cg13538320,97,S1a
cg13654641,97,S1a
cg04948763,97,S1a
cg01677177,97,S1a
cg13436156,97,S1a
cg17896097,97,S1a
cg13424766,97,S1a
cg14239514,97,S1a
cg15209169,97,S1a
cg14877741,97,S1a
cg13909412,93,S1a
cg14472972,97,S1a
cg13731108,97,S1a
cg14115756,97,S1a
cg04655481,97,S1a
cg14584535,97,S1a
cg04784315,97,S1a
cg14397941,97,S1a
cg01729066,97,S1a
cg14766769,97,S1a
cg13930811,92,S1a
cg14431734,97,S1a
cg13563462,97,S1a
cg21489873,97,S1a
cg07763768,97,S1a
cg03222672,97,S1a
cg14059830,97,S1a
cg14316711,97,S1a
cg13668495,97,S1a
cg14583815,97,S1a
cg13724827,97,S1a
cg25902460,97,S1a
cg05702505,97,S1a
cg14186304,97,S1a
cg03622263,97,S1a
cg13871695,97,S1a
cg13699650,97,S1a
cg13418576,87,S1a
cg02010852,97,S1a
cg12953249,97,S1a
cg14479301,97,S1a
cg13404038,97,S1a
cg14572636,97,S1a
cg13884995,97,S1a
cg03478719,97,S1a
cg04916485,97,S1a
cg14503395,97,S1a
cg13591497,97,S1a
cg15919561,97,S1a
cg13752749,97,S1a
cg04791256,97,S1a
cg13573210,97,S1a
cg14282406,97,S1a
cg14405448,97,S1a
cg02625222,97,S1a
cg13430057,97,S1a
cg11431402,97,S1a
cg13558371,97,S1a
cg14573411,97,S1a
cg15922174,97,S1a
cg14556616,97,S1a
cg21238812,97,S1a
cg13776158,97,S1a
cg14565687,96,S1a
cg01109017,97,S1a
cg14177289,97,S1a
cg13564064,97,S1a
cg05254143,97,S1a
cg14414874,97,S1a
cg14326472,97,S1a
cg00424588,97,S1a
cg14166365,97,S1a
cg00978117,97,S1a
cg21215818,97,S1a
cg13413792,97,S1a
cg13847724,97,S1a
cg14002328,97,S1a
cg13607242,97,S1a
cg14171944,97,S1a
cg14332653,35,S1a
cg14028116,82,S1a
cg14569423,23,S1a
cg14073541,90,S1a
cg14500932,97,S1a
cg13545717,97,S1a
cg14316679,88,S1a
cg14537247,96,S1a
cg13529728,97,S1a
cg16191174,96,S1a
cg00407468,97,S1a
cg13618623,84,S1a
cg13650535,97,S1a
cg13620051,97,S1a
cg03715846,97,S1a
cg22906700,97,S1a
cg14158424,87,S1a
cg03948870,69,S1a
cg23493585,97,S1a
cg03359516,97,S1a
cg21251125,97,S1a
cg01298678,97,S1a
cg21195468,97,S1a
cg13964092,97,S1a
cg18904346,97,S1a
cg10755973,97,S1a
cg00982919,97,S1a
cg14305801,97,S1a
cg06626184,97,S1a
cg14093715,97,S1a
cg13473120,97,S1a
cg05777357,97,S1a
cg20939662,97,S1a
cg13492692,97,S1a
cg18094907,97,S1a
cg06254440,97,S1a
cg26756625,97,S1a
cg19264651,97,S1a
cg14608020,97,S1a
cg13585776,97,S1a
cg03306024,97,S1a
cg12002589,97,S1a
cg14425564,97,S1a
cg14071579,70,S1a
cg21221786,97,S1a
cg00958702,97,S1a
cg14371736,40,S1a
cg01106529,97,S1a
cg14112217,97,S1a
cg00938819,97,S1a
cg03923432,97,S1a
cg13908477,97,S1a
cg13794404,97,S1a
cg21177396,97,S1a
cg14213105,85,S1a
cg13958199,97,S1a
cg13505631,97,S1a
cg21468416,97,S1a
cg14196208,97,S1a
cg08287471,97,S1a
cg13487666,97,S1a
cg14082739,97,S1a
cg13512951,97,S1a
cg14285539,97,S1a
cg13974765,97,S1a
cg13866149,97,S1a
cg13582060,77,S1a
cg14109456,97,S1a
cg14036069,97,S1a
cg14385362,97,S1a
cg14556677,97,S1a
cg14536906,97,S1a
cg14289738,97,S1a
cg14003866,97,S1a
cg14392653,87,S1a
cg03695162,97,S1a
cg00987136,97,S1a
cg14243010,94,S1a
cg13654962,97,S1a
cg14636164,97,S1a
cg13731776,97,S1a
cg13753351,88,S1a
cg13610026,97,S1a
cg14335349,97,S1a
cg13551141,97,S1a
cg13403636,97,S1a
cg01743846,97,S1a
cg13937985,97,S1a
cg13819912,97,S1a
cg25118574,97,S1a
cg13576095,97,S1a
cg15806518,97,S1a
cg13484614,97,S1a
cg26477613,97,S1a
cg07980535,97,S1a
cg11027140,97,S1a
cg17680088,97,S1a
cg14037948,97,S1a
cg13515842,97,S1a
cg14620572,97,S1a
cg17755352,97,S1a
cg13345318,96,S1a
cg13968218,97,S1a
cg21186235,97,S1a
cg14476358,97,S1a
cg06960941,97,S1a
cg14206983,97,S1a
cg12819393,97,S1a
cg14428225,97,S1a
cg13476313,41,S1a
cg13442656,97,S1a
cg14143574,97,S1a
cg02853418,97,S1a
cg14219918,97,S1a
cg01786973,97,S1a
cg14090556,97,S1a
cg21249865,97,S1a
cg13949836,97,S1a
cg02992617,97,S1a
cg02835964,97,S1a
cg13912311,97,S1a
cg04043571,97,S1a
cg14199762,97,S1a
cg12490887,97,S1a
cg14458908,97,S1a
cg16666160,97,S1a
cg00691625,97,S1a
cg13661129,97,S1a
cg14509153,97,S1a
cg14156446,97,S1a
cg13886752,97,S1a
cg13539372,97,S1a
cg14171636,97,S1a
cg14568259,97,S1a
cg01246632,97,S1a
cg14590644,79,S1a
cg14046477,97,S1a
cg13409170,97,S1a
cg09538139,63,S1a
cg09007620,97,S1a
cg08758850,97,S1a
cg14377982,97,S1a
cg08173535,97,S1a
cg13884115,90,S1a
cg21224347,97,S1a
cg13601993,9,S1a
cg07753203,97,S1a
cg19915050,97,S1a
cg00375250,97,S1a
cg14405893,97,S1a
cg05554161,97,S1a
cg18506679,97,S1a
cg00992055,97,S1a
cg25574769,97,S1a
cg13662628,97,S1a
cg14462432,97,S1a
cg26014373,97,S1a
cg14103872,97,S1a
cg21222350,97,S1a
cg09257359,97,S1a
cg14343178,97,S1a
cg10503028,97,S1a
cg20704406,97,S1a
cg14522767,97,S1a
cg00541066,97,S1a
cg14366256,97,S1a
cg04388657,97,S1a
cg04761231,97,S1a
cg14293864,97,S1a
cg20645649,97,S1a
cg03916787,93,S1a
cg14287565,97,S1a
cg14199455,97,S1a
cg12788471,97,S1a
cg14191675,97,S1a
cg23323867,97,S1a
cg20029026,97,S1a
cg11797883,97,S1a
cg21214630,97,S1a
cg13546937,97,S1a
cg00771049,97,S1a
cg14168316,97,S1a
cg13481271,97,S1a
cg13674495,97,S1a
cg14452096,97,S1a
cg09227136,97,S1a
cg13478668,82,S1a
cg21215024,97,S1a
cg13856340,97,S1a
cg21220551,32,S1a
cg06351831,97,S1a
cg14509802,97,S1a
cg07779401,97,S1a
cg03150279,97,S1a
cg00483345,94,S1a
cg00685480,95,S1a
cg12252801,97,S1a
cg03801144,97,S1a
cg22078859,97,S1a
cg00620024,97,S1a
cg14320496,97,S1a
cg14222630,26,S1a
cg26753512,97,S1a
cg01211109,97,S1a
cg13273577,97,S1a
cg04402755,97,S1a
cg03283569,97,S1a
cg14461511,97,S1a
cg14294444,97,S1a
cg01733783,97,S1a
cg13769004,97,S1a
cg10997785,95,S1a
cg14412833,97,S1a
cg11557901,66,S1a
cg09672230,97,S1a
cg13813871,97,S1a
cg13843964,97,S1a
cg14566698,97,S1a
cg10660865,97,S1a
cg14523054,52,S1a
cg21235508,97,S1a
cg14556243,97,S1a
cg14237223,97,S1a
cg13854412,97,S1a
cg14204241,97,S1a
cg02598750,97,S1a
cg13763633,97,S1a
cg10173814,57,S1a
cg13446525,97,S1a
cg13433446,97,S1a
cg00748149,97,S1a
cg14078157,97,S1a
cg13590414,97,S1a
cg14055379,97,S1a
cg14101959,97,S1a
cg14536239,97,S1a
cg13844237,97,S1a
cg13412754,96,S1a
cg13488220,97,S1a
cg14597637,97,S1a
cg14146657,91,S1a
cg00666763,89,S1a
cg02242080,97,S1a
cg19169234,97,S1a
cg09155852,97,S1a
cg11299964,97,S1a
cg13587236,97,S1a
cg06842637,97,S1a
cg04794505,97,S1a
cg05135536,97,S1a
cg22455660,97,S1a
cg09429153,97,S1a
cg21193451,97,S1a
cg14051046,97,S1a
cg04739729,97,S1a
cg14288049,86,S1a
cg13982956,68,S1a
cg13671198,97,S1a
cg13479091,97,S1a
cg14185104,43,S1a
cg13813086,97,S1a
cg14011554,97,S1a
cg14468408,97,S1a
cg14136420,97,S1a
cg13800700,97,S1a
cg10308414,70,S1a
cg13593275,82,S1a
cg13946341,97,S1a
cg13595308,97,S1a
cg13903282,92,S1a
cg02213822,97,S1a
cg13838599,97,S1a
cg14036079,97,S1a
cg14457607,97,S1a
cg05232211,97,S1a
cg14575155,97,S1a
cg06086307,67,S1a
cg14069306,97,S1a
cg13861897,97,S1a
cg13521899,97,S1a
cg14515811,97,S1a
cg24765394,97,S1a
cg13995325,97,S1a
cg13960660,97,S1a
cg02677635,97,S1a
cg06381463,97,S1a
cg14215515,97,S1a
cg14409104,97,S1a
cg14155193,97,S1a
cg13600632,97,S1a
cg13916603,96,S1a
cg13618969,97,S1a
cg13585927,97,S1a
cg14251805,97,S1a
cg14388170,95,S1a
cg14521987,96,S1a
cg14319473,97,S1a
cg14294646,97,S1a
cg01487409,97,S1a
cg08241360,97,S1a
cg15282417,97,S1a
cg21208062,97,S1a
cg13493620,97,S1a
cg14443470,97,S1a
cg14365300,97,S1a
cg14017254,97,S1a
cg20224218,97,S1a
cg05520031,87,S1a
cg13676763,97,S1a
cg13467292,97,S1a
cg14443472,97,S1a
cg00141174,97,S1a
cg13984623,97,S1a
cg14588336,97,S1a
cg14027891,97,S1a
cg14162086,54,S1a
cg13827597,97,S1a
cg13991609,97,S1a
cg14625594,97,S1a
cg14369981,97,S1a
cg13841587,97,S1a
cg14392985,97,S1a
cg13604154,97,S1a
cg13619054,97,S1a
cg01027151,97,S1a
cg14082645,97,S1a
cg15751452,97,S1a
cg19337180,90,S1a
cg21182700,97,S1a
cg04965820,94,S1a
cg11825926,97,S1a
cg22599959,97,S1a
cg04392320,97,S1a
cg13653144,97,S1a
cg09660171,97,S1a
cg14355899,97,S1a
cg13601997,97,S1a
cg14537362,97,S1a
cg18115406,97,S1a
cg18453621,97,S1a
cg16827459,97,S1a
cg14236976,97,S1a
cg14071650,97,S1a
cg13466694,95,S1a
cg14325930,97,S1a
cg18055467,97,S1a
cg01159576,97,S1a
cg14642696,97,S1a
cg24382823,34,S1a
cg14204784,97,S1a
cg12777520,97,S1a
cg15689835,97,S1a
cg14225031,97,S1a
cg13979277,97,S1a
cg04693928,97,S1a
cg02609692,97,S1a
cg13600622,97,S1a
cg14473662,97,S1a
cg13530999,97,S1a
cg14210678,97,S1a
cg03893387,97,S1a
cg13661109,97,S1a
cg14398661,97,S1a
cg14246940,97,S1a
cg14125707,97,S1a
cg14635269,97,S1a
cg13420975,97,S1a
cg14409032,97,S1a
cg14100888,97,S1a
cg21249366,97,S1a
cg13634994,97,S1a
cg07119616,97,S1a
cg12697116,97,S1a
cg14042137,97,S1a
cg21156006,63,S1a
cg21176263,97,S1a
cg21182423,97,S1a
cg14655506,97,S1a
cg05351599,97,S1a
cg14443726,97,S1a
cg00232160,97,S1a
cg13452961,52,S1a
cg13571582,97,S1a
cg01351756,97,S1a
cg18263642,97,S1a
cg19662885,97,S1a
cg13718943,97,S1a
cg00975418,97,S1a
cg21251230,97,S1a
cg13977583,97,S1a
cg10805447,97,S1a
cg13567429,97,S1a
cg13814496,97,S1a
cg08251531,97,S1a
cg16284292,97,S1a
cg14408428,97,S1a
cg01938570,97,S1a
cg20118293,97,S1a
cg14280947,97,S1a
cg13608874,97,S1a
cg13807254,97,S1a
cg04208292,97,S1a
cg10610323,97,S1a
cg13916080,97,S1a
cg14266952,97,S1a
cg13650260,97,S1a
cg14360444,97,S1a
cg13496793,81,S1a
cg13595556,97,S1a
cg14283299,97,S1a
cg13568343,97,S1a
cg08433538,97,S1a
cg03986101,97,S1a
cg13834670,97,S1a
cg21232956,97,S1a
cg18410627,97,S1a
cg13931285,75,S1a
cg14200859,97,S1a
cg14383611,97,S1a
cg14306650,42,S1a
cg14460431,97,S1a
cg13458659,97,S1a
cg13856126,97,S1a
cg13508369,97,S1a
cg14281592,97,S1a
cg11213150,97,S1a
cg13662634,97,S1a
cg08076018,97,S1a
cg09427311,97,S1a
cg14497841,97,S1a
cg21165437,97,S1a
cg14322719,88,S1a
cg13743091,97,S1a
cg14025518,97,S1a
cg13445943,97,S1a
cg14394812,92,S1a
cg00403251,97,S1a
cg05029588,97,S1a
cg13593689,97,S1a
cg16083800,88,S1a
cg09681202,97,S1a
cg11746851,97,S1a
cg14592284,97,S1a
cg02737840,97,S1a
cg14591293,97,S1a
cg14183313,97,S1a
cg24666695,97,S1a
cg13539253,97,S1a
cg20864636,97,S1a
cg00342530,97,S1a
cg13802789,88,S1a
cg14654171,80,S1a
cg14074896,97,S1a
cg16909341,36,S1a
cg00114012,97,S1a
cg11312566,91,S1a
cg03804985,97,S1a
cg00757413,97,S1a
cg14018434,97,S1a
cg14250560,97,S1a
cg00577364,97,S1a
cg13692482,86,S1a
cg14479094,97,S1a
cg14654637,96,S1a
cg13773818,86,S1a
cg24293588,97,S1a
cg18360149,97,S1a
cg13886124,97,S1a
cg11488569,97,S1a
cg09445097,97,S1a
cg05081774,97,S1a
cg13894822,97,S1a
cg13632935,97,S1a
cg21173192,97,S1a
cg13981001,97,S1a
cg24046474,97,S1a
cg05840553,97,S1a
cg15648905,97,S1a
cg10027509,97,S1a
cg13736810,97,S1a
cg14519682,97,S1a
cg13969579,97,S1a
cg10049880,97,S1a
cg14563165,97,S1a
cg10188131,97,S1a
cg08438425,97,S1a
cg13676383,97,S1a
cg14012059,97,S1a
cg14583686,97,S1a
cg13495025,97,S1a
cg13591091,97,S1a
cg14139935,97,S1a
cg13724383,97,S1a
cg03270036,97,S1a
cg17739181,97,S1a
cg14601053,97,S1a
cg03228945,97,S1a
cg14231841,97,S1a
cg06712722,97,S1a
cg13521205,97,S1a
cg14408339,97,S1a
cg21169267,97,S1a
cg14538806,97,S1a
cg14409919,97,S1a
cg13881619,97,S1a
cg13429719,97,S1a
cg14360663,97,S1a
cg05514971,97,S1a
cg13598588,97,S1a
cg16549073,57,S1a
cg01785473,97,S1a
cg01596674,97,S1a
cg13443800,97,S1a
cg02707307,63,S1a
cg13845656,97,S1a
cg09697880,97,S1a
cg13895979,97,S1a
cg00560119,97,S1a
cg09332592,97,S1a
cg13643465,97,S1a
cg13885243,97,S1a
cg13673290,97,S1a
cg13771254,97,S1a
cg00552574,93,S1a
cg03258142,97,S1a
cg14085606,91,S1a
cg14377928,97,S1a
cg06836406,97,S1a
cg14551562,97,S1a
cg14213978,67,S1a
cg02036494,97,S1a
cg12833407,97,S1a
cg14644065,97,S1a
cg02054493,97,S1a
cg21753834,97,S1a
cg11810498,97,S1a
cg14305239,97,S1a
cg03917887,97,S1a
cg24121001,97,S1a
cg14058848,97,S1a
cg00864770,97,S1a
cg04955051,97,S1a
cg13680706,97,S1a
cg13874049,97,S1a
cg21169101,97,S1a
cg00995988,97,S1a
cg13514218,97,S1a
cg01597172,97,S1a
cg14392066,97,S1a
cg23371825,97,S1a
cg05261759,97,S1a
cg13704200,97,S1a
cg02096497,97,S1a
cg04057288,97,S1a
cg13884376,97,S1a
cg14188507,97,S1a
cg22105022,97,S1a
cg14582501,97,S1a
cg00449384,97,S1a
cg14571284,97,S1a
cg27331292,97,S1a
cg13883603,97,S1a
cg13828227,97,S1a
cg13737221,97,S1a
cg23313665,97,S1a
cg14413165,97,S1a
cg13599613,97,S1a
cg13537111,97,S1a
cg14565762,97,S1a
cg05122453,97,S1a
cg24545967,97,S1a
cg26920757,97,S1a
cg02771362,97,S1a
cg13514165,89,S1a
cg14286292,97,S1a
cg23233605,97,S1a
cg22170618,97,S1a
cg09987201,97,S1a
cg00340349,97,S1a
cg14339760,97,S1a
cg14041462,97,S1a
cg18823302,97,S1a
cg00188748,84,S1a
cg11973688,97,S1a
cg07295092,97,S1a
cg13492245,97,S1a
cg14363096,97,S1a
cg13761843,97,S1a
cg14055970,97,S1a
cg13458609,97,S1a
cg14185922,97,S1a
cg01937819,97,S1a
cg24910675,97,S1a
cg05050341,97,S1a
cg13483413,76,S1a
cg13888445,97,S1a
cg14488661,97,S1a
cg13747435,97,S1a
cg14578146,97,S1a
cg04207306,97,S1a
cg09092161,97,S1a
cg13615030,97,S1a
cg11714502,97,S1a
cg14005294,97,S1a
cg14533412,97,S1a
cg14219677,97,S1a
cg05634734,97,S1a
cg09745873,97,S1a
cg14435232,97,S1a
cg14168002,97,S1a
cg14464711,97,S1a
cg03083695,97,S1a
cg13914004,97,S1a
cg04460372,97,S1a
cg19509891,97,S1a
cg05517711,97,S1a
cg14202783,97,S1a
cg13939204,97,S1a
cg13653989,97,S1a
cg00677730,97,S1a
cg14518988,97,S1a
cg09706281,97,S1a
cg14081251,97,S1a
cg13687735,97,S1a
cg04416752,96,S1a
cg04444465,97,S1a
cg13846507,97,S1a
cg13944939,97,S1a
cg13886636,97,S1a
cg25732252,97,S1a
cg14244402,97,S1a
cg05023099,97,S1a
cg14137694,97,S1a
cg04457423,97,S1a
cg13838014,97,S1a
cg14062643,97,S1a
cg13422004,97,S1a
cg13721989,97,S1a
cg10082841,97,S1a
cg21158411,97,S1a
cg14146583,97,S1a
cg06765514,97,S1a
cg07134045,97,S1a
cg14507088,97,S1a
cg02021127,97,S1a
cg13668314,97,S1a
cg19113603,97,S1a
cg21190130,97,S1a
cg14586500,97,S1a
cg01205831,97,S1a
cg13464337,97,S1a
cg09665592,97,S1a
cg13259605,97,S1a
cg14132536,97,S1a
cg23006204,97,S1a
cg14395885,97,S1a
cg21181453,97,S1a
cg00921973,97,S1a
cg14343733,97,S1a
cg17308606,97,S1a
cg13707943,97,S1a
cg21222556,97,S1a
cg13761284,97,S1a
cg14504581,97,S1a
cg14080888,97,S1a
cg13692655,97,S1a
cg14604470,97,S1a
cg02009694,96,S1a
cg13558912,97,S1a
cg13805537,97,S1a
cg13992008,97,S1a
cg13910681,97,S1a
cg07954423,97,S1a
cg22582113,97,S1a
cg08157271,97,S1a
cg09023593,97,S1a
cg21173721,97,S1a
cg14425428,97,S1a
cg06096805,97,S1a
cg14190434,97,S1a
cg21169779,97,S1a
cg14399839,97,S1a
cg02431687,97,S1a
cg09296212,97,S1a
cg14554618,97,S1a
cg14067244,97,S1a
cg14061230,97,S1a
cg16224854,97,S1a
cg07688412,97,S1a
cg09729918,97,S1a
cg14039237,97,S1a
cg13983182,97,S1a
cg11884704,97,S1a
cg14554539,97,S1a
cg13835688,97,S1a
cg14612966,97,S1a
cg14294859,97,S1a
cg14522718,97,S1a
cg14213297,97,S1a
cg13491480,97,S1a
cg13786236,97,S1a
cg13653153,97,S1a
cg01311102,97,S1a
cg13880225,97,S1a
cg14092536,97,S1a
cg22863798,97,S1a
cg14324338,97,S1a
cg10218959,97,S1a
cg13833419,97,S1a
cg16020551,97,S1a
cg24730207,97,S1a
cg13518265,97,S1a
cg01871963,97,S1a
cg14615559,97,S1a
cg22438810,97,S1a
cg21157065,97,S1a
cg21209815,97,S1a
cg18771855,97,S1a
cg14108711,97,S1a
cg24912419,97,S1a
cg13637871,97,S1a
cg06722923,97,S1a
cg17617387,97,S1a
cg14140152,97,S1a
cg05992977,97,S1a
cg10071929,97,S1a
cg13642260,97,S1a
cg09976142,97,S1a
cg14217552,97,S1a
cg13833185,97,S1a
cg00407062,97,S1a
cg14532894,97,S1a
cg02494117,97,S1a
cg14207052,97,S1a
cg13309018,97,S1a
cg14409940,97,S1a
cg13316424,97,S1a
cg05826823,97,S1a
cg13939271,97,S1a
cg14297444,97,S1a
cg12558090,97,S1a
cg07814289,97,S1a
cg13613965,97,S1a
cg13432906,97,S1a
cg13766795,89,S1a
cg00894134,97,S1a
cg14191369,97,S1a
cg13246426,97,S1a
cg13673363,97,S1a
cg13718827,97,S1a
cg08858201,97,S1a
cg12582003,97,S1a
cg02611013,97,S1a
cg13942909,97,S1a
cg13614286,97,S1a
cg25590938,97,S1a
cg14253848,97,S1a
cg03544426,97,S1a
cg14319378,97,S1a
cg13609694,97,S1a
cg13471254,92,S1a
cg14458731,96,S1a
cg22344641,97,S1a
cg11980791,97,S1a
cg25632316,97,S1a
cg19857538,97,S1a
cg13501225,96,S1a
cg14193314,97,S1a
cg13588599,97,S1a
cg12076344,97,S1a
cg11893652,97,S1a
cg14139633,97,S1a
cg14257319,97,S1a
cg13463176,97,S1a
cg14359934,97,S1a
cg14128173,97,S1a
cg13576294,68,S1a
cg11893323,97,S1a
cg11116440,97,S1a
cg02978548,97,S1a
cg16418630,97,S1a
cg14630692,97,S1a
cg13654376,97,S1a
cg00321619,97,S1a
cg02362017,40,S1a
cg14525247,97,S1a
cg10404717,97,S1a
cg20413392,97,S1a
cg14467654,97,S1a
cg00654637,97,S1a
cg21205865,97,S1a
cg13434764,40,S1a
cg13610168,96,S1a
cg06619282,97,S1a
cg19324791,97,S1a
cg08325021,97,S1a
cg27627570,97,S1a
cg14248734,97,S1a
cg13889221,97,S1a
cg12867448,97,S1a
cg08923379,97,S1a
cg11914514,97,S1a
cg18382590,97,S1a
cg14501914,97,S1a
cg14153126,97,S1a
cg14308304,97,S1a
cg14037346,97,S1a
cg02524547,97,S1a
cg13294509,88,S1a
cg18878891,97,S1a
cg11205200,97,S1a
cg13880868,97,S1a
cg14146148,97,S1a
cg21211664,46,S1a
cg01182455,87,S1a
cg14328506,97,S1a
cg11007123,97,S1a
cg03243895,97,S1a
cg14165241,97,S1a
cg00877837,97,S1a
cg13508904,97,S1a
cg21193071,97,S1a
cg14560571,97,S1a
cg14606321,97,S1a
cg21100683,97,S1a
cg01220033,97,S1a
cg16037142,97,S1a
cg08370781,97,S1a
cg13639157,87,S1a
cg14445171,97,S1a
cg02393092,97,S1a
cg17701168,97,S1a
cg13830163,97,S1a
cg14097046,97,S1a
cg00801360,97,S1a
cg13827677,97,S1a
cg11628487,97,S1a
cg05229311,97,S1a
cg14185957,97,S1a
cg03859306,97,S1a
cg14361672,97,S1a
cg20593100,97,S1a
cg14204415,95,S1a
cg11056832,97,S1a
cg07950002,97,S1a
cg13708974,97,S1a
cg13548833,97,S1a
cg13550642,97,S1a
cg13735223,97,S1a
cg19973884,97,S1a
cg14554871,97,S1a
cg13487553,97,S1a
cg07750969,97,S1a
cg14063191,97,S1a
cg23003832,97,S1a
cg14473838,97,S1a
cg14364926,97,S1a
cg14424836,97,S1a
cg13762887,97,S1a
cg13545926,97,S1a
cg05824762,97,S1a
cg14614337,97,S1a
cg12777225,97,S1a
cg17617223,97,S1a
cg14600997,97,S1a
cg13919506,69,S1a
cg27625732,97,S1a
cg26461589,97,S1a
cg22361321,97,S1a
cg21188454,97,S1a
cg13682704,97,S1a
cg18773223,97,S1a
cg14411200,97,S1a
cg03564754,97,S1a
cg14052996,97,S1a
cg00228799,97,S1a
cg04621255,97,S1a
cg13630871,97,S1a
cg14026960,97,S1a
cg14562181,97,S1a
cg05688824,97,S1a
cg13771733,97,S1a
cg00475955,97,S1a
cg14645143,97,S1a
cg15610792,97,S1a
cg14337129,97,S1a
cg21168038,97,S1a
cg05715828,97,S1a
cg13996962,97,S1a
cg13752043,97,S1a
cg14112570,97,S1a
cg13962589,97,S1a
cg14484688,97,S1a
cg14443692,97,S1a
cg17156558,97,S1a
cg13766489,97,S1a
cg22257667,97,S1a
cg14219485,97,S1a
cg01847269,97,S1a
cg14380635,97,S1a
cg13937531,97,S1a
cg21198455,97,S1a
cg14206615,97,S1a
cg14520423,97,S1a
cg13707645,97,S1a
cg14625066,96,S1a
cg12754854,97,S1a
cg13367612,97,S1a
cg14153069,97,S1a
cg13613439,97,S1a
cg13022129,97,S1a
cg14299940,97,S1a
cg27514224,97,S1a
cg25092540,97,S1a
cg13812587,97,S1a
cg13846473,97,S1a
cg27388345,97,S1a
cg13755614,97,S1a
cg23255280,97,S1a
cg06437942,97,S1a
cg21160824,97,S1a
cg13554071,97,S1a
cg14626490,97,S1a
cg06318164,97,S1a
cg14105018,73,S1a
cg14256493,97,S1a
cg13392140,97,S1a
cg13667782,97,S1a
cg01319323,97,S1a
cg04394362,97,S1a
cg09431062,97,S1a
cg20548744,97,S1a
cg11526405,97,S1a
cg14575222,97,S1a
cg14244251,97,S1a
cg14190683,97,S1a
cg14637470,97,S1a
cg00729541,97,S1a
cg05378032,97,S1a
cg07523904,82,S1a
cg18517677,97,S1a
cg04317031,94,S1a
cg13500774,97,S1a
cg14188862,97,S1a
cg14052962,97,S1a
cg13721397,97,S1a
cg13455444,97,S1a
cg14020037,48,S1a
cg01027739,97,S1a
cg14599233,97,S1a
cg02002584,97,S1a
cg19864487,97,S1a
cg13430189,97,S1a
cg11184091,97,S1a
cg14355608,97,S1a
cg13854495,97,S1a
cg14126328,97,S1a
cg13649330,97,S1a
cg14214914,97,S1a
cg25587233,97,S1a
cg04653308,97,S1a
cg26805528,97,S1a
cg22192879,97,S1a
cg18197998,97,S1a
cg14497503,97,S1a
cg16375824,97,S1a
cg13429967,97,S1a
cg14415283,97,S1a
cg13533616,97,S1a
cg13978601,97,S1a
cg13557031,96,S1a
cg13908988,97,S1a
cg14069111,95,S1a
cg01942423,89,S1a
cg22002668,97,S1a
cg14376968,97,S1a
cg02513673,97,S1a
cg14375640,97,S1a
cg01949455,97,S1a
cg13775299,97,S1a
cg14405643,97,S1a
cg09559904,97,S1a
cg23057284,18,S1a
cg05753706,97,S1a
cg17885719,97,S1a
cg06508976,97,S1a
cg13109865,97,S1a
cg02068689,97,S1a
cg13538475,97,S1a
cg13455998,97,S1a
cg14546276,97,S1a
cg02885680,97,S1a
cg14549262,97,S1a
cg14069949,97,S1a
cg14016177,77,S1a
cg25400746,97,S1a
cg13636636,97,S1a
cg13630562,97,S1a
cg14168269,97,S1a
cg13850695,97,S1a
cg13540411,97,S1a
cg13583664,97,S1a
cg13937986,97,S1a
cg13905264,97,S1a
cg14315334,83,S1a
cg13566141,97,S1a
cg01987962,97,S1a
cg07118811,97,S1a
cg09975039,97,S1a
cg18588934,97,S1a
cg25073708,97,S1a
cg14121593,97,S1a
cg00118808,97,S1a
cg13693256,97,S1a
cg14470448,97,S1a
cg13917273,97,S1a
cg13579932,97,S1a
cg04649530,97,S1a
cg14125468,97,S1a
cg24184606,97,S1a
cg14262955,97,S1a
cg13980392,97,S1a
cg13883721,97,S1a
cg14340626,97,S1a
cg01888395,97,S1a
cg04681525,97,S1a
cg23300289,97,S1a
cg14025632,97,S1a
cg06272895,97,S1a
cg13589318,97,S1a
cg21240736,97,S1a
cg13803196,97,S1a
cg13883851,97,S1a
cg02016195,97,S1a
cg25989624,5,S1a
cg24700469,97,S1a
cg13507888,97,S1a
cg13839849,97,S1a
cg13733615,97,S1a
cg14334824,97,S1a
cg14624381,97,S1a
cg14143304,97,S1a
cg14448228,97,S1a
cg03160935,97,S1a
cg25983144,97,S1a
cg13696132,97,S1a
cg02338222,97,S1a
cg14454867,97,S1a
cg09778828,97,S1a
cg13874498,97,S1a
cg13855998,97,S1a
cg04137143,97,S1a
cg21226933,97,S1a
cg13523245,97,S1a
cg13617225,97,S1a
cg22552736,97,S1a
cg21205463,97,S1a
cg08875009,97,S1a
cg14398946,97,S1a
cg17256073,91,S1a
cg13493563,97,S1a
cg14193343,97,S1a
cg14145524,97,S1a
cg01124539,97,S1a
cg14648534,56,S1a
cg13789147,97,S1a
cg00220243,97,S1a
cg06752260,96,S1a
cg09135913,97,S1a
cg03916189,97,S1a
cg13537102,97,S1a
cg13540952,97,S1a
cg13549082,97,S1a
cg21234265,97,S1a
cg18327994,97,S1a
cg14182890,97,S1a
cg13596787,97,S1a
cg00553107,97,S1a
cg14215338,97,S1a
cg14015706,97,S1a
cg13405887,97,S1a
cg09731694,97,S1a
cg13723983,97,S1a
cg07724243,97,S1a
cg14023737,97,S1a
cg14641472,97,S1a
cg01781662,97,S1a
cg14254273,97,S1a
cg06388871,92,S1a
cg13964462,97,S1a
cg13992683,97,S1a
cg14305383,97,S1a
cg13622546,97,S1a
cg14057241,97,S1a
cg00632853,97,S1a
cg18909525,97,S1a
cg14143209,97,S1a
cg14164010,97,S1a
cg15852879,97,S1a
cg16543294,97,S1a
cg13425998,97,S1a
cg02205739,97,S1a
cg14288424,97,S1a
cg13483797,97,S1a
cg13977834,97,S1a
cg14253635,97,S1a
cg00608779,97,S1a
cg27563126,97,S1a
cg13434142,97,S1a
cg13820205,97,S1a
cg13643040,97,S1a
cg14540913,97,S1a
cg14842024,97,S1a
cg13496492,97,S1a
cg13494826,97,S1a
cg21162344,97,S1a
cg13778274,97,S1a
cg19988428,97,S1a
cg21203902,97,S1a
cg00656478,97,S1a
cg13610545,97,S1a
cg26266274,97,S1a
cg13713739,91,S1a
cg13562069,97,S1a
cg03980231,97,S1a
cg23644854,97,S1a
cg02118627,97,S1a
cg13836311,97,S1a
cg26672426,97,S1a
cg04831490,97,S1a
cg17683775,97,S1a
cg13972124,97,S1a
cg14299800,97,S1a
cg16026088,69,S1a
cg21060854,97,S1a
cg22284222,97,S1a
cg14222752,94,S1a
cg14305942,97,S1a
cg14600363,97,S1a
cg13824385,97,S1a
cg00469800,97,S1a
cg11222041,97,S1a
cg13448402,97,S1a
cg21374864,97,S1a
cg02802055,97,S1a
cg14248370,97,S1a
cg05952643,97,S1a
cg23300897,97,S1a
cg13529314,97,S1a
cg13367936,97,S1a
cg17509612,97,S1a
cg24475171,97,S1a
cg14059835,94,S1a
cg13953978,97,S1a
cg14044707,81,S1a
cg02278574,97,S1a
cg14262490,97,S1a
cg14099345,97,S1a
cg13751796,97,S1a
cg02756502,97,S1a
cg14467134,97,S1a
cg10363202,97,S1a
cg21235108,97,S1a
cg14181009,97,S1a
cg13777700,97,S1a
cg14360440,97,S1a
cg00300627,96,S1a
cg13668544,97,S1a
cg13593323,97,S1a
cg15287052,97,S1a
cg13466128,97,S1a
cg00449000,97,S1a
cg10531986,97,S1a
cg13412834,97,S1a
cg13399952,97,S1a
cg13503179,52,S1a
cg14259755,92,S1a
cg13913011,97,S1a
cg21188610,97,S1a
cg13916261,9,S1a
cg06901890,97,S1a
cg05582470,89,S1a
cg14421180,92,S1a
cg11980481,97,S1a
cg13530158,97,S1a
cg25179291,97,S1a
cg14465900,97,S1a
cg14247332,97,S1a
cg15112523,97,S1a
cg14371158,97,S1a
cg05045528,97,S1a
cg04060830,97,S1a
cg06615667,97,S1a
cg14552026,97,S1a
cg00426626,97,S1a
cg13577715,97,S1a
cg13393408,97,S1a
cg14633820,97,S1a
cg13406860,97,S1a
cg14056656,97,S1a
cg14588406,97,S1a
cg14452322,97,S1a
cg23771929,97,S1a
cg21225804,97,S1a
cg14275457,97,S1a
cg04665180,97,S1a
cg19009323,97,S1a
cg14563790,97,S1a
cg13414629,97,S1a
cg05251000,97,S1a
cg13461190,97,S1a
cg13774505,97,S1a
cg13734535,97,S1a
cg13426351,97,S1a
cg13463203,97,S1a
cg13390441,97,S1a
cg13714256,97,S1a
cg13784578,97,S1a
cg13888983,97,S1a
cg14405592,97,S1a
cg21218627,97,S1a
cg13483502,97,S1a
cg02840964,97,S1a
cg18217252,97,S1a
cg00505502,97,S1a
cg13806939,97,S1a
cg13616581,97,S1a
cg14560093,97,S1a
cg14170863,97,S1a
cg14341771,97,S1a
cg14444476,97,S1a
cg13613011,97,S1a
cg14372125,97,S1a
cg00575090,97,S1a
cg00070042,97,S1a
cg14362630,97,S1a
cg13496979,97,S1a
cg06289583,97,S1a
cg14085177,97,S1a
cg02442630,97,S1a
cg22791453,97,S1a
cg23282771,97,S1a
cg14350382,97,S1a
cg11045524,97,S1a
cg13597397,97,S1a
cg14010829,97,S1a
cg13835114,97,S1a
cg14388093,97,S1a
cg14529412,97,S1a
cg14016879,97,S1a
cg21228259,97,S1a
cg14053997,97,S1a
cg21199659,97,S1a
cg13445854,97,S1a
cg22320235,97,S1a
cg14567085,97,S1a
cg07392601,97,S1a
cg14533644,97,S1a
cg03215153,97,S1a
cg14928532,97,S1a
cg14201224,97,S1a
cg14530259,97,S1a
cg14373579,97,S1a
cg13547551,97,S1a
cg16525358,97,S1a
cg00571819,81,S1a
cg13986536,97,S1a
cg14431587,97,S1a
cg13609497,97,S1a
cg13839781,97,S1a
cg04411393,97,S1a
cg06404334,97,S1a
cg13465477,97,S1a
cg13891765,97,S1a
cg05082817,97,S1a
cg14236735,97,S1a
cg14192957,97,S1a
cg04150055,97,S1a
cg00665420,97,S1a
cg13931725,97,S1a
cg01621054,97,S1a
cg13795948,97,S1a
cg23342516,97,S1a
cg12539975,97,S1a
cg09191327,97,S1a
cg13928649,97,S1a
cg15700165,97,S1a
cg13726887,97,S1a
cg13943217,97,S1a
cg14161705,97,S1a
cg06108575,97,S1a
cg13500797,97,S1a
cg15033036,97,S1a
cg08924374,97,S1a
cg05730150,97,S1a
cg13920768,97,S1a
cg14278321,31,S1a
cg21231912,97,S1a
cg14614094,97,S1a
cg14552982,97,S1a
cg14079578,78,S1a
cg03867871,97,S1a
cg13791827,97,S1a
cg16799583,97,S1a
cg14638609,97,S1a
cg13660679,97,S1a
cg13771918,97,S1a
cg14462758,97,S1a
cg14280576,97,S1a
cg13822231,97,S1a
cg14205952,97,S1a
cg13467399,97,S1a
cg09952701,97,S1a
cg13609937,97,S1a
cg14567798,97,S1a
cg08417804,97,S1a
cg01493658,97,S1a
cg00168082,97,S1a
cg18986964,92,S1a
cg10228162,39,S1a
cg14362370,97,S1a
cg13449356,97,S1a
cg21195763,43,S1a
cg14483856,88,S1a
cg21156057,73,S1a
cg20174000,97,S1a
cg13611989,97,S1a
cg11464064,96,S1a
cg03494795,97,S1a
cg14578355,97,S1a
cg10288784,97,S1a
cg14102055,97,S1a
cg13670057,97,S1a
cg13509765,97,S1a
cg13440206,97,S1a
cg02915920,97,S1a
cg08951958,97,S1a
cg14270612,97,S1a
cg13672863,97,S1a
cg13938702,97,S1a
cg14142977,97,S1a
cg10803013,97,S1a
cg13847987,97,S1a
cg13803765,97,S1a
cg20511797,97,S1a
cg14270890,97,S1a
cg14119680,97,S1a
cg13406593,97,S1a
cg13397898,97,S1a
cg03924115,97,S1a
cg01000188,97,S1a
cg03900284,97,S1a
cg14297063,97,S1a
cg14366110,97,S1a
cg03192044,97,S1a
cg13609861,97,S1a
cg14511652,97,S1a
cg14182513,97,S1a
cg13656701,97,S1a
cg14447810,97,S1a
cg01860378,97,S1a
cg13744508,97,S1a
cg02530222,97,S1a
cg13718100,97,S1a
cg14578087,97,S1a
cg13450437,97,S1a
cg13801201,97,S1a
cg01026196,97,S1a
cg22851781,97,S1a
cg13930388,97,S1a
cg14532376,97,S1a
cg13447566,97,S1a
cg02385728,97,S1a
cg11549143,97,S1a
cg13478737,97,S1a
cg13921605,97,S1a
cg01120874,97,S1a
cg14626903,97,S1a
cg23152772,97,S1a
cg14519621,97,S1a
cg13033853,97,S1a
cg13484581,97,S1a
cg13554903,97,S1a
cg26396617,97,S1a
cg11443523,97,S1a
cg04265261,97,S1a
cg14065446,97,S1a
cg14068788,97,S1a
cg21235987,97,S1a
cg14290040,97,S1a
cg13468318,97,S1a
cg26964989,97,S1a
cg22367771,97,S1a
cg00224671,97,S1a
cg25817244,97,S1a
cg26491484,97,S1a
cg14447608,97,S1a
cg13810489,97,S1a
cg01394525,97,S1a
cg14616345,97,S1a
cg05074517,97,S1a
cg14091920,97,S1a
cg13461078,97,S1a
cg14018024,86,S1a
cg13549174,97,S1a
cg04901044,97,S1a
cg13902308,97,S1a
cg21181192,97,S1a
cg14615959,97,S1a
cg14551643,3,S1a
cg14006239,97,S1a
cg25954354,97,S1a
cg00688264,97,S1a
cg03776060,97,S1a
cg13776620,97,S1a
cg13771227,97,S1a
cg14293473,97,S1a
cg09553448,97,S1a
cg21213111,97,S1a
cg06944235,97,S1a
cg01131549,97,S1a
cg14176347,97,S1a
cg03811519,97,S1a
cg14321365,97,S1a
cg14295534,37,S1a
cg14548264,97,S1a
cg14155058,97,S1a
cg14611767,97,S1a
cg13401301,97,S1a
cg00524964,97,S1a
cg14424770,97,S1a
cg02888090,97,S1a
cg13718003,97,S1a
cg14289429,97,S1a
cg13935741,97,S1a
cg21207741,97,S1a
cg17936488,97,S1a
cg09445448,97,S1a
cg09374774,97,S1a
cg12998491,97,S1a
cg14331623,97,S1a
cg14068853,97,S1a
cg01185470,97,S1a
cg14066439,97,S1a
cg25570629,97,S1a
cg13459493,97,S1a
cg03251857,97,S1a
cg08175928,97,S1a
cg18636641,97,S1a
cg14118398,97,S1a
cg08043408,97,S1a
cg14224196,97,S1a
cg03372736,97,S1a
cg14274019,97,S1a
cg14031473,97,S1a
cg14011387,97,S1a
cg00015373,95,S1a
cg14393145,97,S1a
cg06157777,97,S1a
cg13396858,4,S1a
cg14263518,97,S1a
cg14550153,97,S1a
cg14222000,97,S1a
cg01802596,97,S1a
cg14163827,97,S1a
cg26664539,97,S1a
cg14264316,97,S1a
cg13543915,97,S1a
cg21236177,97,S1a
cg03242401,97,S1a
cg14468508,59,S1a
cg10660666,95,S1a
cg00964918,97,S1a
cg21178711,97,S1a
cg14118171,97,S1a
cg14450427,97,S1a
cg13471791,97,S1a
cg13971484,97,S1a
cg09549611,97,S1a
cg01220068,97,S1a
cg14221748,97,S1a
cg14365871,97,S1a
cg13637151,97,S1a
cg13751330,97,S1a
cg14403594,97,S1a
cg27024922,97,S1a
cg19900346,64,S1a
cg04981414,97,S1a
cg19022780,93,S1a
cg21195307,97,S1a
cg13534768,97,S1a
cg14032734,97,S1a
cg13989834,97,S1a
cg22466590,97,S1a
cg12894126,97,S1a
cg00149830,97,S1a
cg21229253,97,S1a
cg01470744,97,S1a
cg13629999,97,S1a
cg14352658,97,S1a
cg07957491,97,S1a
cg14496346,97,S1a
cg13825821,97,S1a
cg10310274,97,S1a
cg14600824,97,S1a
cg13747236,97,S1a
cg13555415,97,S1a
cg14020585,97,S1a
cg14485643,97,S1a
cg13781989,97,S1a
cg14645880,97,S1a
cg14576291,95,S1a
cg14126884,97,S1a
cg14310198,97,S1a
cg13655250,97,S1a
cg14162011,97,S1a
cg13543473,97,S1a
cg13714407,61,S1a
cg14505439,97,S1a
cg13784312,97,S1a
cg04086928,97,S1a
cg07285276,97,S1a
cg14237930,97,S1a
cg14519093,97,S1a
cg07709065,97,S1a
cg07118565,97,S1a
cg13689629,97,S1a
cg13651561,97,S1a
cg13732164,97,S1a
cg26129108,97,S1a
cg14522629,97,S1a
cg03069267,97,S1a
cg13993183,97,S1a
cg13584693,97,S1a
cg13773633,97,S1a
cg20559594,97,S1a
cg14466251,97,S1a
cg14593237,97,S1a
cg13511936,97,S1a
cg13559235,97,S1a
cg13643886,97,S1a
cg04049089,97,S1a
cg14335142,97,S1a
cg14188856,97,S1a
cg13921214,97,S1a
cg14255076,97,S1a
cg14209949,97,S1a
cg13706315,97,S1a
cg13415629,97,S1a
cg14461547,97,S1a
cg14578852,97,S1a
cg14504586,97,S1a
cg13880545,76,S1a
cg13608034,97,S1a
cg14300812,97,S1a
cg14409024,49,S1a
cg13628444,97,S1a
cg14617592,97,S1a
cg14287546,97,S1a
cg21187004,97,S1a
cg14573676,97,S1a
cg26228569,97,S1a
cg13544806,97,S1a
cg14187972,97,S1a
cg14108413,97,S1a
cg13928144,97,S1a
cg01944288,95,S1a
cg14288235,97,S1a
cg02503824,97,S1a
cg10290373,97,S1a
cg14354472,97,S1a
cg16785690,97,S1a
cg21224977,97,S1a
cg21252276,97,S1a
cg08302365,96,S1a
cg13986661,97,S1a
cg13783653,97,S1a
cg09359064,97,S1a
cg13409439,97,S1a
cg08108641,97,S1a
cg09059635,97,S1a
cg13951272,97,S1a
cg14453762,97,S1a
cg13971603,97,S1a
cg21168781,97,S1a
cg09496695,97,S1a
cg13720745,6,S1a
cg14259893,97,S1a
cg14518098,97,S1a
cg14044392,97,S1a
cg03653026,97,S1a
cg13846358,97,S1a
cg09477758,97,S1a
cg13422850,97,S1a
cg03604417,96,S1a
cg04199931,97,S1a
cg02502361,97,S1a
cg14408447,97,S1a
cg14467690,91,S1a
cg14261395,97,S1a
cg13531462,66,S1a
cg14484681,76,S1a
cg14582913,97,S1a
cg00360230,97,S1a
cg13689028,97,S1a
cg12085225,97,S1a
cg12766815,80,S1a
cg14087341,97,S1a
cg14039299,97,S1a
cg14446138,97,S1a
cg21207320,97,S1a
cg02735762,97,S1a
cg14176475,81,S1a
cg13684188,97,S1a
cg05061804,97,S1a
cg12271587,97,S1a
cg13866795,97,S1a
cg25344672,97,S1a
cg14584529,97,S1a
cg16894074,97,S1a
cg13927228,97,S1a
cg04038932,97,S1a
cg13810327,97,S1a
cg13642914,97,S1a
cg14489049,97,S1a
cg13676220,97,S1a
cg14067450,97,S1a
cg21190742,97,S1a
cg14248717,97,S1a
cg06943467,97,S1a
cg13633751,97,S1a
cg13499395,97,S1a
cg13947534,97,S1a
cg11101889,97,S1a
cg13867630,97,S1a
cg14070275,97,S1a
cg14013444,97,S1a
cg14062977,97,S1a
cg13563023,97,S1a
cg14502963,96,S1a
cg14633268,96,S1a
cg14218621,97,S1a
cg13464990,97,S1a
cg13725340,94,S1a
cg00352576,97,S1a
cg14291663,97,S1a
cg13756380,97,S1a
cg11685547,97,S1a
cg18736279,97,S1a
cg01862160,97,S1a
cg05067995,97,S1a
cg23340478,97,S1a
cg13732589,97,S1a
cg12622986,97,S1a
cg14375461,97,S1a
cg19363579,97,S1a
cg13646785,97,S1a
cg09771468,97,S1a
cg14266251,97,S1a
cg19793376,97,S1a
cg03337093,97,S1a
cg14131273,97,S1a
cg13875536,97,S1a
cg14651249,97,S1a
cg00668215,97,S1a
cg14192291,56,S1a
cg09811464,97,S1a
cg11996428,97,S1a
cg13444518,97,S1a
cg14125368,96,S1a
cg14487379,94,S1a
cg14012447,97,S1a
cg21243021,81,S1a
cg13389944,97,S1a
cg13039704,97,S1a
cg14501697,97,S1a
cg20603424,97,S1a
cg13986200,97,S1a
cg25297277,97,S1a
cg13849371,97,S1a
cg10676060,97,S1a
cg13771376,94,S1a
cg14239530,90,S1a
cg00153707,97,S1a
cg14192188,97,S1a
cg13667150,97,S1a
cg14245228,97,S1a
cg14364186,97,S1a
cg13811630,97,S1a
cg13653963,97,S1a
cg13838832,97,S1a
cg01719619,97,S1a
cg02565308,97,S1a
cg21225319,97,S1a
cg21235078,97,S1a
cg25130385,97,S1a
cg14000282,85,S1a
cg14075203,97,S1a
cg13525877,97,S1a
cg13544012,97,S1a
cg14011841,97,S1a
cg13393512,97,S1a
cg21195491,97,S1a
cg03191962,97,S1a
cg01102197,97,S1a
cg24293567,97,S1a
cg22257574,97,S1a
cg03382797,97,S1a
cg13869648,97,S1a
cg14283140,97,S1a
cg14322570,97,S1a
cg14564332,67,S1a
cg14211075,31,S1a
cg04648087,83,S1a
cg14267811,97,S1a
cg07738800,97,S1a
cg14350545,97,S1a
cg19350728,97,S1a
cg14061503,97,S1a
cg19393006,97,S1a
cg13767625,97,S1a
cg14457284,97,S1a
cg05001389,97,S1a
cg13899420,97,S1a
cg00629585,38,S1a
cg01909921,97,S1a
cg14293223,97,S1a
cg20143773,97,S1a
cg14475859,97,S1a
cg12658925,97,S1a
cg14020186,96,S1a
cg13853035,97,S1a
cg21219252,97,S1a
cg13715010,97,S1a
cg09095562,97,S1a
cg14590912,97,S1a
cg05659639,97,S1a
cg14155825,97,S1a
cg13604008,97,S1a
cg20188282,97,S1a
cg13824242,97,S1a
cg06866628,38,S1a
cg21191275,97,S1a
cg14283710,97,S1a
cg14229207,97,S1a
cg14550760,97,S1a
cg03693099,97,S1a
cg14078687,97,S1a
cg01007894,97,S1a
cg13814738,97,S1a
cg13523217,97,S1a
cg14541011,97,S1a
cg13471932,97,S1a
cg13793782,97,S1a
cg10585321,97,S1a
cg03299838,97,S1a
cg08052428,97,S1a
cg06974755,97,S1a
cg16872071,97,S1a
cg14535035,97,S1a
cg13753488,97,S1a
cg14586546,97,S1a
cg14468055,97,S1a
cg14103123,97,S1a
cg13520893,97,S1a
cg01413354,97,S1a
cg14099540,97,S1a
cg13416901,97,S1a
cg10094355,97,S1a
cg13708688,97,S1a
cg13664579,97,S1a
cg03474926,97,S1a
cg21222370,97,S1a
cg01408915,97,S1a
cg13477182,97,S1a
cg17014378,97,S1a
cg14209823,97,S1a
cg04703696,97,S1a
cg01169778,97,S1a
cg14653977,97,S1a
cg14472025,97,S1a
cg21244880,97,S1a
cg24340029,97,S1a
cg09513259,97,S1a
cg17355191,97,S1a
cg18089000,97,S1a
cg14492872,97,S1a
cg13892928,97,S1a
cg06361845,97,S1a
cg13912631,97,S1a
cg13040392,97,S1a
cg14194263,97,S1a
cg14341968,97,S1a
cg13531387,97,S1a
cg14600041,97,S1a
cg15538820,97,S1a
cg13952840,97,S1a
cg14248367,97,S1a
cg14183907,97,S1a
cg13980863,97,S1a
cg00878953,97,S1a
cg14440550,97,S1a
cg12020464,97,S1a
cg14639822,97,S1a
cg00017475,97,S1a
cg13850847,97,S1a
cg11879188,97,S1a
cg21160290,97,S1a
cg22535403,97,S1a
cg07241568,97,S1a
cg24267699,97,S1a
cg06818865,94,S1a
cg14271713,97,S1a
cg13616427,97,S1a
cg14047548,97,S1a
cg05776408,97,S1a
cg14611684,97,S1a
cg05000275,96,S1a
cg01832218,97,S1a
cg15003434,97,S1a
cg18718102,97,S1a
cg14560040,97,S1a
cg13465995,97,S1a
cg21172209,97,S1a
cg14165766,97,S1a
cg00829438,97,S1a
cg13455829,97,S1a
cg13912478,97,S1a
cg11011602,97,S1a
cg14268506,97,S1a
cg01472961,96,S1a
cg20017995,97,S1a
cg01605984,97,S1a
cg14557554,97,S1a
cg13529086,97,S1a
cg13454524,97,S1a
cg25307641,97,S1a
cg17083853,97,S1a
cg05565475,97,S1a
cg24770292,97,S1a
cg13709851,97,S1a
cg21241477,97,S1a
cg01309153,97,S1a
cg14651705,97,S1a
cg14071947,97,S1a
cg13663861,97,S1a
cg14379462,97,S1a
cg14055887,97,S1a
cg13660174,97,S1a
cg01790274,97,S1a
cg03912740,97,S1a
cg00605775,97,S1a
cg05523455,97,S1a
cg14035095,97,S1a
cg14476756,97,S1a
cg06821107,97,S1a
cg22244122,97,S1a
cg14018735,97,S1a
cg13898647,97,S1a
cg01044684,97,S1a
cg01318154,97,S1a
cg09420761,93,S1a
cg16112945,97,S1a
cg14349763,97,S1a
cg14802951,97,S1a
cg14647253,97,S1a
cg13822791,97,S1a
cg13892750,97,S1a
cg00115654,97,S1a
cg14206140,97,S1a
cg13413996,97,S1a
cg14110709,97,S1a
cg19123107,97,S1a
cg10570177,97,S1a
cg14083372,97,S1a
cg14524403,97,S1a
cg08004162,97,S1a
cg14654966,97,S1a
cg13561918,97,S1a
cg13963044,97,S1a
cg14035202,97,S1a
cg00411595,97,S1a
cg02257517,97,S1a
cg13410614,97,S1a
cg01099411,97,S1a
cg13947653,97,S1a
cg14082398,97,S1a
cg25512587,97,S1a
cg08397813,97,S1a
cg14237749,97,S1a
cg16190350,97,S1a
cg13951026,97,S1a
cg13620499,97,S1a
cg14416294,97,S1a
cg13474083,97,S1a
cg13808936,97,S1a
cg13601517,97,S1a
cg14415544,97,S1a
cg13568213,97,S1a
cg01263574,97,S1a
cg13739485,97,S1a
cg13699121,97,S1a
cg11896113,97,S1a
cg21202204,97,S1a
cg14389669,97,S1a
cg25580018,97,S1a
cg14201417,97,S1a
cg14355939,97,S1a
cg00698646,97,S1a
cg14083558,97,S1a
cg18783801,97,S1a
cg14378608,97,S1a
cg13464321,97,S1a
cg14280905,9,S1a
cg14126733,97,S1a
cg03654920,97,S1a
cg22731190,97,S1a
cg13872238,97,S1a
cg00742898,97,S1a
cg13459291,97,S1a
cg17320440,97,S1a
cg13748845,97,S1a
cg13469396,97,S1a
cg14206717,97,S1a
cg00473702,97,S1a
cg13908632,97,S1a
cg06868307,97,S1a
cg14584407,97,S1a
cg00055726,97,S1a
cg25744056,97,S1a
cg13814351,97,S1a
cg13692082,97,S1a
cg02490659,97,S1a
cg14452209,95,S1a
cg14493267,97,S1a
cg09069579,97,S1a
cg14527034,97,S1a
cg14018414,88,S1a
cg14554880,97,S1a
cg01896807,97,S1a
cg21223423,97,S1a
cg13649056,97,S1a
cg03262554,97,S1a
cg14413584,94,S1a
cg14341254,97,S1a
cg25020204,97,S1a
cg21181594,97,S1a
cg06708731,97,S1a
cg14301000,97,S1a
cg07824742,97,S1a
cg14581628,97,S1a
cg14368247,97,S1a
cg13521156,97,S1a
cg13651137,97,S1a
cg14138047,97,S1a
cg14572091,97,S1a
cg14313373,86,S1a
cg14379288,97,S1a
cg14284797,97,S1a
cg14524643,97,S1a
cg13811879,97,S1a
cg14001893,97,S1a
cg01490728,97,S1a
cg13717350,97,S1a
cg05493344,97,S1a
cg13458384,97,S1a
cg13709982,97,S1a
cg27114512,97,S1a
cg14141238,97,S1a
cg13716849,97,S1a
cg13686537,97,S1a
cg13644300,97,S1a
cg14163119,96,S1a
cg13826666,97,S1a
cg13541456,97,S1a
cg14360014,97,S1a
cg21122774,97,S1a
cg11466485,97,S1a
cg13836412,97,S1a
cg21223341,97,S1a
cg13754665,97,S1a
cg14415079,97,S1a
cg03024860,97,S1a
cg14030586,97,S1a
cg25268422,97,S1a
cg14421371,97,S1a
cg14074652,97,S1a
cg14069709,97,S1a
cg14125800,97,S1a
cg03095103,97,S1a
cg04999329,97,S1a
cg14237189,97,S1a
cg13954067,97,S1a
cg13535718,97,S1a
cg14377416,97,S1a
cg14499274,97,S1a
cg14234545,97,S1a
cg14266770,97,S1a
cg13928485,97,S1a
cg12747056,97,S1a
cg13947528,97,S1a
cg14448765,97,S1a
cg14415954,97,S1a
cg13896891,97,S1a
cg14254966,97,S1a
cg13829680,97,S1a
cg14157170,97,S1a
cg13600947,97,S1a
cg00788204,97,S1a
cg14392929,97,S1a
cg14521777,97,S1a
cg12277882,97,S1a
cg14311485,97,S1a
cg13725657,97,S1a
cg14137625,97,S1a
cg13402624,97,S1a
cg14308466,97,S1a
cg14485633,97,S1a
cg13935548,97,S1a
cg13860612,97,S1a
cg13860266,97,S1a
cg14091493,97,S1a
cg14012599,97,S1a
cg21157725,97,S1a
cg13751417,94,S1a
cg14350800,97,S1a
cg14629665,97,S1a
cg13506496,97,S1a
cg21158975,71,S1a
cg01845476,97,S1a
cg06128608,97,S1a
cg14398548,97,S1a
cg21245207,97,S1a
cg13944632,97,S1a
cg00282426,97,S1a
cg13424940,97,S1a
cg21123355,97,S1a
cg13755204,97,S1a
cg14069928,97,S1a
cg21245618,97,S1a
cg14405625,97,S1a
cg14254126,97,S1a
cg19466372,97,S1a
cg21266178,97,S1a
cg04582843,97,S1a
cg08814373,97,S1a
cg13964184,97,S1a
cg13799898,97,S1a
cg13134662,97,S1a
cg14425054,97,S1a
cg21171304,97,S1a
cg14384283,97,S1a
cg14295611,97,S1a
cg01361049,97,S1a
cg14703163,97,S1a
cg24595126,97,S1a
cg14276973,42,S1a
cg01399860,97,S1a
cg13789015,97,S1a
cg16688046,97,S1a
cg09318248,97,S1a
cg13835053,97,S1a
cg14547996,97,S1a
cg13415371,97,S1a
cg14276591,97,S1a
cg14354430,97,S1a
cg03043671,97,S1a
cg01294253,97,S1a
cg14462750,96,S1a
cg14587902,97,S1a
cg02577909,97,S1a
cg14040532,97,S1a
cg13880081,97,S1a
cg12231088,97,S1a
cg11050603,97,S1a
cg14037250,97,S1a
cg13718870,97,S1a
cg14434109,96,S1a
cg14472181,96,S1a
cg13773148,97,S1a
cg13758054,97,S1a
cg14199150,97,S1a
cg13894163,97,S1a
cg04648440,97,S1a
cg14050782,97,S1a
cg13648682,97,S1a
cg25569582,97,S1a
cg14252148,97,S1a
cg13495838,97,S1a
cg13482649,97,S1a
cg03473042,97,S1a
cg03243700,97,S1a
cg19047861,97,S1a
cg13694800,97,S1a
cg10604703,97,S1a
cg06198335,97,S1a
cg13587564,97,S1a
cg13770903,97,S1a
cg14581063,97,S1a
cg16619557,70,S1a
cg04372533,97,S1a
cg14335478,97,S1a
cg14321708,97,S1a
cg14563449,97,S1a
cg14021717,97,S1a
cg13633657,97,S1a
cg21193975,95,S1a
cg05393802,97,S1a
cg13898762,97,S1a
cg02892486,97,S1a
cg13956692,97,S1a
cg14360659,97,S1a
cg09854775,97,S1a
cg13536308,97,S1a
cg13628817,97,S1a
cg14411670,81,S1a
cg06638811,58,S1a
cg03997643,97,S1a
cg14487111,97,S1a
cg14569380,97,S1a
cg13453747,97,S1a
cg13451093,97,S1a
cg13727473,97,S1a
cg14477471,97,S1a
cg13592022,97,S1a
cg13567156,97,S1a
cg14541800,93,S1a
cg21243944,97,S1a
cg13613044,97,S1a
cg14187229,97,S1a
cg13900763,97,S1a
cg14572688,97,S1a
cg13485366,97,S1a
cg14321284,97,S1a
cg14384303,97,S1a
cg14621336,97,S1a
cg14651936,97,S1a
cg04329455,97,S1a
cg13936846,97,S1a
cg24341498,97,S1a
cg14204281,97,S1a
cg09800519,97,S1a
cg13978325,97,S1a
cg16408394,97,S1a
cg13689699,97,S1a
cg13510651,97,S1a
cg04875697,97,S1a
cg02319187,97,S1a
cg14462321,97,S1a
cg14570632,97,S1a
cg13687497,97,S1a
cg02059519,97,S1a
cg21201924,97,S1a
cg02127980,97,S1a
cg14236758,97,S1a
cg13677043,97,S1a
cg14468605,97,S1a
cg13786567,97,S1a
cg14121282,97,S1a
cg13941235,97,S1a
cg13847322,97,S1a
cg13931640,97,S1a
cg14051662,97,S1a
cg13595495,97,S1a
cg14154547,97,S1a
cg14265220,97,S1a
cg13487983,97,S1a
cg14545975,97,S1a
cg00753924,97,S1a
cg13865488,97,S1a
cg14654324,97,S1a
cg00545196,97,S1a
cg13005613,97,S1a
cg14051721,97,S1a
cg13413384,97,S1a
cg14344989,97,S1a
cg24164254,97,S1a
cg13425135,97,S1a
cg13061648,97,S1a
cg13746518,97,S1a
cg14022501,97,S1a
cg13638282,97,S1a
cg13449257,97,S1a
cg04522309,97,S1a
cg13513157,97,S1a
cg14282531,97,S1a
cg05290820,97,S1a
cg26430027,97,S1a
cg13976823,97,S1a
cg14507845,97,S1a
cg14506032,97,S1a
cg14335159,97,S1a
cg14604584,96,S1a
cg14299743,97,S1a
cg13956443,97,S1a
cg14447710,97,S1a
cg13430898,97,S1a
cg13478045,97,S1a
cg02369921,97,S1a
cg02690710,92,S1a
cg13699245,97,S1a
cg13969171,97,S1a
cg21170658,97,S1a
cg13948883,97,S1a
cg13429168,97,S1a
cg01753595,97,S1a
cg13499271,97,S1a
cg13754661,97,S1a
cg03298938,97,S1a
cg14252519,97,S1a
cg26024843,97,S1a
cg13496596,97,S1a
cg13618741,97,S1a
cg13885120,97,S1a
cg13698865,97,S1a
cg13516654,97,S1a
cg21229975,97,S1a
cg13984701,97,S1a
cg14021321,97,S1a
cg14482968,97,S1a
cg14228756,97,S1a
cg13749670,97,S1a
cg13816042,97,S1a
cg13579826,97,S1a
cg14454440,97,S1a
cg14355794,97,S1a
cg13639452,97,S1a
cg13438095,97,S1a
cg14194478,97,S1a
cg21170085,97,S1a
cg13717540,97,S1a
cg14070775,97,S1a
cg13913654,97,S1a
cg13987700,97,S1a
cg14113739,95,S1a
cg04568819,97,S1a
cg03430597,97,S1a
cg14399122,97,S1a
cg14525703,97,S1a
cg13969662,97,S1a
cg13865347,97,S1a
cg14091896,97,S1a
cg13917918,97,S1a
cg14227731,97,S1a
cg13775295,97,S1a
cg14548802,97,S1a
cg13756251,97,S1a
cg13803559,97,S1a
cg13389209,97,S1a
cg14274542,97,S1a
cg14356362,97,S1a
cg13714791,97,S1a
cg14656180,97,S1a
cg13852948,97,S1a
cg14237069,97,S1a
cg07300559,97,S1a
cg21212713,97,S1a
cg08029329,97,S1a
cg14350693,97,S1a
cg14622967,97,S1a
cg21208686,97,S1a
cg13854962,97,S1a
cg14198873,97,S1a
cg05329720,97,S1a
cg13605536,97,S1a
cg24354213,97,S1a
cg13596983,97,S1a
cg13562602,97,S1a
cg14186948,97,S1a
cg14207613,97,S1a
cg13567205,97,S1a
cg06021774,97,S1a
cg14581018,97,S1a
cg05328939,97,S1a
cg14340852,97,S1a
cg14582636,97,S1a
cg13602761,97,S1a
cg13701355,97,S1a
cg13649103,97,S1a
cg13910822,49,S1a
cg13624150,97,S1a
cg26164184,97,S1a
cg13794588,97,S1a
cg14127188,97,S1a
cg01748082,97,S1a
cg11884243,97,S1a
cg14033273,97,S1a
cg14437725,95,S1a
cg13490117,97,S1a
cg14099812,97,S1a
cg06244417,97,S1a
cg17357062,97,S1a
cg13709646,97,S1a
cg14370653,95,S1a
cg14273355,96,S1a
cg14208057,97,S1a
cg14602234,97,S1a
cg13823327,97,S1a
cg14633052,97,S1a
cg08268099,97,S1a
cg11163997,97,S1a
cg27286999,97,S1a
cg15829006,97,S1a
cg13565928,97,S1a
cg21175174,97,S1a
cg14509032,97,S1a
cg21248188,97,S1a
cg03590492,97,S1a
cg14417830,97,S1a
cg14484793,97,S1a
cg00014194,97,S1a
cg13683280,97,S1a
cg13914893,97,S1a
cg13882311,97,S1a
cg13484553,97,S1a
cg13859757,97,S1a
cg13971025,97,S1a
cg00948900,97,S1a
cg14190975,97,S1a
cg14549951,52,S1a
cg13822849,97,S1a
cg14263222,97,S1a
cg00155846,97,S1a
cg13811667,97,S1a
cg05392169,97,S1a
cg14233821,97,S1a
cg14152912,97,S1a
cg13982366,97,S1a
cg14373994,94,S1a
cg14377171,97,S1a
cg09223212,97,S1a
cg11890354,97,S1a
cg13922421,97,S1a
cg14166869,97,S1a
cg13533424,97,S1a
cg13590117,97,S1a
cg14116025,97,S1a
cg00423675,97,S1a
cg01240049,97,S1a
cg14007156,97,S1a
cg14118666,97,S1a
cg13867255,33,S1a
cg14108909,97,S1a
cg14299157,97,S1a
cg14404481,97,S1a
cg23858286,97,S1a
cg12376422,97,S1a
cg14023389,97,S1a
cg14290170,97,S1a
cg13977779,97,S1a
cg13998145,97,S1a
cg13873209,97,S1a
cg13818014,97,S1a
cg13861758,97,S1a
cg02428402,97,S1a
cg14372452,97,S1a
cg14091230,97,S1a
cg13499318,97,S1a
cg13555160,97,S1a
cg18877028,97,S1a
cg13807056,97,S1a
cg13593887,97,S1a
cg14425891,97,S1a
cg21203775,97,S1a
cg13562121,97,S1a
cg14590319,97,S1a
cg08809361,97,S1a
cg13932122,97,S1a
cg04424544,97,S1a
cg13947999,97,S1a
cg14410557,97,S1a
cg14517771,97,S1a
cg13731808,97,S1a
cg13688783,97,S1a
cg00303606,97,S1a
cg14048686,97,S1a
cg19499985,97,S1a
cg13705894,97,S1a
cg13850063,97,S1a
cg14011077,97,S1a
cg14372570,97,S1a
cg13783764,97,S1a
cg13210558,53,S1a
cg14102033,97,S1a
cg17536532,97,S1a
cg08423420,97,S1a
cg20324706,97,S1a
cg15769409,97,S1a
cg14267542,97,S1a
cg00766158,97,S1a
cg14578701,97,S1a
cg03936031,97,S1a
cg13539854,97,S1a
cg14952920,97,S1a
cg13506296,97,S1a
cg14113351,97,S1a
cg13780295,95,S1a
cg13821972,97,S1a
cg21213388,96,S1a
cg13845588,97,S1a
cg21010262,97,S1a
cg01678650,97,S1a
cg22587514,97,S1a
cg20473164,97,S1a
cg21249729,97,S1a
cg01326531,97,S1a
cg18776287,97,S1a
cg12438037,97,S1a
cg21179492,97,S1a
cg13958495,97,S1a
cg13422676,97,S1a
cg23815000,97,S1a
cg00040426,97,S1a
cg13941436,97,S1a
cg14109482,97,S1a
cg13902786,97,S1a
cg13831723,69,S1a
cg01055695,97,S1a
cg14532484,97,S1a
cg21170007,97,S1a
cg14457305,97,S1a
cg14006569,97,S1a
cg13651633,97,S1a
cg14585174,97,S1a
cg13559820,97,S1a
cg06155641,97,S1a
cg04354845,94,S1a
cg21214566,97,S1a
cg13659272,97,S1a
cg14648596,97,S1a
cg13555662,97,S1a
cg09437162,97,S1a
cg13708759,97,S1a
cg13769916,97,S1a
cg21183894,97,S1a
cg13558241,97,S1a
cg14393817,97,S1a
cg14159004,97,S1a
cg00332421,97,S1a
cg08092830,97,S1a
cg14413996,97,S1a
cg14578284,97,S1a
cg13692105,97,S1a
cg10949773,97,S1a
cg13796319,97,S1a
cg19402083,97,S1a
cg00681735,97,S1a
cg21178689,97,S1a
cg13728439,97,S1a
cg03358588,97,S1a
cg14341131,97,S1a
cg13481132,97,S1a
cg22110273,97,S1a
cg14122373,97,S1a
cg14163502,97,S1a
cg13772595,97,S1a
cg00820961,97,S1a
cg14315842,97,S1a
cg01421830,97,S1a
cg14224786,97,S1a
cg15901594,97,S1a
cg00445475,97,S1a
cg13402942,97,S1a
cg13463516,97,S1a
cg13971265,97,S1a
cg00342415,97,S1a
cg12570419,97,S1a
cg13504844,97,S1a
cg14120667,97,S1a
cg13730736,97,S1a
cg13973849,97,S1a
cg21164967,97,S1a
cg00108873,97,S1a
cg05960911,97,S1a
cg13537226,97,S1a
cg14528437,97,S1a
cg13872541,73,S1a
cg05213116,97,S1a
cg13551263,97,S1a
cg13739680,97,S1a
cg13805730,97,S1a
cg14435098,97,S1a
cg03593616,97,S1a
cg02629157,97,S1a
cg14628071,97,S1a
cg14284809,97,S1a
cg02457319,97,S1a
cg13473691,97,S1a
cg13720865,97,S1a
cg14655994,97,S1a
cg13945442,97,S1a
cg14116561,97,S1a
cg13442116,97,S1a
cg13954127,97,S1a
cg14002226,97,S1a
cg04927695,97,S1a
cg13775996,97,S1a
cg08022012,97,S1a
cg01841415,97,S1a
cg14310831,97,S1a
cg13806356,93,S1a
cg21227867,97,S1a
cg19807207,97,S1a
cg14387909,97,S1a
cg00157228,97,S1a
cg13593617,97,S1a
cg14604007,97,S1a
cg06677048,97,S1a
cg13420627,97,S1a
cg14305659,97,S1a
cg13423371,97,S1a
cg14283497,97,S1a
cg14461852,97,S1a
cg13563732,97,S1a
cg02802916,97,S1a
cg14395897,97,S1a
cg07784653,97,S1a
cg13765237,97,S1a
cg00744495,97,S1a
cg13445195,97,S1a
cg07166653,50,S1a
cg13937686,97,S1a
cg14393316,92,S1a
cg14046566,97,S1a
cg14020379,97,S1a
cg14479377,12,S1a
cg14160433,95,S1a
cg14086826,97,S1a
cg13929271,97,S1a
cg17792192,97,S1a
cg20414506,97,S1a
cg13557534,97,S1a
cg14590331,97,S1a
cg22098556,97,S1a
cg13932375,97,S1a
cg01241850,97,S1a
cg14461913,97,S1a
cg13845792,97,S1a
cg00022024,97,S1a
cg25200616,97,S1a
cg14214635,97,S1a
cg13744910,97,S1a
cg03717616,97,S1a
cg13852301,97,S1a
cg21230231,97,S1a
cg00549706,97,S1a
cg14348182,97,S1a
cg13593875,97,S1a
cg14352140,97,S1a
cg13883063,97,S1a
cg13428921,97,S1a
cg14354024,97,S1a
cg14040055,97,S1a
cg13620366,97,S1a
cg14452816,97,S1a
cg13594542,97,S1a
cg00655706,97,S1a
cg14617448,97,S1a
cg04179398,97,S1a
cg09507120,62,S1a
cg09446127,97,S1a
cg15229026,97,S1a
cg13980944,97,S1a
cg13567403,97,S1a
cg14246703,97,S1a
cg01674405,97,S1a
cg14559176,97,S1a
cg00844339,97,S1a
cg03683003,97,S1a
cg14148016,97,S1a
cg14243817,97,S1a
cg21170304,97,S1a
cg00829369,97,S1a
cg13734401,97,S1a
cg19519624,97,S1a
cg14453509,97,S1a
cg13518232,97,S1a
cg13534368,97,S1a
cg13493655,97,S1a
cg14402385,97,S1a
cg14203417,97,S1a
cg13780207,97,S1a
cg13501446,97,S1a
cg02134606,97,S1a
cg27408683,97,S1a
cg13959241,97,S1a
cg13549345,97,S1a
cg13798270,97,S1a
cg14253096,97,S1a
cg14333935,95,S1a
cg13849232,97,S1a
cg02493986,97,S1a
cg15052747,97,S1a
cg14147151,97,S1a
cg14175330,97,S1a
cg13781414,97,S1a
cg14242024,97,S1a
cg14618312,97,S1a
cg01612110,97,S1a
cg00648203,97,S1a
cg13923277,97,S1a
cg13979562,97,S1a
cg14350701,97,S1a
cg21229179,97,S1a
cg13978542,97,S1a
cg13588388,97,S1a
cg14152854,97,S1a
cg08763846,97,S1a
cg14126392,97,S1a
cg03587907,97,S1a
cg06412582,97,S1a
cg13742648,97,S1a
cg12004206,97,S1a
cg23699638,97,S1a
cg22747092,97,S1a
cg18768887,97,S1a
cg14609139,97,S1a
cg14155972,97,S1a
cg14292220,97,S1a
cg01935976,97,S1a
cg13672160,97,S1a
cg14469684,97,S1a
cg13857210,97,S1a
cg13483474,97,S1a
cg13813770,93,S1a
cg13656173,97,S1a
cg13692739,96,S1a
cg13517605,97,S1a
cg06788565,97,S1a
cg14014936,97,S1a
cg06588876,97,S1a
cg13637402,97,S1a
cg02668708,97,S1a
cg19539824,97,S1a
cg00573124,97,S1a
cg02539754,97,S1a
cg13808574,97,S1a
cg08100069,97,S1a
cg13785018,97,S1a
cg14561672,97,S1a
cg14632902,97,S1a
cg14121665,97,S1a
cg13641713,95,S1a
cg01396138,97,S1a
cg04026492,97,S1a
cg01781867,97,S1a
cg01629620,97,S1a
cg03213505,97,S1a
cg13506559,97,S1a
cg14384803,97,S1a
cg13830329,97,S1a
cg21184327,97,S1a
cg14237458,97,S1a
cg14149988,97,S1a
cg21177100,97,S1a
cg13649309,97,S1a
cg00273198,97,S1a
cg22051754,97,S1a
cg13504740,97,S1a
cg14217793,97,S1a
cg14231326,97,S1a
cg21229482,97,S1a
cg14046688,97,S1a
cg01355108,34,S1a
cg12533856,42,S1a
cg13831470,96,S1a
cg11390905,97,S1a
cg04455058,75,S1a
cg08164006,97,S1a
cg13808909,93,S1a
cg14300823,97,S1a
cg03705220,97,S1a
cg04393196,97,S1a
cg14362758,97,S1a
cg00522018,97,S1a
cg14381623,97,S1a
cg14277923,97,S1a
cg15833797,97,S1a
cg08967938,97,S1a
cg21192468,97,S1a
cg25952247,97,S1a
cg17270081,97,S1a
cg11580704,97,S1a
cg14492293,97,S1a
cg19746397,97,S1a
cg14605520,97,S1a
cg04298434,97,S1a
cg13658899,97,S1a
cg13614036,97,S1a
cg14573833,97,S1a
cg20300246,97,S1a
cg12250872,97,S1a
cg21174055,97,S1a
cg13807386,97,S1a
cg13778960,97,S1a
cg13586765,97,S1a
cg13681781,97,S1a
cg13784276,97,S1a
cg13532359,97,S1a
cg14529943,97,S1a
cg14631218,97,S1a
cg13914354,97,S1a
cg14228683,97,S1a
cg14215186,97,S1a
cg13441753,97,S1a
cg05517900,97,S1a
cg14249808,97,S1a
cg14136168,97,S1a
cg14094347,97,S1a
cg14169740,97,S1a
cg14599362,97,S1a
cg21232754,97,S1a
cg06942370,97,S1a
cg14265927,97,S1a
cg14150774,97,S1a
cg01071644,97,S1a
cg13513188,97,S1a
cg08938448,97,S1a
cg14005531,97,S1a
cg05672327,97,S1a
cg14180839,97,S1a
cg13435263,96,S1a
cg14218974,97,S1a
cg21252552,97,S1a
cg13425140,97,S1a
cg13436432,97,S1a
cg14221644,97,S1a
cg13709547,97,S1a
cg14397120,97,S1a
cg14015159,97,S1a
cg00367047,97,S1a
cg04484075,97,S1a
cg14202791,84,S1a
cg13683534,97,S1a
cg14164080,97,S1a
cg14418690,97,S1a
cg13731504,97,S1a
cg14479136,97,S1a
cg07324381,97,S1a
cg00055981,97,S1a
cg14934821,97,S1a
cg04305913,97,S1a
cg14555265,97,S1a
cg13521045,97,S1a
cg13957175,97,S1a
cg13905053,97,S1a
cg14471064,97,S1a
cg03607179,97,S1a
cg24336398,97,S1a
cg13792579,97,S1a
cg25884399,97,S1a
cg14213590,97,S1a
cg13799504,97,S1a
cg22984256,97,S1a
cg13598317,97,S1a
cg13948456,97,S1a
cg27478879,97,S1a
cg14186779,97,S1a
cg14040131,95,S1a
cg14350257,97,S1a
cg14271150,97,S1a
cg13705014,97,S1a
cg14489965,97,S1a
cg01108112,97,S1a
cg14130595,97,S1a
cg14258250,97,S1a
cg06304895,97,S1a
cg00900642,97,S1a
cg15067376,97,S1a
cg12603531,97,S1a
cg00853853,97,S1a
cg14035368,97,S1a
cg18033770,97,S1a
cg13446863,97,S1a
cg03065197,97,S1a
cg13652841,97,S1a
cg12605157,97,S1a
cg13988014,97,S1a
cg05416955,97,S1a
cg13572237,97,S1a
cg02516189,97,S1a
cg24793265,97,S1a
cg13784866,97,S1a
cg14615377,97,S1a
cg21253087,97,S1a
cg20776317,97,S1a
cg13491959,97,S1a
cg01428408,97,S1a
cg24812167,97,S1a
cg05562419,97,S1a
cg10786279,97,S1a
cg14108380,97,S1a
cg14115884,97,S1a
cg15651127,97,S1a
cg01080407,97,S1a
cg08367703,97,S1a
cg01568124,97,S1a
cg13915676,97,S1a
cg13747609,97,S1a
cg15583058,97,S1a
cg14631541,97,S1a
cg13560760,97,S1a
cg13570169,97,S1a
cg09987408,75,S1a
cg10109111,97,S1a
cg13740078,97,S1a
cg14316865,97,S1a
cg13536491,97,S1a
cg03083680,97,S1a
cg14209471,97,S1a
cg21249481,97,S1a
cg06486593,97,S1a
cg13526973,97,S1a
cg14119001,97,S1a
cg13611204,97,S1a
cg13706613,97,S1a
cg03646214,97,S1a
cg06669350,97,S1a
cg13741927,97,S1a
cg14169450,97,S1a
cg14415829,97,S1a
cg20471615,97,S1a
cg13975730,97,S1a
cg13766589,97,S1a
cg04285177,97,S1a
cg14445047,97,S1a
cg14024579,97,S1a
cg18285951,97,S1a
cg15214069,97,S1a
cg14613607,97,S1a
cg12830299,97,S1a
cg07874283,97,S1a
cg13306784,97,S1a
cg14523131,97,S1a
cg14215689,97,S1a
cg14450361,97,S1a
cg13855364,97,S1a
cg14180561,97,S1a
cg00998591,97,S1a
cg13783657,97,S1a
cg06700247,97,S1a
cg14256726,97,S1a
cg13458875,97,S1a
cg03721154,97,S1a
cg20311390,97,S1a
cg21233622,97,S1a
cg14311538,97,S1a
cg02455232,97,S1a
cg01428195,97,S1a
cg21193977,97,S1a
cg14373702,93,S1a
cg13442728,97,S1a
cg14622104,97,S1a
cg13972353,96,S1a
cg13452677,97,S1a
cg13879547,82,S1a
cg14554176,97,S1a
cg13463033,97,S1a
cg00261144,97,S1a
cg12294260,97,S1a
cg14456034,97,S1a
cg01695083,97,S1a
cg14394077,97,S1a
cg01275932,97,S1a
cg13407274,97,S1a
cg13153307,97,S1a
cg13820039,52,S1a
cg02071439,97,S1a
cg10735196,97,S1a
cg14311108,97,S1a
cg14651355,97,S1a
cg02062191,97,S1a
cg16989797,97,S1a
cg21559783,97,S1a
cg14512731,97,S1a
cg00787305,97,S1a
cg09642020,97,S1a
cg14343266,97,S1a
cg13428009,97,S1a
cg21226938,97,S1a
cg13888853,97,S1a
cg13934301,97,S1a
cg03348937,63,S1a
cg13613245,97,S1a
cg21245132,97,S1a
cg14528979,97,S1a
cg13593436,97,S1a
cg06338150,97,S1a
cg13468680,97,S1a
cg14570652,97,S1a
cg04387952,97,S1a
cg14554244,97,S1a
cg14364472,97,S1a
cg21181474,97,S1a
cg13856295,97,S1a
cg10835306,97,S1a
cg13463847,97,S1a
cg02406828,58,S1a
cg13669985,97,S1a
cg13876222,97,S1a
cg14334350,97,S1a
cg02407308,96,S1a
cg13537499,97,S1a
cg14178775,97,S1a
cg07688262,97,S1a
cg13798431,97,S1a
cg14479303,97,S1a
cg12566821,97,S1a
cg14225168,97,S1a
cg14205001,97,S1a
cg14488715,97,S1a
cg05784201,97,S1a
cg01220822,97,S1a
cg13415390,97,S1a
cg00184461,97,S1a
cg14114284,97,S1a
cg05019807,97,S1a
cg14494733,97,S1a
cg27154237,97,S1a
cg14120703,97,S1a
cg03152353,97,S1a
cg13996750,97,S1a
cg13659914,97,S1a
cg26779406,97,S1a
cg13725899,97,S1a
cg00407944,97,S1a
cg21179618,97,S1a
cg13951862,97,S1a
cg14217861,97,S1a
cg09073701,97,S1a
cg14410964,97,S1a
cg12076931,97,S1a
cg13861904,97,S1a
cg19687075,97,S1a
cg14303017,97,S1a
cg14240223,97,S1a
cg14091497,97,S1a
cg14392677,97,S1a
cg13547889,97,S1a
cg21234123,97,S1a
cg14363954,97,S1a
cg01909856,97,S1a
cg21296037,97,S1a
cg20042228,97,S1a
cg14473974,97,S1a
cg16829154,97,S1a
cg07658207,97,S1a
cg14169008,97,S1a
cg13902108,97,S1a
cg13732093,97,S1a
cg13509934,97,S1a
cg21252105,97,S1a
cg14031679,97,S1a
cg14424963,97,S1a
cg13868996,97,S1a
cg14085952,97,S1a
cg13951311,97,S1a
cg14223856,97,S1a
cg14360448,97,S1a
cg14420519,97,S1a
cg14057560,97,S1a
cg13435795,97,S1a
cg01626995,92,S1a
cg13936383,97,S1a
cg14520832,97,S1a
cg13534503,97,S1a
cg14276557,97,S1a
cg14061378,97,S1a
cg14064335,97,S1a
cg14365126,97,S1a
cg14233878,97,S1a
cg14233838,95,S1a
cg02538891,97,S1a
cg13732465,97,S1a
cg13036802,97,S1a
cg13900767,97,S1a
cg14568196,97,S1a
cg14143326,97,S1a
cg08972301,97,S1a
cg14166131,97,S1a
cg17443080,97,S1a
cg08529852,97,S1a
cg21184800,97,S1a
cg20997159,97,S1a
cg14353956,97,S1a
cg05936059,97,S1a
cg13425938,97,S1a
cg00501622,97,S1a
cg14435720,97,S1a
cg04074066,97,S1a
cg14548542,97,S1a
cg13669080,97,S1a
cg14083554,97,S1a
cg13633679,97,S1a
cg13642142,97,S1a
cg13859347,97,S1a
cg14464245,97,S1a
cg06255004,42,S1a
cg01813139,97,S1a
cg25537774,97,S1a
cg03571320,97,S1a
cg15720535,97,S1a
cg13422804,97,S1a
cg13850871,97,S1a
cg13475333,97,S1a
cg04533623,97,S1a
cg27314798,97,S1a
cg14282937,97,S1a
cg13817802,97,S1a
cg00876267,97,S1a
cg14221252,97,S1a
cg14604066,97,S1a
cg14484844,97,S1a
cg26270899,97,S1a
cg13593530,91,S1a
cg13565499,97,S1a
cg14436735,97,S1a
cg08719642,97,S1a
cg00470505,97,S1a
cg21218848,97,S1a
cg14235701,87,S1a
cg07078114,95,S1a
cg04523268,97,S1a
cg00953282,97,S1a
cg26944151,97,S1a
cg14172126,97,S1a
cg14361654,97,S1a
cg13587908,97,S1a
cg14279035,97,S1a
cg14547028,97,S1a
cg13776718,97,S1a
cg01740606,97,S1a
cg15670706,97,S1a
cg14149774,97,S1a
cg00396865,97,S1a
cg13810234,97,S1a
cg13739116,97,S1a
cg23395310,97,S1a
cg13444243,97,S1a
cg13491139,71,S1a
cg13735759,97,S1a
cg10434996,97,S1a
cg22588936,97,S1a
cg14052065,97,S1a
cg13731311,97,S1a
cg13754355,97,S1a
cg14640244,97,S1a
cg14494421,97,S1a
cg16463229,97,S1a
cg21157923,97,S1a
cg15799397,97,S1a
cg13523132,97,S1a
cg14633329,97,S1a
cg02522367,97,S1a
cg13790576,97,S1a
cg23469878,97,S1a
cg13752460,97,S1a
cg11873854,97,S1a
cg14611112,97,S1a
cg13544075,97,S1a
cg14527875,97,S1a
cg13801057,97,S1a
cg13764516,97,S1a
cg14145338,97,S1a
cg14240647,97,S1a
cg14482811,97,S1a
cg06617876,97,S1a
cg04986483,97,S1a
cg13839917,97,S1a
cg18648004,97,S1a
cg13659252,97,S1a
cg13872774,97,S1a
cg16536450,97,S1a
cg14164262,97,S1a
cg04408841,97,S1a
cg14297546,97,S1a
cg21173623,96,S1a
cg26056770,97,S1a
cg13648117,97,S1a
cg14014699,97,S1a
cg14375799,97,S1a
cg06654447,97,S1a
cg13799986,97,S1a
cg02232542,97,S1a
cg01152052,97,S1a
cg19795898,97,S1a
cg14310606,97,S1a
cg05627103,97,S1a
cg13722942,97,S1a
cg13934792,97,S1a
cg25591036,97,S1a
cg00577189,97,S1a
cg14412602,97,S1a
cg14377739,97,S1a
cg13392468,97,S1a
cg13730392,97,S1a
cg03736826,97,S1a
cg14432469,97,S1a
cg07516476,97,S1a
cg00234608,97,S1a
cg02772733,64,S1a
cg13728106,97,S1a
cg08055330,97,S1a
cg14408272,97,S1a
cg04912438,97,S1a
cg21175623,97,S1a
cg10880928,91,S1a
cg14224203,97,S1a
cg15032615,97,S1a
cg13552690,97,S1a
cg14080832,97,S1a
cg13589551,97,S1a
cg13807668,97,S1a
cg14250937,97,S1a
cg00489699,97,S1a
cg20684615,97,S1a
cg14020278,97,S1a
cg21163944,97,S1a
cg12986501,97,S1a
cg21175873,97,S1a
cg11453712,97,S1a
cg14245947,97,S1a
cg27152619,97,S1a
cg17963089,97,S1a
cg13789711,97,S1a
cg13443103,97,S1a
cg13443997,97,S1a
cg07432438,97,S1a
cg13639672,97,S1a
cg16777839,97,S1a
cg04023162,97,S1a
cg14162552,97,S1a
cg11185291,97,S1a
cg14290445,97,S1a
cg13883232,97,S1a
cg13615983,97,S1a
cg06711560,97,S1a
cg06872514,97,S1a
cg15619125,97,S1a
cg14594718,97,S1a
cg13697021,97,S1a
cg14375786,97,S1a
cg17185543,97,S1a
cg14570006,97,S1a
cg00138497,97,S1a
cg20935664,97,S1a
cg13884636,97,S1a
cg13551229,97,S1a
cg14433428,43,S1a
cg13823169,97,S1a
cg01999046,97,S1a
cg21236500,97,S1a
cg25068445,97,S1a
cg13731828,97,S1a
cg18380312,97,S1a
cg14507042,97,S1a
cg25078751,97,S1a
cg14604475,97,S1a
cg13947243,97,S1a
cg13614372,97,S1a
cg13502514,97,S1a
cg14003265,97,S1a
cg13597809,97,S1a
cg00827663,97,S1a
cg13461718,97,S1a
cg14041194,97,S1a
cg12766106,97,S1a
cg01953069,97,S1a
cg14333394,97,S1a
cg14406074,97,S1a
cg14593536,97,S1a
cg13625370,97,S1a
cg14623381,89,S1a
cg13826105,97,S1a
cg15473423,97,S1a
cg14024965,97,S1a
cg14357259,97,S1a
cg00693599,97,S1a
cg20042013,97,S1a
cg14353527,97,S1a
cg13550263,97,S1a
cg06202426,97,S1a
cg07670566,97,S1a
cg13994338,97,S1a
cg05656770,97,S1a
cg13714586,97,S1a
cg14410072,97,S1a
cg18556220,97,S1a
cg16920123,97,S1a
cg15139737,97,S1a
cg27500838,97,S1a
cg14126468,97,S1a
cg02332492,97,S1a
cg14218480,97,S1a
cg08303283,97,S1a
cg14148609,97,S1a
cg01514742,97,S1a
cg13493001,97,S1a
cg14328415,97,S1a
cg19534945,97,S1a
cg13875844,97,S1a
cg14411823,97,S1a
cg13820776,97,S1a
cg13917020,97,S1a
cg13973788,97,S1a
cg00563932,97,S1a
cg18502630,97,S1a
cg11546621,97,S1a
cg02156769,97,S1a
cg13796381,97,S1a
cg14608180,97,S1a
cg21240441,97,S1a
cg13602921,97,S1a
cg13561390,97,S1a
cg14476213,97,S1a
cg06516820,97,S1a
cg05548349,97,S1a
cg10149605,97,S1a
cg04859969,97,S1a
cg14348741,97,S1a
cg10129025,97,S1a
cg14404443,97,S1a
cg14118583,97,S1a
cg01126560,97,S1a
cg14159790,97,S1a
cg24307440,97,S1a
cg25499748,97,S1a
cg16025584,97,S1a
cg01039763,97,S1a
cg14408173,97,S1a
cg13423383,97,S1a
cg04471485,97,S1a
cg06204126,97,S1a
cg02189785,97,S1a
cg15387123,97,S1a
cg14534848,97,S1a
cg02656089,97,S1a
cg06400857,97,S1a
cg03349123,97,S1a
cg13795883,97,S1a
cg14280283,97,S1a
cg13930557,97,S1a
cg05775779,97,S1a
cg14343544,94,S1a
cg02663193,97,S1a
cg08216000,97,S1a
cg14398359,97,S1a
cg14173587,97,S1a
cg21157707,97,S1a
cg06471656,97,S1a
cg14625975,97,S1a
cg14328683,97,S1a
cg13959595,97,S1a
cg13476777,97,S1a
cg06048605,97,S1a
cg02820283,97,S1a
cg20850800,97,S1a
cg14341551,97,S1a
cg00785831,97,S1a
cg14485901,97,S1a
cg27558876,97,S1a
cg04723721,97,S1a
cg14151317,97,S1a
cg13845858,97,S1a
cg14105458,97,S1a
cg25934198,97,S1a
cg03698343,97,S1a
cg21120249,97,S1a
cg13561157,97,S1a
cg10620530,97,S1a
cg13832045,97,S1a
cg13970341,97,S1a
cg15428653,97,S1a
cg13806966,97,S1a
cg02971262,97,S1a
cg14205519,97,S1a
cg03630596,97,S1a
cg13757845,97,S1a
cg09305224,97,S1a
cg02679745,97,S1a
cg14642467,97,S1a
cg14028671,97,S1a
cg13803266,97,S1a
cg10664754,97,S1a
cg26581729,97,S1a
cg14190761,97,S1a
cg22952834,97,S1a
cg12611723,97,S1a
cg17902858,97,S1a
cg01034726,97,S1a
cg14024893,97,S1a
cg13779795,97,S1a
cg14136372,97,S1a
cg00708215,97,S1a
cg17018517,97,S1a
cg13247581,97,S1a
cg25483003,97,S1a
cg04823796,97,S1a
cg13981310,97,S1a
cg14295062,97,S1a
cg14044120,97,S1a
cg14285881,97,S1a
cg14607755,97,S1a
cg01448891,97,S1a
cg03180426,97,S1a
cg15785720,97,S1a
cg21066537,97,S1a
cg21241219,97,S1a
cg15733507,97,S1a
cg13960641,60,S1a
cg04582938,97,S1a
cg14006318,97,S1a
cg27336178,97,S1a
cg03040279,97,S1a
cg15396367,97,S1a
cg11611856,97,S1a
cg04545659,97,S1a
cg14264768,97,S1a
cg14557690,97,S1a
cg03717367,97,S1a
cg14395844,97,S1a
cg12336877,97,S1a
cg03261004,97,S1a
cg14604489,93,S1a
cg13669188,97,S1a
cg13614712,97,S1a
cg10706861,97,S1a
cg00000658,97,S1a
cg14244793,97,S1a
cg13712518,97,S1a
cg14578358,97,S1a
cg13907059,97,S1a
cg14015002,97,S1a
cg14289826,97,S1a
cg14649234,85,S1a
cg24840072,97,S1a
cg13649502,97,S1a
cg05534636,97,S1a
cg14423485,96,S1a
cg12905114,97,S1a
cg13575271,97,S1a
cg22419075,97,S1a
cg23999861,97,S1a
cg07172280,97,S1a
cg06223120,97,S1a
cg14004921,97,S1a
cg13944275,97,S1a
cg06231995,97,S1a
cg13519953,97,S1a
cg14178255,96,S1a
cg14538085,97,S1a
cg14384224,97,S1a
cg03109047,97,S1a
cg19404582,97,S1a
cg10538151,97,S1a
cg16850173,97,S1a
cg00350942,97,S1a
cg14317712,97,S1a
cg13416129,97,S1a
cg19794207,97,S1a
cg05514043,97,S1a
cg13701086,41,S1a
cg05492714,97,S1a
cg13463245,97,S1a
cg19365406,97,S1a
cg13824515,96,S1a
cg15122716,97,S1a
cg13759674,97,S1a
cg01569500,97,S1a
cg03882437,97,S1a
cg13448720,97,S1a
cg14055193,97,S1a
cg13016048,97,S1a
cg14331853,97,S1a
cg01049121,97,S1a
cg14022022,97,S1a
cg21250721,97,S1a
cg05850280,97,S1a
cg13718729,97,S1a
cg21233003,97,S1a
cg14220722,97,S1a
cg14009729,97,S1a
cg14350337,97,S1a
cg13861180,97,S1a
cg14351882,97,S1a
cg03206445,97,S1a
cg02035425,97,S1a
cg05736079,40,S1a
cg18894938,97,S1a
cg13696351,97,S1a
cg14117166,97,S1a
cg22580065,97,S1a
cg08300899,97,S1a
cg14545670,97,S1a
cg06574229,97,S1a
cg14417917,97,S1a
cg13659051,87,S1a
cg04822710,97,S1a
cg00013660,97,S1a
cg13579295,97,S1a
cg13963311,97,S1a
cg13523144,97,S1a
cg00850016,97,S1a
cg13667160,97,S1a
cg03231329,97,S1a
cg13953629,97,S1a
cg13526766,97,S1a
cg14513222,97,S1a
cg14604065,97,S1a
cg12349646,97,S1a
cg13580382,97,S1a
cg27291231,97,S1a
cg03804500,97,S1a
cg14189495,97,S1a
cg05081339,97,S1a
cg17276082,97,S1a
cg14457214,97,S1a
cg10467681,97,S1a
cg14386867,97,S1a
cg13851744,97,S1a
cg14537183,97,S1a
cg01333333,97,S1a
cg03041841,97,S1a
cg15859299,97,S1a
cg22068044,97,S1a
cg00486101,97,S1a
cg13969496,97,S1a
cg06886022,97,S1a
cg14144201,97,S1a
cg14214651,97,S1a
cg02394305,97,S1a
cg22719586,97,S1a
cg23897067,97,S1a
cg00745838,96,S1a
cg21186268,97,S1a
cg01870113,97,S1a
cg14608454,97,S1a
cg21327826,97,S1a
cg13552337,97,S1a
cg14442302,97,S1a
cg05337637,97,S1a
cg23155805,97,S1a
cg14650116,97,S1a
cg00093688,97,S1a
cg21191088,97,S1a
cg15106452,97,S1a
cg10853086,97,S1a
cg22425466,97,S1a
cg21231302,97,S1a
cg14404746,97,S1a
cg05433911,97,S1a
cg14199276,97,S1a
cg13825574,97,S1a
cg17457391,97,S1a
cg11656817,97,S1a
cg14044905,97,S1a
cg20621256,97,S1a
cg15073164,97,S1a
cg01349901,97,S1a
cg14315008,97,S1a
cg14027524,97,S1a
cg14363996,97,S1a
cg13519452,97,S1a
cg26681123,97,S1a
cg21964481,97,S1a
cg13505608,97,S1a
cg13701954,97,S1a
cg13512859,97,S1a
cg05036153,97,S1a
cg07620167,97,S1a
cg13431678,97,S1a
cg13716321,97,S1a
cg13540147,97,S1a
cg03085321,97,S1a
cg04544093,97,S1a
cg03431064,97,S1a
cg18836847,97,S1a
cg14010394,97,S1a
cg08013227,97,S1a
cg04476286,68,S1a
cg14417067,97,S1a
cg01927741,97,S1a
cg16882684,97,S1a
cg21174903,97,S1a
cg02663823,97,S1a
cg14244674,97,S1a
cg02068676,97,S1a
cg01273125,97,S1a
cg14397361,97,S1a
cg00594118,97,S1a
cg00203463,97,S1a
cg14389418,97,S1a
cg13487682,97,S1a
cg14559801,97,S1a
cg18769421,97,S1a
cg14585115,97,S1a
cg14372996,97,S1a
cg13993914,97,S1a
cg01099825,97,S1a
cg14395791,97,S1a
cg13763661,97,S1a
cg14367396,97,S1a
cg13085976,97,S1a
cg14560006,97,S1a
cg13977355,97,S1a
cg13877315,97,S1a
cg20034617,97,S1a
cg07717632,97,S1a
cg14409810,97,S1a
cg14018215,97,S1a
cg09381737,97,S1a
cg02219116,97,S1a
cg13754915,97,S1a
cg03183234,97,S1a
cg02956806,97,S1a
cg14391148,97,S1a
cg13274149,97,S1a
cg13416866,97,S1a
cg13389382,97,S1a
cg14548038,97,S1a
cg14201544,97,S1a
cg14023309,97,S1a
cg14061946,97,S1a
cg02844502,97,S1a
cg18798099,97,S1a
cg13738140,97,S1a
cg17819983,97,S1a
cg20913372,97,S1a
cg15504047,97,S1a
cg14513448,97,S1a
cg03342674,97,S1a
cg13600201,97,S1a
cg13882795,45,S1a
cg02252672,97,S1a
cg13897564,97,S1a
cg13865502,97,S1a
cg13716829,97,S1a
cg19427701,97,S1a
cg06109083,97,S1a
cg01594949,97,S1a
cg13601936,97,S1a
cg13905081,97,S1a
cg13468625,97,S1a
cg14579240,97,S1a
cg14305028,97,S1a
cg07001576,97,S1a
cg14328601,97,S1a
cg21210721,97,S1a
cg10962166,97,S1a
cg26787801,97,S1a
cg14502669,97,S1a
cg13694662,97,S1a
cg01549377,97,S1a
cg14004197,97,S1a
cg14020943,97,S1a
cg13408086,97,S1a
cg13606629,97,S1a
cg24954168,97,S1a
cg13710542,97,S1a
cg13489501,97,S1a
cg05488153,97,S1a
cg21242417,97,S1a
cg00561803,97,S1a
cg19005033,97,S1a
cg13961202,97,S1a
cg14139931,97,S1a
cg13835073,97,S1a
cg03345699,97,S1a
cg13916516,97,S1a
cg11619782,97,S1a
cg14589553,97,S1a
cg21174917,97,S1a
cg14614422,97,S1a
cg14433392,97,S1a
cg14483412,97,S1a
cg14602827,97,S1a
cg06054715,97,S1a
cg06323727,97,S1a
cg14256536,97,S1a
cg13985979,97,S1a
cg01544270,97,S1a
cg14495958,97,S1a
cg14404812,97,S1a
cg13830835,97,S1a
cg13852561,97,S1a
cg13764897,97,S1a
cg13942186,97,S1a
cg13562011,97,S1a
cg01596854,97,S1a
cg00077312,97,S1a
cg06433816,97,S1a
cg21251970,97,S1a
cg23928763,97,S1a
cg14095044,97,S1a
cg03168296,97,S1a
cg11790438,97,S1a
cg25397718,97,S1a
cg04837071,97,S1a
cg03383434,97,S1a
cg14435671,97,S1a
cg14305420,97,S1a
cg13761364,97,S1a
cg14066075,97,S1a
cg02076964,97,S1a
cg13709882,97,S1a
cg13912887,97,S1a
cg21195383,97,S1a
cg14046640,97,S1a
cg23606421,97,S1a
cg13521941,97,S1a
cg13476123,97,S1a
cg07276118,97,S1a
cg08011941,97,S1a
cg13956452,97,S1a
cg12179661,97,S1a
cg20899446,97,S1a
cg22336401,97,S1a
cg17361154,97,S1a
cg13573611,65,S1a
cg13788625,97,S1a
cg13704911,97,S1a
cg02923047,97,S1a
cg14567072,97,S1a
cg21158737,97,S1a
cg06438881,97,S1a
cg00537820,97,S1a
cg14334460,97,S1a
cg21241902,97,S1a
cg14384158,97,S1a
cg04622454,97,S1a
cg14140717,97,S1a
cg16629076,97,S1a
cg12883878,96,S1a
cg13728069,97,S1a
cg07571038,97,S1a
cg13829189,97,S1a
cg07772309,97,S1a
cg26831962,97,S1a
cg06419959,97,S1a
cg14029453,97,S1a
cg03464176,97,S1a
cg18559901,97,S1a
cg13857646,97,S1a
cg07672814,97,S1a
cg13558431,97,S1a
cg13416598,97,S1a
cg08298644,97,S1a
cg13918751,97,S1a
cg21165051,97,S1a
cg01701837,97,S1a
cg13801740,97,S1a
cg12149666,97,S1a
cg14450339,97,S1a
cg21177880,97,S1a
cg13628156,97,S1a
cg13659419,97,S1a
cg00698575,97,S1a
cg06299741,97,S1a
cg13698125,97,S1a
cg13882169,97,S1a
cg04990605,97,S1a
cg11128045,97,S1a
cg18274896,97,S1a
cg13906573,97,S1a
cg01972335,97,S1a
cg13706769,97,S1a
cg14359531,97,S1a
cg13939311,97,S1a
cg25812043,97,S1a
cg13461130,97,S1a
cg13936847,94,S1a
cg13892635,97,S1a
cg13771624,97,S1a
cg04683830,97,S1a
cg06715606,97,S1a
cg14222990,97,S1a
cg14502713,97,S1a
cg01894667,97,S1a
cg14304496,97,S1a
cg20093661,97,S1a
cg13573244,97,S1a
cg01111842,97,S1a
cg06919956,97,S1a
cg15636365,97,S1a
cg13691892,97,S1a
cg14370784,97,S1a
cg17959722,97,S1a
cg15473904,97,S1a
cg13716033,95,S1a
cg14443925,97,S1a
cg13979800,97,S1a
cg13938785,97,S1a
cg16351184,97,S1a
cg04742627,97,S1a
cg13499022,97,S1a
cg13411784,97,S1a
cg13889425,97,S1a
cg14411282,97,S1a
cg13987572,97,S1a
cg13653957,97,S1a
cg02970775,96,S1a
cg06378609,97,S1a
cg00466158,97,S1a
cg07687043,97,S1a
cg19954739,97,S1a
cg13928909,97,S1a
cg25384157,97,S1a
cg14451560,97,S1a
cg20393975,97,S1a
cg10091935,97,S1a
cg08720189,97,S1a
cg21235989,97,S1a
cg26374101,97,S1a
cg13741304,77,S1a
cg14135809,97,S1a
cg13459764,97,S1a
cg14498394,97,S1a
cg13216025,97,S1a
cg13982446,97,S1a
cg21225130,97,S1a
cg01719141,97,S1a
cg21251197,97,S1a
cg05616472,97,S1a
cg14526997,97,S1a
cg13791668,91,S1a
cg13710613,96,S1a
cg13555335,97,S1a
cg01595717,97,S1a
cg14610776,97,S1a
cg14156842,97,S1a
cg02645905,97,S1a
cg13922757,97,S1a
cg13407601,97,S1a
cg14032453,97,S1a
cg13987088,97,S1a
cg13628057,95,S1a
cg14620208,97,S1a
cg14595083,97,S1a
cg13983301,97,S1a
cg14077232,96,S1a
cg21197594,97,S1a
cg21163015,97,S1a
cg13868050,97,S1a
cg13434216,97,S1a
cg21230387,95,S1a
cg13725913,97,S1a
cg13842302,97,S1a
cg13437341,97,S1a
cg13435679,97,S1a
cg13649658,97,S1a
cg13632520,97,S1a
cg00004429,97,S1a
cg14459021,97,S1a
cg17942750,97,S1a
cg01219549,97,S1a
cg14050824,97,S1a
cg21195984,97,S1a
cg13551841,21,S1a
cg14469972,97,S1a
cg12872489,97,S1a
cg13394060,97,S1a
cg09830444,97,S1a
cg13957837,97,S1a
cg14495033,64,S1a
cg01535980,97,S1a
cg09879186,97,S1a
cg14209695,92,S1a
cg15150472,97,S1a
cg01756374,97,S1a
cg13832985,97,S1a
cg14168941,97,S1a
cg05795729,97,S1a
cg14181908,97,S1a
cg03523203,97,S1a
cg13551228,97,S1a
cg13395868,97,S1a
cg14539990,97,S1a
cg20813387,97,S1a
cg21244116,97,S1a
cg16391101,97,S1a
cg14064959,97,S1a
cg14115200,97,S1a
cg13856602,97,S1a
cg14626525,97,S1a
cg00265277,97,S1a
cg11198094,97,S1a
cg13466588,97,S1a
cg14500563,97,S1a
cg05250380,97,S1a
cg14635629,97,S1a
cg14452299,97,S1a
cg14427972,97,S1a
cg21176398,97,S1a
cg02849279,97,S1a
cg05863502,97,S1a
cg03912954,94,S1a
cg13960084,58,S1a
cg20669572,97,S1a
cg13678205,97,S1a
cg02606369,97,S1a
cg21181547,97,S1a
cg21248989,97,S1a
cg04961448,97,S1a
cg14353506,97,S1a
cg13425279,97,S1a
cg13939166,97,S1a
cg06972578,97,S1a
cg13721881,97,S1a
cg11827453,97,S1a
cg13610307,97,S1a
cg13405678,97,S1a
cg14502431,97,S1a
cg13436632,97,S1a
cg02483462,97,S1a
cg21216258,97,S1a
cg14380408,97,S1a
cg13890552,97,S1a
cg14040034,97,S1a
cg14140691,97,S1a
cg13406243,46,S1a
cg00378292,97,S1a
cg07982825,97,S1a
cg13782905,97,S1a
cg14491707,97,S1a
cg13811936,97,S1a
cg14022794,97,S1a
