matrix_id,factor,known_methylation_sensitive,motif_length,n_covered,n_blocks,median_abs_delta_m_covered,motif_gc_content,motif_consensus,motif_consensus_cpg_count,coupling_spearman,coupling_partial_gc_distance,coupling_partial_gc_distance_substitution,coupling_ci_low,coupling_ci_high,coupling_p_raw,coupling_q_bh
MA0641.1,ELF4,False,12,1005,177,0.0565650890021665,0.5510048385948497,AACCCGGAAGTG,1,-0.4666443902789449,-0.4664781048133777,-0.5078804028782006,-0.545884152818579,-0.3606713361289593,1.743875422733598e-55,1.793515440954975e-55
MA0156.4,FEV,False,9,2068,220,0.0569576264781447,0.5590689141369262,ACCGGAAGT,1,-0.46569975252067597,-0.46727436804503086,-0.4766069233916534,-0.5300783039065197,-0.4047916456651457,7.984615925745768e-112,8.032948951930669e-112
MA0028.3,ELK1,True,9,1699,209,0.0555138125695044,0.5852323789329597,ACCGGAAGT,1,-0.4123643358405901,-0.41394381518529666,-0.44703356581423814,-0.4885695117789537,-0.33855172861961846,9.740648174699654e-71,9.931875623528113e-71
MA0762.2,ETV2,False,9,2830,232,0.04947961379017875,0.4976472557392766,ACCGGAAAT,1,-0.4090275873165275,-0.4091790818169701,-0.4099182482900296,-0.46170036838814915,-0.35470732850663916,1.3547171132607118e-114,1.3612695539536293e-114
MA1483.3,ELF2,False,10,3110,233,0.05212405385648175,0.5444268910498608,ACCCGGAAGT,1,-0.4014687505661805,-0.4021107104766595,-0.40915777306168866,-0.4572068095048544,-0.35151502983354577,8.607066221864588e-121,8.638251244407576e-121
MA0474.4,ERG,False,10,1381,200,0.0506555077667751,0.5041647262324529,ACAGGAAGTG,0,-0.39945425571466164,-0.3998629142118482,-0.4010398637861813,-0.46112899288417203,-0.32760830256650825,4.7318551345157087e-54,4.902957128157798e-54
MA0765.4,ETV5,False,9,1952,208,0.05706569649618495,0.5803367739898505,ACCGGAAGT,1,-0.38831809397876277,-0.3866199372173288,-0.41516463118012653,-0.45872105005158914,-0.31497938564774597,2.8555366880308408e-71,2.9080281712667017e-71
MA0759.3,ELK3,False,9,1822,195,0.0635935620178801,0.598035798754618,ACCGGAAGT,1,-0.3859427460096282,-0.39228958061035857,-0.4160010755116168,-0.4654045858245437,-0.30419407861947695,8.754921868965432e-66,8.948757777503413e-66
MA0830.3,TCF4,False,8,2400,213,0.0519103960329507,0.7076079209936876,GCACCTGC,0,0.3785149317167785,0.3758843004101817,0.34472351770728255,0.32587130152728133,0.4384091270066386,1.289964399135782e-82,1.312069052242148e-82
MA0062.4,GABPA,False,10,968,185,0.04906157812798945,0.5048625534514356,CACTTCCTGT,0,-0.3769202284905815,-0.3822502212939015,-0.38074551506218285,-0.47085787674696017,-0.29198191955620395,4.874678741619176e-34,5.220177879233937e-34
MA0761.3,ETV1,False,9,1606,213,0.049693463856111106,0.4850785574004641,ACAGGAAGT,0,-0.3757766112443126,-0.3785077270978811,-0.3874632084764529,-0.4464976376922422,-0.30842230741926985,5.021739939455881e-55,5.190380459810743e-55
MA0603.2,ARNTL,False,8,1281,200,0.0504682304598871,0.6083610607207164,GTCACGTG,1,0.3696291685806099,0.36904583085989645,0.33755966172538987,0.2822022425879228,0.44963377524328035,9.503095805670187e-43,9.983656908358945e-43
MA0475.3,FLI1,False,9,4845,244,0.0497083594376068,0.5386671455008707,ACCGGAAGT,1,-0.36945284631207914,-0.3707770693022496,-0.37664346809228977,-0.4177272655776052,-0.32314511879504065,1.4324928337275072e-156,1.4324928337275072e-156
MA2340.1,ZBTB2,False,10,505,108,0.0619181772253467,0.6220588235294118,ACCGGAAGTG,1,-0.3691286736838992,-0.36770480486236967,-0.4428789204611493,-0.5284779588469192,-0.19162734889322822,9.534826132521681e-18,1.1097255624825655e-17
MA0093.4,USF1,True,10,496,134,0.04317681872616555,0.5255968193729104,GTCATGTGAC,0,0.3673032638954907,0.3628150675712042,0.3280414097261928,0.2127451276561133,0.49118529854005727,2.7435785539769165e-17,3.202126093194969e-17
MA0598.4,EHF,False,9,1711,213,0.0493704396402727,0.5067740979316228,CACTTCCTG,0,-0.3654999632271962,-0.3646310089136166,-0.36517354332311364,-0.4260003545093866,-0.2919284207436256,3.2032071781738562e-55,3.306664801319844e-55
MA2332.1,ZNF175,False,9,1161,199,0.0468566021525549,0.47367035281727227,ACAGGAAGT,0,-0.3651864265828176,-0.368165239532942,-0.3729026522930241,-0.44567631051307854,-0.2869957726852777,6.054932346430754e-38,6.409743668641982e-38
MA1572.1,TGIF2LY,False,12,302,109,0.0375183583360962,0.5108873309595695,TGACAGCTGTCA,0,0.36168005084977517,0.3642933061519843,0.3133539825019849,0.18942440173380604,0.47967878069747916,9.17559956175936e-11,1.2007753127278785e-10
MA0760.2,ERF,False,9,2963,230,0.0493291614001512,0.5380853894818192,ACCGGAAGT,1,-0.3602934467467168,-0.36078222733582627,-0.3713878900250808,-0.4087478346348114,-0.29031184092780027,1.607672935344523e-91,1.6272548224985369e-91
MA1992.2,IKZF3,False,9,1803,214,0.0492551592434511,0.5525056306306306,CAGGAAGTG,0,-0.34984005404710733,-0.3502819214235288,-0.37940447112677433,-0.40945961540181386,-0.2827802308494337,4.703959994620662e-53,4.898484656052343e-53
MA0098.4,ETS1,True,9,4282,242,0.0506910844197774,0.5455709844445729,ACCGGAAGT,1,-0.3467719661313548,-0.3476675899610033,-0.35019885144593926,-0.39317044431860293,-0.3000120882931805,2.9745283312131993e-121,2.981704515365704e-121
MA0764.4,ETV4,False,9,4829,239,0.0535033911508997,0.6006751776465344,ACCGGAAGT,1,-0.3440615793148012,-0.3439983801318278,-0.37172335756331853,-0.3941474155622113,-0.2927877903110433,2.8937000871880304e-134,2.8971864728352445e-134
MA0147.4,MYC,True,8,798,163,0.053096397852692545,0.7017246611369614,CCACGTGC,1,0.34284692053642163,0.36389476412195526,0.26356821742697695,0.22697811158265954,0.45969285707859026,1.9865002640709795e-23,2.2217788956163983e-23
MA1571.1,TGIF2LX,False,12,240,94,0.040236050074572705,0.5164268570514918,TGACAGCTGTCA,0,0.3418481808088977,0.34435142263072305,0.2807503652874657,0.18044176825165315,0.47768396998133655,5.5478525253716696e-08,8.088184997515539e-08
MA1420.1,IRF5,False,14,325,126,0.041126507990465,0.4804323879118781,CCGAAACCGAAACT,2,-0.34000901413010604,-0.3430013233888801,-0.33560065964027336,-0.47933334902565766,-0.18276464254789418,3.083983515195295e-10,4.133532743753694e-10
MA0081.3,SPIB,False,13,939,176,0.0484222214727338,0.468540686597944,TCACTTCCTCTTT,0,-0.3392234198086772,-0.3373534455862956,-0.314649415734555,-0.42540771091090296,-0.2242569632020411,1.0191275799232631e-26,1.120231506502952e-26
MA0104.5,MYCN,False,8,939,169,0.0516729369336828,0.7161417322834646,CCACGTGG,1,0.33601122418556467,0.33826375931049296,0.2831777563382442,0.23883553333691915,0.4323947232565233,3.238771507980991e-26,3.5647935405724553e-26
MA1631.2,ASCL1,False,9,2047,208,0.0499388959029865,0.6966961285586311,GCACCTGCC,0,0.33092037131336516,0.32821343523844554,0.32152217056216525,0.26448781334878196,0.3883664583388872,1.665943903838371e-53,1.728338806603853e-53
MA0620.4,MITF,False,10,443,130,0.0361365629740007,0.5136963228812492,GTCACGTGAC,1,0.32939103319500085,0.33718252787856684,0.3196011744080201,0.17291439874522774,0.48342407339076704,1.137555259728183e-12,1.4301186396885325e-12
MA0836.3,CEBPD,False,8,1402,218,0.037869961296810806,0.36269985549806555,TTGCACAA,0,-0.32800048253560177,-0.32657812175516204,-0.3344440785099404,-0.3943805243996346,-0.26948987221730775,1.6122306886319905e-36,1.711064753835484e-36
MA0750.3,ZBTB7A,False,9,1362,188,0.0538621757377333,0.655249738196057,CCGGAAGTG,1,-0.325081173233541,-0.32715544559498666,-0.3708315219780045,-0.4097939932967483,-0.23473671917473934,6.860868472430732e-35,7.328254113868816e-35
MA1949.2,FLI1::DRGX,False,14,901,189,0.0477548192422876,0.4294530544306552,ACCGGAAGTAATTA,1,-0.32067927889742104,-0.3191524927322395,-0.319661317373488,-0.4216497814360969,-0.21528988245827504,5.380539794863229e-23,6.034046652538925e-23
MA0080.7,SPI1,False,13,583,157,0.0485633801918758,0.4634692344984267,AAAGAGGAAGTGG,0,-0.31927383147967237,-0.3086589689105773,-0.28220905819037356,-0.4587354475353063,-0.15415835281596654,2.7859111794696063e-15,3.345508945287923e-15
MA1508.2,IKZF1,False,8,2073,222,0.0488743406452174,0.4117707665537137,AACAGGAA,0,-0.3180807018609347,-0.31812883656115987,-0.31149496446564195,-0.37363375683951616,-0.25695735035342104,5.886580141253353e-50,6.160891810304203e-50
MA0664.2,MLXIPL,False,8,2355,220,0.0496820509728972,0.568228509973074,ATCACGTG,1,0.31575705229905154,0.31936596805599293,0.27395928742982384,0.2448435121783299,0.3819402793875892,1.1226701260374272e-55,1.153200092382079e-55
MA1932.2,ELK1::HOXB13,False,15,1126,194,0.0506403513223434,0.4494377394368335,ACCGGAAGTTGTAAA,1,-0.31542594728152135,-0.31774498428055925,-0.31492329526206114,-0.4038027172006216,-0.22201770469303636,1.9757979692594323e-27,2.1689407033746212e-27
MA0640.3,ELF3,False,9,1666,214,0.04709210586799245,0.5031315359645566,CACTTCCTG,0,-0.31289565005724845,-0.3142495100738151,-0.30975151518968547,-0.3833266396349147,-0.2403843928392577,3.663936459401977e-39,3.868781699825976e-39
MA2329.1,ZBTB11,False,9,1051,178,0.0536614445357839,0.6492997588573548,CACTTCCGG,1,-0.3093133249486449,-0.3124378181719238,-0.3323894748452445,-0.4028218935913769,-0.1987678186140226,9.761471845890964e-25,1.0873703892674787e-24
MA0076.3,ELK4,False,9,4393,239,0.0485477186534364,0.6313853234798392,CACTTCCGG,1,-0.30563154348338356,-0.3055057521988654,-0.3109495874958982,-0.3646429057017784,-0.24344773713418016,1.2288307349426177e-95,1.240775626655304e-95
MA0499.3,MYOD1,False,9,1721,204,0.0448006426326199,0.619355120841958,GCACCTGTC,0,0.3040841000180103,0.3076867916557711,0.22348354887876298,0.22282055278337393,0.37701856193254035,3.8150514468850434e-38,4.0334704228517445e-38
MA1933.2,ELK1::SREBF2,False,15,366,105,0.0569818035451111,0.602405171429988,CCGGAAGTGGCGTGA,2,-0.29978953265817726,-0.30353999370237816,-0.2832339877500673,-0.47322047493607855,-0.08798271003515763,4.892012257918611e-09,6.86699693636886e-09
MA0692.2,TFEB,False,8,5279,234,0.0463032756077073,0.5802645390134122,CACGTGAC,1,0.29927841122910076,0.3012054840787697,0.2612056738991244,0.2540995448222833,0.34917962551310694,1.093775880548172e-109,1.101730614224886e-109
MA1940.2,ETV2::DRGX,False,12,1053,197,0.0426174665584224,0.3885738416752867,CGGAAGTAATTA,1,-0.29727490148275837,-0.297282914435987,-0.30125950475694274,-0.38622454201597134,-0.20328154869790957,6.277808487982036e-23,7.049809261504152e-23
MA1466.2,ATF6,False,13,203,84,0.065136170726757,0.5781730866516437,TGATGACGTGGCA,1,0.2966985784702644,0.31586218960289214,0.31243508785776736,0.1291707505421384,0.45015410185582405,1.720454349048275e-05,2.923716899916394e-05
MA0473.4,ELF1,False,9,1352,200,0.0481696339157289,0.5361493142050384,CAGGAAGTG,0,-0.2956425227034061,-0.29713325875537455,-0.2994543852139537,-0.37665632049800746,-0.21010380999734968,1.1233157189022679e-28,1.2202292319056007e-28
MA0823.1,HEY1,False,10,1580,184,0.0595252077944836,0.6872512856858088,GACACGTGCC,1,0.2888210262384032,0.2879567670989726,0.24086477042540552,0.18862825549630047,0.3783087740820111,9.829905202108245e-32,1.060863795188565e-31
MA0636.1,BHLHE41,False,10,449,120,0.0459271497154354,0.5890457456352907,GTCACGTGAC,1,0.2881091930181212,0.283160311172591,0.20874105663717854,0.1580025013289153,0.41504227885326334,4.962525135787784e-10,6.68372510184708e-10
MA0686.2,SPDEF,False,10,2805,230,0.052117060030171,0.56141431566691,ACCCGGATGT,1,-0.28432631784796086,-0.28437187672326625,-0.3066531776906557,-0.34693257812103134,-0.2246983723525846,2.5954700874161713e-53,2.6960445533035476e-53
MA0844.2,XBP1,False,11,714,155,0.060876305140455,0.5805839327554326,GCCACGTCATC,1,0.28431211431778763,0.2711875414802291,0.31930809736853044,0.1595759880673837,0.4039605459827118,9.625916027217407e-15,1.1626651480548934e-14
MA1117.2,RELB,False,7,1083,193,0.0473550461108347,0.5650258280158007,ATTCCCC,0,-0.28426254248414323,-0.2856445594875047,-0.2988244902916032,-0.37256674549053015,-0.18760591847227207,1.4078181505474062e-21,1.5960394039630213e-21
MA0871.3,TFEC,False,8,1397,203,0.0512810336884297,0.6142828615787711,CACGTGAC,1,0.2752924044645325,0.2843762963171222,0.2592011493986493,0.18750272583122132,0.37493410368364083,1.029076956214031e-25,1.134168369514403e-25
MA0829.3,SREBF1,False,10,502,150,0.04028542000750205,0.45665079809577147,ATCACCTGAT,0,0.27522520328608546,0.27321869478503524,0.19789421100329505,0.15291746385234242,0.395701938282066,3.5486210971076823e-10,4.771689533489457e-10
MA0464.3,BHLHE40,False,8,1805,207,0.0489799302406468,0.6123684884602769,TCACGTGA,1,0.27346526932726634,0.28290555365004844,0.2123794949821816,0.19250512839511436,0.34637081243372847,2.5267017743859623e-32,2.7162861248573544e-32
MA0051.2,IRF2,False,16,332,134,0.04336903213832005,0.4182692307692307,GGAAAGCGAAACCAAA,1,-0.27224785479194985,-0.2712183470563874,-0.31308608412551764,-0.4362544100676821,-0.11991746770462187,4.7202254837251074e-07,7.277379178062272e-07
MA1954.2,FOXO1::ELK1,False,13,1071,201,0.0481826145959303,0.4363038529417197,ATCAACAGGAAGT,0,-0.26844170234129067,-0.26866329022179686,-0.2785870946518489,-0.35636650686832055,-0.17118319171044702,3.913572065002653e-19,4.504402196699729e-19
MA1489.1,FOXN3,False,8,255,116,0.0297943284876121,0.25925925925925924,GTAAACAA,0,-0.2672039720848569,-0.2834446961321067,-0.30143678138057345,-0.4392006139943887,-0.0921161802256024,1.5264548054705095e-05,2.58347035304683e-05
MA0831.3,TFE3,False,10,1083,190,0.0472886752134245,0.557607061149602,GTCACGTGAC,1,0.2611398495590594,0.2547459120491525,0.20643854333715633,0.1804704168582387,0.34240936738187,2.4163824672862955e-18,2.8084109514893866e-18
MA1545.2,OVOL2,False,7,1831,217,0.0570891494867342,0.46506498133013835,ACCGTTA,1,-0.26056743352861217,-0.2516305331050729,-0.24196515001683438,-0.3322066924812035,-0.17430032613044658,8.454446789605884e-30,9.17186068167427e-30
MA2325.1,EPAS1,False,9,942,165,0.05615103654728355,0.6594730455884902,CGCACGTAC,2,0.2597945264589869,0.2592029884268725,0.23493672533753707,0.16385606391665225,0.35833296034165113,5.381743019256135e-16,6.388897784288354e-16
MA0004.1,ARNT,False,6,750,157,0.0546326129547092,0.6349206349206349,CACGTG,1,0.25624787653410014,0.2696910871709786,0.19540681319466754,0.11956998513437908,0.36442844521206486,1.0390415756030295e-12,1.30232812869701e-12
MA0748.3,YY2,False,7,1216,180,0.05280501351290475,0.697946663327908,ATGGCGG,1,0.25618396078530775,0.24952530241023924,0.23020474416503517,0.16584516705031488,0.34523566706187025,1.1249844504088143e-19,1.2876888130712462e-19
MA1958.2,HOXD12::ELK1,False,13,354,128,0.036269907842899504,0.4216666600460971,CGGAAGTCGTAAA,2,-0.2555812089806046,-0.25155190484968354,-0.30203150978349863,-0.3775216152119787,-0.10445461314322832,1.0997674765083155e-06,1.7211050338576461e-06
MA0048.3,NHLH1,False,9,3661,230,0.0456730560088294,0.6905034151361126,CGCAGCTGC,1,0.25472327356207586,0.2544424969267877,0.18807907466429366,0.20685967181942005,0.30104518029906263,2.5758663476364947e-55,2.6524720382725243e-55
MA1648.2,TCF12,False,7,1837,206,0.0530452997477151,0.7093023255813954,CACCTGC,0,0.25390843834337634,0.2528723384548183,0.2302060631186745,0.17240992879529154,0.3300796525068823,2.0309173117929657e-28,2.211916495543846e-28
MA0821.2,HES5,False,10,1012,159,0.0527804842649232,0.6980515591589694,GGCACGTGCC,1,0.2524333404547151,0.253434485884465,0.18806389550780397,0.12034338118724355,0.3693214717797901,3.5540882466632215e-16,4.2012053100670515e-16
MA0101.1,REL,False,10,2635,225,0.0397240211842397,0.5555555555555556,GGGGATTTCC,0,-0.25185940933918444,-0.25203578979378166,-0.24986400336880685,-0.30445724427787313,-0.19253780563232165,2.0840768117982354e-39,2.1978018154877328e-39
MA1620.2,PTF1A,False,8,1637,205,0.0442036233161595,0.5563180139914496,ACACCTGT,0,0.25163911496132685,0.2541700945017542,0.2002448170256691,0.17301518033236796,0.3314023410543638,4.629041777114111e-25,5.135826057118593e-25
MA0058.4,MAX,True,6,3766,234,0.05188619408592335,0.6577462439089322,CACGTG,1,0.25115156102810005,0.2562757830584645,0.21280989528293354,0.19646261788480363,0.305309749118397,2.8780716292360154e-55,2.9673418410609536e-55
MA1474.2,CREB3L4,False,10,1494,205,0.0569818035451109,0.6095735742922803,GCCACGTCAC,1,0.25089684877862545,0.25228889255242143,0.2604264233620832,0.15564888354753675,0.3333908440661833,7.02348274476099e-23,7.897854074284686e-23
MA0107.1,RELA,False,10,1034,184,0.041085463278533,0.5631578947368421,GGGAATTTCC,0,-0.24936855088894605,-0.2481003169482706,-0.26001722042067876,-0.3465450319498992,-0.14149105880637902,4.02322710364305e-16,4.769331987342902e-16
MA1570.1,TFAP4,False,10,6193,243,0.0425133773921295,0.4357230788730703,AACATATGTT,0,0.24816108151491317,0.24930066225888464,0.22351611070292032,0.2042601323874981,0.29318714672802837,1.4465395301257355e-87,1.4677342485158562e-87
MA0797.1,TGIF2,False,12,214,89,0.0413166321183249,0.48780127917435173,TGACAGCTGTCA,0,0.24653743029663727,0.24482052948212785,0.16406393078050346,0.062255588016054096,0.3997086534838804,0.0002707567156220981,0.0005160523639494575
MA0043.4,HLF,False,9,1039,205,0.0360752302651676,0.2767542363243489,TTATGCAAC,0,-0.2456649366419295,-0.2457710879362134,-0.29340894514052235,-0.34259273721891476,-0.13558622997207007,9.548867013269155e-16,1.136835026937918e-15
MA1108.3,MXI1,False,6,3522,237,0.0426782825981462,0.5035602521656312,CACATG,0,0.2445081732243866,0.2411009138097271,0.24161276711377663,0.20057354538081384,0.29310196661054516,4.157839647529745e-49,4.3570803872600484e-49
MA0838.1,CEBPG,False,10,2141,230,0.0406294772108948,0.426461517904756,ATTGCGCAAT,1,-0.24356139222327747,-0.2434335381848453,-0.2427918916993042,-0.3090630820328604,-0.17532318155889187,2.767433047093637e-30,2.9905550873014465e-30
MA0862.1,GMEB2,False,8,1300,204,0.04513133587163315,0.41273883796894084,TTACGTAA,1,-0.24222643762532048,-0.24340572170895058,-0.22302095921193002,-0.32962099037520903,-0.16521485536919409,8.188316530796755e-19,9.463826199015442e-19
MA0839.2,CREB3L1,False,13,397,126,0.0586320636167483,0.578733180291612,TGCCACGTCATCA,1,0.24055908860191152,0.2397442720213278,0.21548965426678243,0.07618488221316906,0.3889827195036801,1.2384387094409518e-06,1.9528321964808937e-06
MA0745.3,SNAI2,False,8,1600,206,0.045971102730403,0.6083904445948011,GCACCTGT,0,0.23981768747420673,0.24443615317282866,0.18895313950053755,0.15395927509839896,0.32220952228509964,2.301748084640536e-22,2.5988487205656054e-22
MA1100.3,ASCL1,False,8,7152,242,0.0456275601477722,0.6529351406215579,GCAGCTGC,0,0.23489758463032326,0.23716948755012576,0.19212246195988678,0.20158418188069913,0.26994669814126765,3.0265499485412766e-90,3.067150008826586e-90
MA1728.2,ZNF549,False,8,2148,204,0.048396980750621,0.7360967274233637,TGCTGCCC,0,0.23408847785653292,0.24031872621023753,0.21864782347707865,0.1671491561427856,0.3057951255011096,3.994777588063378e-28,4.362234133614542e-28
MA0259.2,ARNT::HIF1A,False,5,1412,207,0.042802918880985946,0.6447619047619048,ACGTG,1,0.23365499677082102,0.24055021440840554,0.209925836992634,0.1441000805138582,0.3076553457094404,5.810760494308617e-19,6.706586070514528e-19
MA0734.4,GLI2,False,9,1504,192,0.0453173283264827,0.6781878147702456,GACCACCCA,0,0.23361016943692015,0.2365358438415752,0.1748198656296955,0.15056845717002446,0.31760572256220876,4.330701600511833e-20,4.9502242503787254e-20
MA0645.2,ETV6,False,9,6768,245,0.04630634892851855,0.5830577608710961,GCGGAAGTG,1,-0.23291135091396312,-0.23333566539556513,-0.23037517389080278,-0.27525472410672375,-0.18481682541829492,4.714382194200285e-84,4.789305138606891e-84
MA1943.2,ETV2::HOXB13,False,13,2169,228,0.0426638369250214,0.4150999796631108,CCGGAAACATAAA,1,-0.23195212911342394,-0.2333224758265927,-0.22564926073925853,-0.2998528689768048,-0.15632335086691182,6.946061280526977e-28,7.604976184608589e-28
MA1657.2,ZNF652,False,9,771,181,0.0408032283754922,0.29610024603559437,AAGAGTTAA,0,-0.23154550400720145,-0.2435988975434208,-0.2583165806750833,-0.3292495661211933,-0.12831834874144632,7.641038689357812e-11,9.9525127756369e-11
MA1635.2,BHLHE22,False,6,2706,221,0.0487185485269952,0.6677470901200269,CAGCTG,0,0.23147802854683358,0.23928278754473642,0.16986287015848744,0.17537280816293244,0.2855501120712975,3.0391575481803798e-34,3.2503731306794023e-34
MA0649.2,HEY2,False,9,4169,233,0.0516699198719354,0.670204038465497,GACACGTGC,1,0.2313555022760352,0.23400415282888135,0.17050267812850584,0.17591401305901805,0.2788052878176557,8.891094289516755e-52,9.282034365060833e-52
MA1518.3,LHX1,False,10,544,160,0.0362613335093578,0.3263736263736264,GCTAATTAGC,0,0.23031559368130042,0.22313362874219636,0.1972782712509772,0.08078046231331684,0.3390382297474196,5.551285484777464e-08,8.107413423286595e-08
MA1109.2,NEUROD1,False,8,1821,221,0.0412447661246195,0.5470871660096364,ACAGATGG,0,0.22999110483039648,0.23348270919440234,0.20229485927286509,0.1643871508560374,0.29571317861577673,2.752977738456446e-23,3.083186658567799e-23
MA0819.3,CLOCK,False,7,4588,236,0.0447493839632837,0.5789189063025787,ACACGTG,1,0.2292373543734755,0.229443121457249,0.19733027891430419,0.18370040365555312,0.27835719377914625,8.975679045082127e-56,9.208381835139812e-56
MA1937.2,ERF::HOXB13,False,13,2592,232,0.0413794309905073,0.4113918304940763,CGGAAGTCGTAAA,2,-0.22899223302848576,-0.22934453064942148,-0.2291623894134334,-0.2935335761288829,-0.164081759638489,3.4647350550749974e-32,3.734364242240367e-32
MA0009.2,TBXT,False,16,299,113,0.0497154233176546,0.467843368243679,TCACACCTAGGTGTGA,0,-0.22727398983455083,-0.2251932922498403,-0.24324016135780183,-0.3593153740905728,-0.0788895685771239,7.324549373101279e-05,0.00013089678557090672
MA1990.2,GLI1,False,10,780,162,0.04802360782728746,0.6301948051948052,AGACCACCCA,0,0.2249032341832005,0.2245570622625503,0.18794718348022163,0.10141007586178252,0.353980982807217,2.115801677133226e-10,2.8176781950283825e-10
MA1957.1,HOXB2::ELK1,False,14,719,177,0.0529840475437755,0.4816361353751977,ACCGGAAGTCATTA,1,-0.2212480067050293,-0.22005132195178592,-0.22351345055050315,-0.3380247357210309,-0.08841816907408714,2.0132859253666512e-09,2.751711519703433e-09
MA0526.5,USF2,True,10,671,155,0.0496463669078446,0.5544755933380175,GTCACGTGAC,1,0.2210435760062088,0.21841301543819236,0.24068562361464127,0.10298757577513398,0.3456706487627059,7.169962568363505e-09,1.0185023750957389e-08
MA0102.5,CEBPA,False,10,868,197,0.035123740138600146,0.33441724469647105,ATTGCACAAT,0,-0.21923487341697118,-0.21863538875068758,-0.24310882741591555,-0.30223943159547173,-0.130078382376463,6.605653625087709e-11,8.563647679325875e-11
MA1969.2,THRA,False,18,420,126,0.04906511611131045,0.5437158469945356,GTGTCCTCATGTGACCTC,0,0.21871414116427926,0.1887347398336744,0.16811489294966564,0.0349124992882015,0.3809792437594323,6.07294558961208e-06,1.0053023476031152e-05
MA0059.2,MAX::MYC,False,10,454,122,0.0514343847559579,0.6090909090909091,ACCACGTGGT,1,0.21847980938425543,0.23313447549883762,0.18520613120621915,0.06831983037999709,0.3542714924450602,2.6109831682713656e-06,4.196764048033859e-06
MA1942.2,ETV2::FOXI1,False,11,4979,244,0.0420475595854246,0.4528485309643395,AAACAGGAAGT,0,-0.21801971691862918,-0.21829704327268665,-0.21544256113997218,-0.26777417955361327,-0.16518350781633634,1.2070777570074806e-54,1.249167641436135e-54
MA1544.2,OVOL1,False,10,881,193,0.0554665722132894,0.38731505483695805,AAACCGTTAT,1,-0.2172793370554674,-0.21573702530595204,-0.2207807517163633,-0.3492710194005066,-0.08089259379132302,7.121490369357378e-11,9.26128090287321e-11
MA0161.3,NFIC,False,7,826,180,0.04843874925004435,0.5667827606576745,CTTGGCA,0,-0.21675429565461074,-0.22447820868372903,-0.22673385343425714,-0.3148686037599253,-0.10028597580227121,3.0716526838693184e-10,4.1103758136801987e-10
MA0596.1,SREBF2,False,10,1601,195,0.0415595585112265,0.5395833333333334,ATGGGGTGAT,0,0.2160470102552585,0.21738906908724062,0.18588239389753028,0.14481686814999534,0.2846225522387507,2.305225548594376e-18,2.675478255421685e-18
MA1952.2,FOXJ2::ELF1,False,11,4968,245,0.041037151106132,0.42122907704608076,AAACAGGAAGT,0,-0.21529872056638405,-0.2158892600780944,-0.22185889332377198,-0.26671120905659274,-0.16671080698345928,3.4515235003253804e-53,3.5897572325036186e-53
MA0006.2,AHR::ARNT,False,5,3859,237,0.0447493839632837,0.764,GCGTG,1,0.21118505552922986,0.22107585226219367,0.18799225351858803,0.1514533333657388,0.2675970950481946,3.7131268323423545e-40,3.910783773987955e-40
MA1955.2,FOXO1::ELK3,False,13,1139,196,0.0410747750370115,0.43421683969439095,GTAAACAGGAAGT,0,-0.20961490975468589,-0.20789862574639495,-0.21059443369289818,-0.2841874399685281,-0.12512253408962304,8.929466225000211e-13,1.1158475839060414e-12
MA0505.3,NR5A2,False,9,790,177,0.03868098398204,0.4942194428983545,TGACCTTGA,0,0.2095960593161587,0.22643599167059736,0.16662445572599824,0.09157644647402431,0.3270591203633434,2.7149833746951557e-09,3.7477594424778645e-09
MA1708.2,ETV7,False,9,6917,244,0.0483970625307581,0.5572555514717968,GCGGAAGTG,1,-0.208924337492252,-0.20947484474112166,-0.2156835358914527,-0.2536870516344114,-0.1596233653215781,4.4101233864403677e-69,4.502226700407796e-69
MA0778.2,NFKB2,False,11,1207,190,0.0439304924802814,0.7150621763125385,GGGGATTCCCC,0,-0.20538373812357286,-0.20600928211522612,-0.2793013025478275,-0.31310936903615016,-0.10173686280170391,5.805576702643614e-13,7.179217618894111e-13
MA0146.3,ZFX,False,10,4212,229,0.04977379425254465,0.7577684128630706,GCCGAGGCCT,1,0.20514459702372803,0.2044964510150345,0.12343947730155556,0.14642130983728718,0.2584887305441995,2.946726448138087e-41,3.099657820762975e-41
MA0592.4,ESRRA,False,9,571,166,0.0410879768775571,0.47860568292557826,TCAAGGTCA,0,0.2048843029982922,0.21820764818273278,0.1772235722314344,0.07883615859405081,0.31971513813669156,7.909803245696393e-07,1.2263146449950937e-06
MA0691.1,TFAP4,False,10,1511,203,0.0402471133626001,0.46719960448504344,AACAGCTGAT,0,0.20209784615798257,0.20227831936580895,0.155488350219719,0.13013661236516758,0.2860321864199552,2.1679572604281696e-15,2.5996716932407053e-15
MA0625.3,NFATC3,False,6,11723,248,0.0469385691159112,0.4722413079313983,TGGAAA,0,-0.20131642488831236,-0.19681595444350358,-0.20343286139501024,-0.2351897068825448,-0.17086561648883253,1.829020623738524e-107,1.8445584202994096e-107
MA1585.2,ZKSCAN1,False,9,1394,212,0.0394012966619461,0.43725522193211486,ATAGTAGGT,0,-0.20048280416755643,-0.19781874477524225,-0.1749507918540045,-0.29149632776063344,-0.1064011764350912,4.175528957082668e-14,5.08032878965695e-14
MA1647.3,PRDM4,False,11,869,191,0.0396408561690631,0.4595062298107983,CCTTGAAACTG,0,-0.1997253139796385,-0.19869344455639493,-0.20074533868033947,-0.2989422585830777,-0.11160354753694275,2.8654319499251185e-09,3.968623250646289e-09
MA1724.2,RFX6,False,9,720,174,0.0435253515436357,0.5403201704803856,CCTAGCAAC,0,-0.19737758871686384,-0.20284122133779767,-0.23934451760960876,-0.32407392341960195,-0.08123762249962038,9.314724878431035e-08,1.3748732458217033e-07
MA0825.2,MNT,False,6,3292,230,0.05078798115698335,0.6492868137412908,CACGTG,1,0.1969786553940904,0.19836908845465212,0.17053406580131503,0.14333743345558797,0.2593936908762995,3.7487006982574646e-30,4.056211302411397e-30
MA1935.2,ERF::FOXI1,False,10,10447,251,0.0426434806736837,0.4774890539876101,AAACAGGAAG,0,-0.19695157036378028,-0.19746233362924434,-0.20097048091036643,-0.23125882408879647,-0.16396563702784414,7.340866724913928e-92,7.421241178106416e-92
MA1950.2,FLI1::FOXI1,False,11,3892,243,0.0418026389673873,0.4097094583022914,TAAACAGGAAG,0,-0.1964550657208202,-0.19636799386682238,-0.1985282303250247,-0.2545127784255064,-0.1423744878592081,3.6660423609058343e-35,3.910758924149869e-35
MA1619.2,PTF1A,False,8,1456,197,0.0453339824553181,0.5741142817755722,ACAGCTGT,0,0.19491948604157733,0.20397413336273876,0.13631421644622124,0.11917369017475168,0.2665061026924164,6.220912588034457e-14,7.591157651478169e-14
MA2121.1,ZNF213,False,12,1613,189,0.0479473603743327,0.767078488372093,GCCCAGGCTGCG,1,0.19442661741909567,0.19460514702275578,0.027215262409258346,0.09487837500422049,0.28172223317753375,3.3310937109773702e-15,4.005989687152235e-15
MA0522.4,TCF3,False,7,2114,216,0.0530452997477153,0.7067663160203624,CACCTGC,0,0.19436004357364955,0.19404172953393,0.17890199312054472,0.11014015209938639,0.27287719516083003,1.9301215375724503e-19,2.2123186175485603e-19
MA0463.3,BCL6,False,13,477,146,0.0441857375071951,0.45555377522489504,GCTTTCGAGGAAT,1,-0.1929938491244122,-0.1880499046862996,-0.19018105862690932,-0.3365929722950409,-0.04426104733675695,2.1961582685912194e-05,3.7629021055655736e-05
MA1985.1,ZNF669,False,15,258,73,0.05251963256062535,0.6645021645021644,GGGGCGATGACCACT,1,0.19266890397531972,0.1900397694053835,0.2036906105470838,-0.12914559221899036,0.5074050191622548,0.0018780236904538277,0.004172828039484307
MA0607.2,BHLHA15,False,10,2709,232,0.0412447661246213,0.422740826781728,ACCATATGGT,0,0.19199130756986924,0.19483801688594726,0.15405360847668262,0.13622454475097476,0.2578634074920839,6.629906344782423e-24,7.405177651228755e-24
MA0828.3,SREBF2,False,10,955,179,0.0444032686547419,0.4685353439135566,ATCACGTGAT,1,0.19152537619034243,0.1919654171859697,0.15785015869453217,0.09254069336940889,0.3010185603078756,2.427131800937362e-09,3.3337959117007404e-09
MA0095.4,YY1,True,8,1522,214,0.04175647284216775,0.3962086784008858,CAAAATGG,0,0.19074537344862222,0.19310035009208737,0.1938227410413641,0.09318219182834961,0.27090992415884,6.17092041384412e-14,7.519112703672234e-14
MA1540.3,NR5A1,False,12,267,109,0.0384976315847365,0.46959699162764296,AGTTCAAGGTCA,0,0.1907228844549805,0.1901822466943807,0.18694804200311851,0.015557995891903351,0.35349014555238184,0.0017444828012369237,0.0038554925740103287
MA0632.3,TCFL5,False,8,7344,241,0.0457487020872737,0.7963094686520695,TCACGCGC,2,0.19070785356438946,0.1907002320420813,0.15209440029389992,0.1562675574493829,0.22553536000478003,4.194726887082831e-61,4.298172679612617e-61
MA1154.2,ZNF282,False,15,483,156,0.0399278254219366,0.509611319707214,CTTTCCCACAACACG,1,-0.1906117880638741,-0.19128364304206202,-0.20467509890535016,-0.3228796076741202,-0.04345915943518394,2.475792080734296e-05,4.268429915124896e-05
MA2102.1,ZBTB17,False,8,973,201,0.0399487644195657,0.30602006688963207,AATCGATT,1,0.19030108358837497,0.19046230958654412,0.24798160572009917,0.06842609339514352,0.2981386178943316,2.188240452702918e-09,2.9957624649030066e-09
MA1568.2,TCF21,False,10,6381,245,0.0431029870844348,0.4726936936936289,ACCATATGGC,0,0.18816447916907875,0.18599315584048873,0.16874738474510673,0.14826768873535492,0.22744012441833142,6.170510727556974e-52,6.433744560351124e-52
MA1464.2,ARNT2,False,8,2699,226,0.0518285102950613,0.6160929081571753,GTCACGTG,1,0.18677722180147674,0.18987798503798003,0.17758117138557472,0.12089779707525909,0.25156727690465114,1.3038242102720738e-22,1.4701192927219718e-22
MA1967.2,TFAP4::FLI1,False,14,435,132,0.0425133773921295,0.5758461514830497,ACCGGAAACAGCTG,1,-0.18611013007112476,-0.19566901519238278,-0.25909836918657586,-0.3187567464895908,-0.07342945730613641,9.436910358994301e-05,0.000170479837137484
MA0466.4,CEBPB,True,10,1342,216,0.03980987694237645,0.4229296488804855,ATTGCGCAAT,1,-0.18590142233159826,-0.1860370387846191,-0.18559587530164257,-0.26477252313629185,-0.1008078678034285,6.707390341230098e-12,8.54883646251873e-12
MA0136.4,ELF5,False,8,2687,234,0.04545477682656,0.4324833321470093,AAGGAAGT,0,-0.18575914113171677,-0.18601516398039833,-0.19281999753911966,-0.240018225641899,-0.12880743992774826,2.7548639128104415e-22,3.1146828728509888e-22
MA1472.3,BHLHA15,False,8,1456,190,0.04592714971543495,0.5617899347538441,ACAGCTGT,0,0.18481969110510105,0.19694005664401518,0.08031478414113982,0.09755827336816698,0.27116855971446596,1.1813987232951463e-12,1.487488392512525e-12
MA1971.2,ZBED2,False,7,1091,197,0.0494144506667284,0.5481510015408321,CGAAACC,1,-0.1843865205465841,-0.1824381227548394,-0.16009994706059885,-0.28838836873448964,-0.06813035855679832,8.460216149533048e-10,1.1506447823669333e-09
MA0772.2,IRF7,False,13,1004,203,0.03272087780797855,0.3717313909765642,CGAAAGCGAAAGT,2,-0.18250572010396823,-0.1839348401719388,-0.24276729888766557,-0.26253760861762787,-0.10417940196146491,5.723204367909761e-09,8.116011654834491e-09
MA1721.2,ZNF93,False,14,600,117,0.0527804842649232,0.7631704837648747,GGCAGCGGCAGCGG,2,0.18093228813549347,0.1754719622918279,0.06528517104670731,-0.019044406794814752,0.4014295226736231,8.213841039106982e-06,1.3706228721883337e-05
MA0019.2,DDIT3::CEBPA,False,10,2195,231,0.0394165426461312,0.47750000000000004,ATGCAATCCC,0,-0.1806489482645779,-0.1770561017710253,-0.1821749124324676,-0.23552721608013885,-0.12537054103543402,1.4762804037242235e-17,1.7206017047613322e-17
MA1123.3,TWIST1,False,8,1597,212,0.0413166321183251,0.5124753054803541,CCAGATGT,0,0.1800800157634566,0.18386666922406583,0.12870894186550313,0.09149939531069894,0.26456090985621605,4.1628862039717867e-13,5.132579281158093e-13
MA0521.3,TCF12,False,6,1802,207,0.049078918430248,0.6578779033100889,CAGCTG,0,0.1796601577470966,0.1800470514628016,0.13350740168030306,0.1013544882129515,0.25782379556003054,1.5434374881521266e-14,1.8724037265027988e-14
MA1928.2,BNC2,False,7,743,173,0.0445128449932274,0.41337412807534435,TGAGTCA,0,-0.17932568594127177,-0.1903439287483293,-0.1364754762191356,-0.2868565823557527,-0.06171197433772984,8.66466451103565e-07,1.3458572352655375e-06
MA0638.2,CREB3,False,12,386,121,0.0565299166158674,0.5627487589726012,TGCCACGTCATC,1,0.17911071366230755,0.18704247908768631,0.19723625025250546,0.0561424105321755,0.28556845035493433,0.0004059401436190523,0.0007937323749351351
MA2324.1,BCL11A,False,7,1411,202,0.0460095758698395,0.5737198486161141,CTGACCA,0,0.17732490358930333,0.17242978144136667,0.1440346391608598,0.08506528761290065,0.25542712668390266,1.9699870426902153e-11,2.5263259760425443e-11
MA0608.1,CREB3L2,False,9,1196,197,0.0477440078046422,0.6242918192918192,GCCACGTGT,1,0.17718843211990218,0.1722025955582065,0.16714194307549535,0.08301283238926853,0.26051024159777303,6.819265891604707e-10,9.22933217577119e-10
MA1639.2,MEIS1,False,9,1035,206,0.0337099841601071,0.2771675490244586,CATCAATCA,0,0.17520349751600015,0.1773677688256627,0.20574893542948935,0.09929545308731164,0.24282809895655263,1.3976746558835671e-08,2.005989013884705e-08
MA1468.1,ATOH7,False,10,7372,243,0.0464165425796556,0.4516576422490692,AACATATGTC,0,0.1744668515046719,0.17884024289867634,0.15480469438408695,0.12645671874930323,0.21961326341690904,1.7969242551225292e-51,1.878294410071474e-51
MA2126.1,ZFP961,False,8,1071,162,0.0515338040387949,0.8408210007047217,GGGCGCCA,1,-0.17406390664993587,-0.17409240150659455,-0.27183395754310613,-0.2875275054816452,-0.04696148643520434,9.831513780278964e-09,1.4013701460397631e-08
MA1541.2,NR6A1,False,14,644,182,0.04466938607050225,0.46557528766620593,CAAGTTCAAGGTCA,0,0.1737053422553309,0.17392793020240585,0.18720128517226864,0.06438464990327908,0.2753501289364343,9.278892044498024e-06,1.5514606215247198e-05
MA1106.2,HIF1A,False,6,1038,176,0.06446546241322385,0.6369351002378525,ACGTGC,1,0.17308562976763625,0.17977115362603904,0.2618449814525104,0.0675286100420918,0.2802251283892337,1.9981092122969628e-08,2.897781423069417e-08
MA0732.2,EGR3,False,11,1391,175,0.0487582962956274,0.7898401688806693,ACGCCCACGCA,2,-0.17265133882093558,-0.17369689667992963,-0.18023678676411026,-0.25273543283613975,-0.07487472450243397,9.041238316628142e-11,1.1794770865177372e-10
MA0859.2,RARG,False,15,523,164,0.0430271143775073,0.4383824054305866,AAGGTCAAAAGGTCA,0,0.17230559166798906,0.16795328923179567,0.12320470984298043,0.06185158827737874,0.2987049911702545,7.472329007572964e-05,0.00013382554752786925
MA0763.2,ETV3,False,9,5256,245,0.0442831112845991,0.5332702870330333,ACCGGAAGT,1,-0.17208993783980103,-0.17352647467578391,-0.18136009151326551,-0.21906333534942798,-0.11914849411824188,3.201836902498743e-36,3.4024635114788437e-36
MA0090.4,TEAD1,False,9,927,190,0.037621825358264,0.42926509372765714,ACATTCCAG,0,-0.17175107760328603,-0.17197281712157886,-0.19355104583077162,-0.28100200551465526,-0.06974564245073897,1.4301200540596376e-07,2.1413148917541602e-07
MA1564.2,SP9,False,10,5499,236,0.0469907868110754,0.7713746101688603,CCACGCCCCC,1,-0.1715017395723982,-0.17197894242938408,-0.2077896169590492,-0.2170542757142298,-0.12657800274184433,1.4436116067071503e-37,1.5301546494561759e-37
MA1113.3,PBX2,False,9,907,206,0.0319431212870702,0.21109684540099785,CATAAATCA,0,0.1709733413398527,0.17327588845468855,0.1788005933915407,0.09768344047052266,0.24789105312549808,2.2165312097613524e-07,3.373511786285135e-07
MA0025.3,NFIL3,False,9,968,204,0.0363591150182722,0.2353326279273142,TTATGCAAT,0,-0.16971787327258298,-0.16903682220703842,-0.2190036563595288,-0.2575712981420503,-0.06732073761336108,1.0834474511623429e-07,1.616418010621018e-07
MA1467.3,ATOH1,False,7,1804,221,0.0394184144105885,0.5353551142032379,CAGATGG,0,0.16840622797879876,0.1675909061700564,0.12275664448329582,0.10421327692566852,0.24765939218544733,6.051215029647503e-13,7.505312969607575e-13
MA0113.4,NR3C1,False,15,396,135,0.0415841687869167,0.4545622321190628,GGTACATAATGTTCC,0,0.16820500789283935,0.179911794385601,0.22264105749537064,0.0025708908679998132,0.3292786409689568,0.0007776463912002564,0.0016075227638990375
MA1641.2,MYF5,False,8,1209,186,0.044737394835379,0.5623940772455625,ACAGCTGT,0,0.16788323597420937,0.17712009094940184,0.052437420261032236,0.08401879927720597,0.25680092189126974,4.27702374892573e-09,5.9936032636716385e-09
MA0014.4,PAX5,False,8,1223,177,0.047676296261331,0.7213375796178344,GCGTGACC,1,0.1677294158498489,0.1743217907401199,0.10438186410401835,0.05332289301024453,0.276973191787793,3.6000716184045003e-09,5.0195629444532545e-09
MA1974.2,ZNF211,False,10,562,191,0.03789084361386385,0.2934591194968553,TATATACCAT,0,0.16728841782366896,0.17543666809843964,0.15960599960876823,0.05877869303477375,0.2762473536854735,6.744713613302645e-05,0.00011925227686498933
MA1583.2,ZFP57,False,7,1450,191,0.05637743022225155,0.7308091403306941,TGCCGCA,1,0.16722657912143982,0.17441041614701294,0.06674950556477881,0.08187836792751166,0.2547930687609789,1.4794823336449657e-10,1.9546102054991516e-10
MA1730.2,ZNF708,False,9,1538,196,0.0396551904887172,0.6190196078431374,GCTGTGCCT,0,0.16668000677594216,0.15851087261960012,0.08882887802707098,0.08365968016927651,0.24217492262555843,4.7843999712986934e-11,6.183260305053209e-11
MA1986.2,ZNF692,False,8,3906,225,0.0533319397969487,0.82107295737949,GGGCCCAC,0,0.1663884386502571,0.169230618495884,0.09797177268388073,0.10678698090006615,0.22369208317263797,1.2032374539590903e-25,1.327875596600271e-25
MA0860.1,RARG,False,17,289,102,0.044184053290234,0.4937264731396652,AAGGTCACGAAAGGTCA,1,0.1660614802926047,0.1632779927449389,0.10806280784497423,-0.016271116823809637,0.3421547902256392,0.004647689562069109,0.011162514526241125
MA0877.4,BARHL1,False,6,5512,245,0.03578295368819035,0.30597273457552193,CGTTTA,1,-0.16559296158872647,-0.16586480633270612,-0.21377850051627145,-0.21234612812867715,-0.12505847614055568,3.4880489378709446e-35,3.7161136761163527e-35
MA1555.1,RXRB,False,14,540,142,0.04006120994740345,0.579479060558734,GAGGTCATGACCTC,0,0.1651476524273994,0.16569190703463263,0.16107432402513464,0.0480850977085434,0.27954733649639363,0.00011559013514155961,0.00021157577599699567
MA0517.2,STAT1::STAT2,False,13,2388,231,0.036376894245053346,0.37377678682026505,AGTTTCATTTTCC,0,-0.1634725137064572,-0.16937108021568226,-0.19753122461196657,-0.21658931361972852,-0.10669680097541374,9.102979963380183e-16,1.0821997638868287e-15
MA0130.1,ZNF354C,False,6,7055,244,0.0442178983113588,0.6078431372549019,ATCCAC,0,0.16299432670568104,0.1639877286196094,0.14442459656756734,0.12262148682953138,0.19676955102746485,3.3453356352725336e-43,3.5100680718579236e-43
MA0103.4,ZEB1,False,6,4522,240,0.04741683500279055,0.6613263785394933,CACCTG,0,0.16268006087220835,0.1621866056652246,0.09260632443685385,0.10626284798987164,0.21413044239632664,3.4221219122761273e-28,3.731999093309005e-28
MA1944.2,ETV5::DRGX,False,12,1495,214,0.0427892842935317,0.41566913722986815,CGGAAGTAATTA,1,-0.16133647374456725,-0.16150366958911197,-0.16396057116112334,-0.25156106391353694,-0.07343853554277427,3.518023040889066e-10,4.722903306912462e-10
MA1953.2,FOXO1::ELF1,False,13,1969,226,0.0370605931453922,0.41594145354596956,GTAAACAGGAAGT,0,-0.1612330087758313,-0.16183064335375438,-0.15388951994136366,-0.23261706697015144,-0.09378752102707968,6.152853940599836e-13,7.642782697516388e-13
MA0100.4,MYB,False,6,3734,235,0.0460747739204403,0.5169066317626527,CAACTG,0,-0.15983079780840567,-0.1583481715974815,-0.14434530239375998,-0.2076329649969457,-0.10704906444455663,8.643963841300946e-23,9.733243837562447e-23
MA1493.1,HES6,False,10,2183,217,0.0477579111178805,0.6194526128329164,GGCACGTGTT,1,0.15893013388940383,0.16429454295710033,0.1255418427504454,0.09115920005960272,0.22308961743945221,8.087316323557891e-14,9.897731759759364e-14
MA0122.4,NKX3-2,False,10,1649,222,0.0354046676857058,0.3337149006946483,AACCACTTAA,0,-0.15777833708156794,-0.15684276912477804,-0.1909606756965762,-0.23150507105535606,-0.09568886710292891,1.1746097727429075e-10,1.5444631663755635e-10
MA0154.5,EBF1,False,11,800,152,0.0533319397969487,0.6977571915162722,TCCCCAGGGGA,0,-0.15771240288615165,-0.14720911565228303,-0.1746078548888797,-0.27240042373977746,-0.0357620409834232,7.398732371187063e-06,1.2296693200912898e-05
MA1651.2,ZFP42,False,13,321,122,0.0332990463866216,0.5283908903418315,CAAAATGGCTGCC,0,0.1575580101106349,0.17617338363897167,0.11323257707567089,-0.014915616617052088,0.3369521902920722,0.004661123344732475,0.011227227534703439
MA1650.2,ZBTB14,False,8,2232,199,0.0499388959029866,0.8393249780123131,CCGCGCAC,2,0.15755230401018933,0.15540253042388444,0.13174233922199519,0.07378118078622013,0.23008074048411062,7.09841505870739e-14,8.674680755567414e-14
MA1115.2,POU5F1,False,7,2180,228,0.0362225023792053,0.279565383149066,ATGCAAA,0,0.1573316936963663,0.15747172877054008,0.14648046950700244,0.08687660728637579,0.23286903710108658,1.4935503168934788e-13,1.8360063806782262e-13
MA0776.1,MYBL1,False,12,1135,210,0.0432798041977822,0.47745080745942764,ACCGTTAACGGT,2,-0.15712070689048804,-0.15451136632180046,-0.1587779257309885,-0.24158001922358233,-0.06317939618084763,1.0342227413052936e-07,1.5402134373202493e-07
MA0756.3,ONECUT2,False,8,1637,219,0.0390544815040296,0.341207340666771,GATCGATA,1,0.1571156196277863,0.1581247241264439,0.22494627368619827,0.0806277197950663,0.23074310113190083,1.6399234654432596e-10,2.1734870809941766e-10
MA1525.3,NFATC4,False,9,3572,237,0.044120148932729905,0.376178397731225,ATGGAAAAT,0,-0.15699608514045274,-0.15721329605715034,-0.16304401402931756,-0.21026401883428728,-0.09760810190157135,3.7865643930567175e-21,4.2986817085111095e-21
MA0663.1,MLX,False,10,379,126,0.0506765633234285,0.4933198990495356,ATCACGTGAT,1,0.15663423117447262,0.1817159229439402,0.1984565240324309,1.587564464944924e-05,0.29997539068686024,0.00222694515766415,0.005042483449642803
MA1615.2,PLAGL1,False,8,1674,199,0.04689660360051335,0.7526494277236118,TGGGGCCA,0,0.15649183100469222,0.1539850414564776,0.14159734613259836,0.07291836859474579,0.2438226965359578,1.2128862952923885e-10,1.5973193524373612e-10
MA0665.1,MSC,False,10,1508,207,0.0390799784779085,0.4626664809518569,AACAGCTGTT,0,0.15640144131134393,0.16174056176106918,0.11201077259942263,0.07707197445735499,0.2403405020227625,1.0208861403391171e-09,1.3930318269651992e-09
MA0746.3,SP3,False,11,5667,239,0.0460433416479464,0.7839532838908422,GCCACGCCCAC,1,-0.1562484316142244,-0.15628433040259818,-0.19443346860941327,-0.20421915303199123,-0.11298811622604184,2.6529633022222036e-32,2.855715678946439e-32
MA2333.1,ZNF35,False,7,884,198,0.0314116417680321,0.1893271092734127,AATTCTA,0,0.15606845267231878,0.15718146018745338,0.0351628790435094,0.031021162467140914,0.25206384361628187,3.1272491846926527e-06,5.046104995106009e-06
MA1624.2,STAT5A,False,9,963,185,0.0443252286267839,0.3888888888888889,TTCCAAGAA,0,-0.15572016688889792,-0.1601520213506615,-0.15375407268087343,-0.2611819404179033,-0.04679611719710515,1.1995049410819677e-06,1.8842884802251704e-06
MA1552.2,RARB,False,13,759,159,0.0451665771791285,0.5457256299397524,AAGGTCATGACCT,0,0.15451690749114158,0.14263860079067206,0.095157786201024,0.045593874159566505,0.2554722641656307,1.9060508226780644e-05,3.25241937093526e-05
MA1714.2,ZNF675,False,19,380,139,0.0357299909579127,0.5077267213299359,GGACTAGGAGGACAAAATG,0,-0.15435367132592484,-0.15514620413827798,-0.1688355851039414,-0.31661229042905437,0.0248042513396334,0.002552095241288118,0.005874767716095363
MA0157.4,FOXO3,False,7,1491,222,0.0313678863936797,0.2828975273461536,GTAAACA,0,-0.15332078313169917,-0.15418248785155286,-0.21823202344277698,-0.23529799434512483,-0.06851956902453403,2.673296873963789e-09,3.677996195801173e-09
MA0747.2,SP8,False,11,6183,234,0.0450037699745458,0.7093261188094248,CCACGCCCACT,1,-0.15291531939087108,-0.1528922003736554,-0.18916544034426985,-0.1961720036574993,-0.11082368600955202,1.1529558986232848e-33,1.2362662603302576e-33
MA1722.2,ZSCAN31,False,18,254,105,0.037933493359293094,0.5702427663305497,GCATAACTGCCCTGCGTC,1,0.1520746253805133,0.14625268655245824,0.15790874772217312,-0.1107482199099131,0.38882986182981616,0.015272918924249557,0.04216543397359263
MA2330.1,ZBTB24,False,10,854,147,0.0489649516525351,0.7215922798552473,CCCAGGACCC,0,0.15204862853799825,0.15398763295177745,0.08095578781955755,0.01320853750030046,0.2694721121542333,8.088660637558918e-06,1.3470294568760441e-05
MA0835.3,BATF3,False,7,1108,201,0.04010986279699375,0.39088727585301214,TGACTCA,0,-0.15196514345199597,-0.15774911227156838,-0.12503132999686123,-0.25102769159050786,-0.05058153928397848,3.730050535340146e-07,5.718952020051036e-07
MA1632.2,ATF2,False,10,743,184,0.0371224191642067,0.4053489350955468,ATGAGGTCAT,0,0.15153573996568004,0.1512490491441111,0.18193503166407507,0.05227031782475061,0.254331985928894,3.360005008418918e-05,5.853593631019121e-05
MA0741.1,KLF16,False,11,5325,239,0.0446539583803159,0.7840522593620908,GCCACGCCCCC,1,-0.1509450995979224,-0.15063700828992177,-0.20741251761165425,-0.19730323024722948,-0.10603952055985434,1.6443390135103166e-28,1.7885415186218235e-28
MA0623.2,NEUROG1,False,10,1811,221,0.0432457307063439,0.4073204659565004,GACATATGTC,0,0.15069462224388652,0.15280538874427765,0.10625566055168435,0.06373515589273032,0.250582286704511,1.1533547106599526e-10,1.5141196912455302e-10
MA0783.1,PKNOX2,False,12,427,136,0.0426680048284491,0.49380001872393803,TGACAGGTGTCA,0,0.1500738109551619,0.14354958615752147,0.112141401593076,-0.006126138887088262,0.2976352214904245,0.0018730253351271564,0.004150624142641779
MA0056.3,MZF1,False,8,1583,198,0.0448409006905541,0.5437037486352057,AATCCCCA,0,-0.1487822521734112,-0.15033406391802215,-0.1314835161792079,-0.2290130286335339,-0.07094114205103205,2.71360787395983e-09,3.739648662123746e-09
MA0709.2,MSX3,False,6,3141,240,0.0341125614717041,0.13019713361056742,CAATTA,0,0.14868149235763248,0.15086070310000255,0.16299953045032964,0.09524468903605436,0.19960761203853564,5.4721671709278806e-17,6.395739689227945e-17
MA1485.1,FERD3L,False,14,2255,220,0.0484560382302714,0.5929711414751838,GCAACAGCTGTTAC,0,0.1483362510327523,0.1486525263390173,0.10025987695361294,0.08124944496844957,0.2198604105402013,1.4487270454416907e-12,1.8268470026738164e-12
MA2122.1,EBF4,False,11,676,147,0.0533319397969488,0.6829172638184141,TCCCCAGGGGA,0,-0.14815173978946936,-0.14552745180503526,-0.15297844039716796,-0.26401089097650726,-0.009518488929830326,0.00011055736833390268,0.00020191906172631457
MA0652.2,IRF8,False,13,301,114,0.0470106825576914,0.4513338103098139,CGAAACCGAAACT,2,-0.14704194678228968,-0.14866854801621063,-0.15618543588203682,-0.3205725615799974,0.04037003124141072,0.010638103115167368,0.027887267156795213
MA1720.2,ZNF85,False,12,658,175,0.036183965012441296,0.4045584045584046,GAGATTACAGCA,0,-0.14510577985496198,-0.14521948398026946,-0.13520447303272054,-0.26546390506331485,-0.010777947612277777,0.00018779721105385372,0.00035387637729195564
MA0007.4,AR,False,16,555,161,0.0413794309905073,0.5199482483102034,GGGAACACGGTGTACC,1,0.144671776754455,0.14703332796766644,0.15705342378553916,-0.0005736684088829605,0.27775354079972814,0.0006295399635073639,0.001279089754705671
MA1629.2,ZIC2,False,9,1382,191,0.04351638934024245,0.6753309097688293,CACAGCAGG,0,0.14442324068956827,0.14520613751122582,0.028159919337468132,0.05887769285024251,0.24289733212795092,6.95201064209283e-08,1.0206927285475515e-07
MA1509.1,IRF6,False,9,2155,230,0.0460565781580801,0.4620511625923263,ACCGAAACT,1,-0.14426791348659454,-0.14536372932733121,-0.14349021627680741,-0.2132109774051761,-0.07438579446882225,1.7137024494937108e-11,2.194278483095953e-11
MA1476.3,DLX5,False,8,1083,205,0.0342610488454666,0.32476091221186854,GCAATTAG,0,0.14395465251274497,0.14416788387323218,0.03220771428176991,0.06316793441577483,0.22813808716434184,1.9676016495020313e-06,3.1383435138890367e-06
MA1560.2,SOHLH2,False,8,2115,219,0.0528841581159797,0.6829824100215963,GCACGTGC,1,0.14336528953853211,0.14409994658519862,0.1038101903619777,0.06896075647153911,0.2167664209390905,3.505798270847701e-11,4.516772655929364e-11
MA0111.1,SPZ1,False,11,3100,235,0.04262075247443125,0.5349650349650349,AGGGTAACAGC,0,-0.14314460118900274,-0.14270885640237982,-0.15963007023642659,-0.2026890989406845,-0.07533196482227293,1.1657886676139796e-15,1.3919114695218634e-15
MA0595.1,SREBF1,False,10,2225,222,0.0435572262397452,0.5677966101694916,ATCACCCCAC,0,0.1429013827184402,0.1415400527000374,0.10528608147402846,0.08827340663648807,0.19938767003388888,1.2733335149194868e-11,1.6279079244586052e-11
MA1495.2,HOXA1,False,6,5245,245,0.0377224302215405,0.16399050983437755,TAATTA,0,0.14255391719105914,0.1428184893255976,0.18777931174115287,0.09573735206441379,0.1816405601377744,3.2337400864778815e-25,3.578213065064074e-25
MA0462.3,BATF::JUN,False,7,1055,192,0.0412974386346931,0.3920830447235898,TGACTCA,0,-0.14165825619948627,-0.15105010088414145,-0.11257447487011621,-0.2522379399162633,-0.03642083827176872,3.855469591687221e-06,6.282147511160942e-06
MA0895.2,HMBOX1,False,7,7066,246,0.0370949818320056,0.24939279758675453,TAGTTAA,0,-0.14115506886754814,-0.14144107799730948,-0.1383330936398762,-0.17157632054867103,-0.1072289847136037,8.974363088034866e-33,9.635265796068441e-33
MA1995.2,NPAS4,False,7,469,140,0.0519103960329512,0.5720104580164841,TCGTGAC,1,0.14075866222293376,0.12410941536076879,0.13477150939705917,-0.00544288701600552,0.2808148288860678,0.002247471724501586,0.005116846583728268
MA1556.1,RXRG,False,14,1172,183,0.048280317385655705,0.59095903223273,GAGGTCATGACCTC,0,0.13979663514544402,0.13493032535852933,0.11004724040373841,0.05474937384470029,0.2239727721867434,1.5524033049138269e-06,2.4619220350828056e-06
MA0079.5,SP1,True,9,3071,224,0.047691384503971,0.9132297147297148,GGGGCGGGG,1,-0.13833995102095378,-0.1399320885999699,-0.19960958151531333,-0.20872193600713435,-0.06363212082465827,1.3578984786369528e-14,1.644917836366338e-14
MA0500.3,MYOG,False,8,1491,197,0.0490789184302484,0.6497394668575007,GCAGCTGC,0,0.13786819616575116,0.1478462189081605,0.1060354313060121,0.068969220794932,0.22675689020955925,9.059418727483685e-08,1.334818610379245e-07
MA0618.2,LBX1,False,7,4584,241,0.037545424293317045,0.23058127586699012,TAATTAG,0,-0.1376279300289535,-0.13498121024971416,-0.12262340622922832,-0.1860440428956695,-0.09374276914154094,7.96136124891688e-21,9.062864654588941e-21
MA0516.3,SP2,False,9,4191,226,0.0479919134441946,0.9005215786652911,GGGGCGGGG,1,-0.13749676272066308,-0.1382194109747495,-0.1680430191744372,-0.20204310846758478,-0.06964305467928332,3.8532973297066955e-19,4.428893611322634e-19
MA0698.2,ZBTB18,False,11,1806,215,0.0415355639564242,0.4454202490259121,ATCCAGATGTT,0,0.1370676610941235,0.13922753100985116,0.09736567937570069,0.06424180482253164,0.20605023785365803,4.958383018515413e-09,6.971939574257713e-09
MA0740.2,KLF14,False,9,4566,233,0.044379945735568846,0.8704052656148464,GGGGCGGGG,1,-0.13687977726955627,-0.13653181076927629,-0.18425520253495153,-0.18774024202594905,-0.08374414602816448,1.535783852655769e-20,1.7506671900643952e-20
MA0687.2,SPIC,False,13,3661,238,0.0411745804215171,0.41099000597617186,AAAAGAGGAAGTA,0,-0.13597714628944943,-0.13588898874245797,-0.1399433618064858,-0.18667904414186112,-0.08291107557824359,1.419907865858367e-16,1.66658677475749e-16
MA0071.1,RORA,False,10,1151,208,0.038105071983153,0.4269230769230769,ATCAAGGTCA,0,0.1354936421369569,0.14748478903043077,0.1476903785341065,0.05587218636303408,0.2217695835184456,3.9669954606442096e-06,6.476568227495753e-06
MA1512.2,KLF11,False,10,5711,237,0.0453139100353539,0.7589444427844358,CCACGCCCAC,1,-0.13545094935782773,-0.13700721988593687,-0.1595630401389042,-0.17855036492149076,-0.08474672065336038,8.551414460594049e-25,9.51301929953635e-25
MA1102.3,CTCFL,False,8,2586,212,0.0485673175959004,0.8288543630114202,CAGGGGGC,0,0.13525518688367927,0.13862783161051592,0.10063643523501696,0.06868139153989576,0.2028312018952213,4.966587134766109e-12,6.3204194624665185e-12
MA0083.3,SRF,False,16,203,96,0.0401150124266562,0.4187040645764868,TGACCATATATGGTCA,0,-0.13481941957277085,-0.0957572450176813,-0.07410339975331849,-0.3193518130746747,0.0553436050700761,0.0551383893554832,0.19091667314336058
MA0668.3,NEUROD2,False,8,1759,217,0.040377258323752,0.537354360094666,ACAGATGG,0,0.13424657006495674,0.14501565362196334,0.09207142062747684,0.057524410612735,0.2120910845043545,1.586299280080857e-08,2.2846008695791893e-08
MA1511.2,KLF10,False,9,4299,231,0.0455571496128701,0.9057168712857335,GGGGCGGGG,1,-0.13421381285511452,-0.1342136528372239,-0.1587377555396887,-0.18548323060264438,-0.08230049130599795,9.795824181875058e-19,1.1337506817741188e-18
MA1625.2,STAT5B,False,9,667,165,0.0442178983113583,0.4063543804579661,TTCCCAGAA,0,-0.13329988217065172,-0.1283363889498792,-0.12093337687788176,-0.25034459247473184,-0.012237709659605897,0.0005572605646667131,0.0011185592493672429
MA0088.2,ZNF143,False,16,701,171,0.0419507856792744,0.4947523328011756,TACCCACAATGCATTG,0,-0.1332197765603724,-0.12940550578289348,-0.15606931899165905,-0.2374044090546949,-0.015504365768603635,0.0004052185023126789,0.0007904614446521976
MA0141.4,ESRRB,False,10,842,190,0.04270791692184405,0.43631331006274837,TCAAGGTCAT,0,0.13312027400700177,0.13460676318298226,0.1294029080292728,0.025222109450182304,0.23997767865744113,0.00010693188919288882,0.00019444288822601882
MA1716.2,ZNF76,False,17,802,167,0.0469907868110754,0.5639510658060625,ACCCACAATGCACCGCG,2,-0.13295665808691573,-0.1364275232939388,-0.14623980439579248,-0.2583771127608192,-0.014463920777526892,0.00015924927547864804,0.00029671782045461104
MA1630.3,ZNF281,False,10,2854,217,0.04243179410621555,0.8794272593673791,GGGGGAGGGG,0,-0.13293154615638164,-0.1331080115887585,-0.1339780283621364,-0.226589314731423,-0.05588413370754607,1.002715919736334e-12,1.2549050140073698e-12
MA0864.3,E2F2,False,13,1191,176,0.0555067281137833,0.5525721571567966,TTTTGGCGCCATT,1,-0.13269783986451458,-0.1319989088305249,-0.156702102028258,-0.24429309444241115,-0.01416210039165193,4.326591563417493e-06,7.077554309448694e-06
MA0775.2,MEIS3,False,7,6837,242,0.0422574842038657,0.4478547603530802,TTGACAG,0,0.13238973475573218,0.13417542311827688,0.1364106674021407,0.09290517633267813,0.17166402046381754,4.119833190727282e-28,4.504712344071542e-28
MA0124.3,NKX3-1,False,7,6101,244,0.0387222810501878,0.4145203026119635,CCACTTA,0,-0.13224216868856775,-0.13299742231348466,-0.12201593316408009,-0.17725181766903716,-0.08581164048777576,3.298663897437049e-25,3.6549195983602503e-25
MA1463.2,ARGFX,False,8,2528,236,0.032828164074317046,0.1595526837070932,CTAATTAA,0,0.1318603340575142,0.13339358904851537,0.05387374836430955,0.07891137175640348,0.18352715122561786,2.820784819674737e-11,3.6229863758109835e-11
MA0639.2,DBP,False,10,1991,229,0.0377803623916586,0.28161349244102096,ATTACGTAAC,1,-0.13150238970893877,-0.1340646609693353,-0.16828680501934437,-0.1906008089221004,-0.07361684781742037,3.870695603180526e-09,5.41506405091417e-09
MA0164.2,NR2E3,False,6,1377,217,0.0373168746678271,0.34027777777777785,AAGCTT,0,-0.13148121688551426,-0.1268855971773711,-0.09789569522695987,-0.22285752251602492,-0.03419373474637984,9.788889087224694e-07,1.5290539156924288e-06
MA1968.2,TFCP2,False,9,2338,226,0.0444430044671697,0.46410094249652495,AAACCGGTT,1,-0.13085034461921147,-0.12937656235735723,-0.16447537057039457,-0.2028779988871279,-0.05633628119569726,2.1401851702435172e-10,2.854725323390631e-10
MA0470.3,E2F4,True,13,770,141,0.0571078763377623,0.5447757030368465,TTTTGGCGCCATT,1,-0.12901391991261474,-0.13111482130464788,-0.16672905264712637,-0.28537871356004957,0.034962810983402016,0.0003317135298720562,0.0006380878317677747
MA0726.2,VSX2,False,7,1638,220,0.031059913403564447,0.1637217926863646,CTAATTA,0,0.12832370291726788,0.12831081691206195,0.07948395540888675,0.062005289886302994,0.19280189544653104,1.8768633435724983e-07,2.83576988819772e-07
MA0646.2,GCM1,False,10,3833,233,0.047464197021108,0.6165021569086597,ATGCGGGTAC,1,0.12822683457892006,0.12746005000610763,0.06758239695547971,0.0716506622827986,0.18167767738381205,1.5995392226464484e-15,1.915298406367721e-15
MA2124.1,HMGA1,False,8,1795,229,0.025245399158071,0.042299569884139965,ATTTTTAT,0,0.12767184078305666,0.12620095710919338,0.039159870944533805,0.06299748036803492,0.18665240149537235,5.712142780732639e-08,8.357025793642293e-08
MA1606.2,FOXF1,False,7,2085,237,0.0326010677383066,0.24235520781598274,GTAAACA,0,-0.12739165345931677,-0.1273162737176896,-0.17387306816829534,-0.17314177087445373,-0.08258502737013627,5.307244839640057e-09,7.500545002960692e-09
MA0837.3,CEBPE,False,10,1374,217,0.0387333816618714,0.4184943130790143,ATTGCGCAAT,1,-0.1267606348377225,-0.12562584573032512,-0.14689842643079298,-0.1975613989577283,-0.056542375918725386,2.4355865825881312e-06,3.899754239172904e-06
MA1535.2,NR2C1,False,6,9711,247,0.0441419467353618,0.6086431063652376,AGGTCA,0,0.12555810745050522,0.12477382657891493,0.09689072109214021,0.09189743524237849,0.16266426803078765,2.019492348660123e-35,2.148781231416853e-35
MA1634.2,BATF,False,7,996,187,0.041316632118324995,0.3901851621118144,TGACTCA,0,-0.1253707025634288,-0.13454264295843102,-0.08276782664250276,-0.2347551152458124,-0.024692035947931974,7.268325864309045e-05,0.00012961327882491023
MA1938.2,ERF::NHLH1,False,16,905,163,0.0435630446074415,0.6241321026619009,AGCAGCTGCCGGAAGT,1,-0.12534092888189324,-0.11918573894107141,-0.1426678108669106,-0.25365815714389434,0.015455057388084366,0.0001565987554119804,0.0002911265452960978
MA0091.2,TAL1::TCF3,False,10,1627,215,0.0386246316563192,0.42666666666666675,ACCATCTGTT,0,0.12521251717815243,0.12625617896793057,0.11241004861060692,0.052748150349202674,0.19809154135192106,4.0487128453942774e-07,6.219002540707292e-07
MA1145.2,FOSL2::JUND,False,10,454,145,0.03668710430119035,0.4363130723567849,ATGACGTCAT,1,0.12489777524356545,0.12923353273656485,0.12123967381411381,-0.030031856518733864,0.2918043768740495,0.0077140699089842685,0.019603645548519656
MA0885.3,DLX2,False,8,1054,203,0.0349083950937809,0.3332381016402258,GCAATTAG,0,0.12488456831938327,0.1246716006064675,0.030501692980379802,0.04105848272925379,0.19979141045067156,4.79218047438236e-05,8.383793629919455e-05
MA0070.2,PBX1,False,9,772,184,0.03549299133351575,0.2777777777777778,ATCAATCAA,0,0.1248607509510514,0.11983464814301859,0.148620983964698,0.020353832466816643,0.2316979603147839,0.0005066101279860587,0.0010047566022826128
MA1529.2,NHLH2,False,16,1500,197,0.048270927682859,0.6865811269225948,GGCCGCAGCTGCGTCC,2,0.12484559887526227,0.12336007441957163,0.0610856462950761,0.015483360629456775,0.22443115450001888,1.2333370885482145e-06,1.941104395044633e-06
MA0482.3,GATA4,False,8,1308,216,0.035277744207858105,0.3458209777175294,CCTTATCT,0,-0.12433546040352457,-0.12433899980688048,-0.07780113445304176,-0.2006696117571183,-0.057513639249829364,6.483901020782018e-06,1.0754734028482749e-05
MA0616.3,HES2,False,9,2308,222,0.05067534391992275,0.7225959726439455,GGCACGTGC,1,0.12399755736218288,0.13001137525145065,0.07053929095862362,0.050348453916338326,0.1944641473200711,2.27425121658009e-09,3.1186514207558664e-09
MA1966.2,TFAP4::ETV1,False,13,799,155,0.0587620447514023,0.6390394113093494,CCGGAAGCAGGTG,1,-0.12392477301048366,-0.12032274325447943,-0.20311074273860416,-0.2736004020508914,0.028651759820430094,0.0004464436335704857,0.000879134264211075
MA1491.3,GLI3,False,15,564,130,0.044159144957025095,0.6632746464495175,GGACCACCCACGTCG,2,0.1233590687223657,0.1247936853669849,0.06551032103754181,-0.019412741222148942,0.2710509066483815,0.0033426766703706897,0.007846791844853228
MA1729.2,ZNF680,False,11,980,203,0.036875646114062646,0.37256648328262687,CCAAGAAGAAT,0,0.1227936869345636,0.1273584347630694,0.10899360005785186,0.022860317529860327,0.21565340631233812,0.00011632854023940835,0.0002133973883861994
MA0492.2,JUND,False,11,4508,237,0.04263020512783375,0.38887071836346343,GATGATGTCAT,0,0.12232107791685096,0.11895905215302295,0.11676707515702303,0.08521719097864602,0.16723624420021796,1.7002954490834746e-16,2.0041780399834997e-16
MA1579.2,ZBTB26,False,8,2156,219,0.041986875626971745,0.47381756756756754,CTCCAGAA,0,-0.12219781617531497,-0.12216124809184777,-0.09930683372326168,-0.1951175514845451,-0.043223392717294896,1.2553581980361126e-08,1.795529539703975e-08
MA0647.2,GRHL1,False,10,851,194,0.0431118409642872,0.4102099094547225,AAACCGGTTT,1,-0.12206078991156587,-0.1215136677867318,-0.16580708346572862,-0.2407895704108413,-0.005253020623349046,0.0003585318838119898,0.0006928837103436361
MA0442.3,SOX10,False,6,2974,231,0.03238204070604585,0.3349546044098573,ACAAAG,0,0.12055285620679244,0.12666659827158308,0.1127601217761261,0.06868747190453356,0.17130498466429675,4.2359804333480184e-11,5.4659933852673965e-11
MA1127.1,FOSB::JUN,False,11,222,100,0.0357266032774332,0.43927302873138474,GATGACGTCAT,1,0.11979505665594856,0.11859244958312809,0.12754245694530142,-0.06726734159499353,0.3077138622948012,0.07487164310315303,0.2777604259764293
MA0036.4,GATA2,False,7,2033,229,0.0342173425551286,0.2738798769824519,CTTATCT,0,-0.11953577588082846,-0.11788689678508153,-0.10544407291783933,-0.18622115665278824,-0.058455547194713756,6.451885509320314e-08,9.455938021596439e-08
MA0816.1,ASCL2,False,10,2648,225,0.044737394835379,0.5841476135166939,AGCAGCTGCT,0,0.11933410739833393,0.12220684858549033,0.05785615128507868,0.056035619229999584,0.17998558722088445,7.278911442796653e-10,9.867496588848316e-10
MA0843.2,TEF,False,10,4770,243,0.03608778135035565,0.27572448134635374,ATTACGTAAC,1,-0.11928691501951512,-0.11934278914598127,-0.1205255006580025,-0.1567385167246216,-0.07849609930082128,1.3859580807785776e-16,1.6244445206304627e-16
MA0512.2,RXRA,False,14,239,96,0.0425034338320227,0.5092756241517341,GGGGTCAAAGGTCA,0,0.11920706267207563,0.09527980687010364,0.06763687301451841,-0.10626080647136953,0.33194079207063465,0.06579756940843426,0.23670034709267906
MA1558.2,SNAI1,False,7,7253,243,0.0451751281623238,0.6285832590752082,GCAGGTG,0,0.11908796514398648,0.1228725866954277,0.1124024548875024,0.08336927604293388,0.16010205765630664,2.523339800869042e-24,2.8146246637881527e-24
MA1976.2,ZNF320,False,20,833,147,0.0471048176529567,0.7125436663635766,GGGGGGCCCGGGGGCCTGTG,1,0.1189387253359896,0.1149329751347839,0.06733154848103623,-0.03534056868684717,0.2711193602487758,0.0005820563125751372,0.0011711593117431937
MA0679.3,ONECUT1,False,9,843,199,0.0338519834388864,0.17384460159291404,AAATCAATA,0,0.1181962070669648,0.12662853185674217,0.16750933666157913,0.03104311876825422,0.1979779655753516,0.0005844459599590929,0.0011788218270048694
MA1475.2,CREB3L4,False,9,1878,213,0.049914030964488904,0.5191643890231812,GTGACGTCA,1,0.11811492079483858,0.12104025343437401,0.10732721215842081,0.043430246210912585,0.2035161881834226,2.8487854539442445e-07,4.3437444261058117e-07
MA0613.1,FOXG1,False,8,1560,224,0.0301608090634888,0.2254775849150849,GTAAACAA,0,-0.11752385966033431,-0.11770205065709287,-0.14109261424856367,-0.17818071321002327,-0.05115032105083345,3.251829940595085e-06,5.257335954541859e-06
MA0498.3,MEIS1,False,5,21038,248,0.0442668004377084,0.44492407652281774,TGACA,0,0.11750702837696343,0.11508253205642706,0.08522979978459856,0.09570038291256278,0.13962901979698344,1.432777837008164e-65,1.4663034267903747e-65
MA1642.2,NEUROG2,False,7,1765,214,0.0384033995589851,0.539014471804074,CAGATGG,0,0.1167136114003925,0.11888081617451537,0.07951638918045072,0.04647140691143845,0.18301104500089496,8.801577984526866e-07,1.3696837650078324e-06
MA0706.2,MEOX2,False,7,3640,238,0.0373884405757174,0.2592926283697544,GTAATTA,0,0.11646385375205412,0.11655312457652106,0.11799978278177091,0.06897294455664647,0.16330503979155842,1.8134129177667475e-12,2.290191694018491e-12
MA1939.2,ERF::SREBF2,False,16,466,139,0.0428364855406034,0.5217975286896408,CCGGAAATCACGTGAT,2,0.11628309362699119,0.11272171495676464,0.09411210119587246,-0.04560767927131013,0.27786590625770735,0.012005174703350323,0.031975321084884996
MA1602.2,ZSCAN29,False,11,2280,218,0.048681289259107696,0.5631935673148099,CGTCTACACGG,2,0.11607379082710963,0.11784091177838298,0.10329845875331532,0.04306890505030711,0.19519518258648116,2.725638563151385e-08,3.9598000803825196e-08
MA0774.1,MEIS2,False,8,3895,233,0.0412974386346931,0.5059208884493729,TTGACAGC,0,0.1158968117494842,0.11416537338821775,0.10923536228302795,0.06220795741595056,0.1714800445037245,4.0091826169071745e-13,4.935749266147944e-13
MA0477.3,FOSL1,False,9,699,172,0.0445128449932274,0.3873642461156764,ATGACTCAT,0,-0.11544703890918045,-0.11658285764953992,-0.15221843256418027,-0.24572740626574888,0.008046808373028222,0.0022354683447108376,0.005075612553154934
MA0669.1,NEUROG2,False,10,2130,227,0.035417024630444105,0.39928575649411613,AACATATGTC,0,0.11510973716574656,0.11513352868225898,0.11007653481216369,0.05327513134761251,0.1756577712210105,9.977508090072413e-08,1.480590932651817e-07
MA0710.2,NOTO,False,7,9033,246,0.036370024104519,0.1678128284466994,CTAATTA,0,0.1147011733495251,0.11387725677309316,0.14490382014938624,0.08551099010812023,0.14720616203306205,7.751188006521066e-28,8.497674450420853e-28
MA0865.3,E2F8,False,9,3056,227,0.0494599050622245,0.6921938826948842,TTCCCGCCA,1,-0.11431564310254644,-0.1132574590176298,-0.17012663657915317,-0.18354778397659618,-0.04209458269639681,2.332286659836187e-10,3.115964974797221e-10
MA0105.4,NFKB1,False,13,479,134,0.0428112652856791,0.6625957977444124,AGGGGAATCCCCT,0,-0.1143137335505589,-0.11264035254231673,-0.15601845836380235,-0.26047117200982384,0.02199245288301391,0.012295320868914729,0.03295939239376819
MA1484.2,ETS2,False,9,10012,246,0.04633679386916075,0.600796370179681,ACCGGAAGT,1,-0.11352977274555393,-0.11411271655029069,-0.1329744946183116,-0.14853765199284358,-0.07899615482843592,4.4168109430812775e-30,4.7853584011741096e-30
MA0814.3,TFAP2C,False,9,1758,200,0.048601205043131854,0.768129087653915,GCCTGAGGC,0,0.11351108986452683,0.1211081626570624,0.03177969138866526,0.0216676432592677,0.19215531235470687,1.829550485787755e-06,2.9125602561103914e-06
MA0852.3,FOXK1,False,7,2145,231,0.0327516368177751,0.2790241924584403,GTAAACA,0,-0.11317438564330216,-0.11186787722537476,-0.1368516803707724,-0.1634691551559844,-0.05584121825428974,1.4769354826626544e-07,2.223430047269322e-07
MA0471.3,E2F6,False,8,2711,222,0.0473550461108347,0.7415594126710777,GGCGGGAA,1,-0.11314212086773992,-0.1147057764489089,-0.15710460354314484,-0.16881246386709403,-0.05149126971706144,3.4784360333824843e-09,4.841843121843961e-09
MA0661.2,MEOX1,False,7,6239,245,0.0400213539107578,0.22391926420823788,CTAATTA,0,0.11303164672243654,0.1130907273544864,0.12310847141345475,0.0752584298442717,0.14629385912188295,3.3976471552711137e-19,3.899785616063944e-19
MA0137.4,STAT1,False,9,6030,245,0.0430147139147173,0.42851239669421487,TTCCAGGAA,0,-0.11294904919558059,-0.1121885872923267,-0.1202559777835003,-0.15666587938181278,-0.06477965488644782,1.4029015761126273e-18,1.6259570568334636e-18
MA0602.2,ARID5A,False,8,2224,235,0.0294156391983678,0.15265530964861193,TAATATTG,0,0.11264525447801924,0.11323616209370166,0.13321861345627273,0.05328763205806081,0.17148070809225163,1.0026385365504385e-07,1.4905055883245338e-07
MA0818.2,BHLHE22,False,10,2782,232,0.04409902824872445,0.3969940815963517,ACCATATGGT,0,0.11225161731760734,0.11408965105318207,0.10641012826663497,0.03766032779072481,0.1823199459014869,2.9066589319803378e-09,4.032443359725644e-09
MA1600.2,ZNF684,False,14,369,118,0.0463200044767169,0.5740313070296695,ACAGTCCACCCCTT,0,-0.11204996186080639,-0.10708471466192249,-0.1040658963600422,-0.2836718047227666,0.05777352742122929,0.031406215244067066,0.09774743396187166
MA0628.2,POU6F1,False,6,1140,212,0.03134128137665155,0.048425460102106806,TAATTA,0,-0.11178574736846043,-0.11283596080486154,-0.10112209051781748,-0.1895919421211902,-0.026182679156051745,0.0001555483592677127,0.00028852831819524383
MA0017.3,NR2F1,False,12,2579,230,0.0438127907969194,0.5271555638239948,AAAGGTCAAGGG,0,0.11113123086431369,0.1124034342837961,0.096796768728644,0.048244460603779654,0.17364901960615406,1.5272747606743828e-08,2.1957877614540003e-08
MA0152.3,NFATC2,False,8,1449,222,0.0441570465990865,0.31485339506172844,AATGGAAA,0,-0.11097336207326211,-0.1100645419720039,-0.11865854419619488,-0.20108701090624245,-0.029363613276490886,2.298578349807026e-05,3.954696912400908e-05
MA1640.2,MEIS2,False,9,925,203,0.0309694690633886,0.21886531619356045,TGATTTATG,0,0.11049653276331296,0.1133441525162104,0.15225437692778337,0.03848567294035072,0.18013393539306935,0.000761589844367717,0.0015704247163016696
MA0151.1,ARID3A,False,6,4229,240,0.0319431212870702,0.07738095238095238,ATTAAA,0,0.11025716755225813,0.1110242388833428,0.10297206407339345,0.06852208432847633,0.15124064005031843,6.483037164312785e-13,8.064975873568749e-13
MA0725.2,VSX1,False,7,2132,231,0.0315209599991357,0.17625097174847768,CTAATTA,0,0.11023107475251992,0.11076486350204832,0.07687275807979406,0.05270745639142749,0.16843619005556956,3.354893107256401e-07,5.124845904650863e-07
MA2125.1,ZFP809,False,9,1820,209,0.04215684179521355,0.6222822462318259,ATCCCAGCC,0,-0.11008051012177437,-0.10909931385281683,-0.15943576671015494,-0.19879166290831823,-0.030351337593407392,2.5104349328665344e-06,4.0273579714519114e-06
MA1567.3,TBX6,False,9,1467,211,0.0384763464085213,0.4937612947040068,AGGTGTGAA,0,0.10946105648524825,0.11191126438098425,0.1266980325624666,0.030511580535609477,0.18121684368618968,2.6506744914770516e-05,4.588980213369646e-05
MA0490.3,JUNB,False,9,579,161,0.0436383200537826,0.3616694007204545,ATGACTCAT,0,-0.1093910952698912,-0.11025969102399333,-0.168114000140597,-0.26509891027815125,0.016680976716450035,0.008427718088999607,0.021615536209748994
MA1136.1,FOSB::JUNB,False,10,436,155,0.03796936394242695,0.44167864121906025,ATGACGTCAT,1,0.10938980717415282,0.11166035462989879,0.1381428637970505,-0.0805882663663273,0.2948825942144579,0.022346371220399418,0.06655854653817891
MA1711.2,ZNF343,False,16,1391,192,0.0497186333770494,0.674297427808414,CCGCTTCACCACGGCA,2,0.10937521766415713,0.11899270078911002,0.10086371760442987,0.022352370832890392,0.18797570636871946,4.353472293366534e-05,7.600284612999138e-05
MA0685.2,SP4,False,9,3679,224,0.0469907868110754,0.883109848678711,GGGGCGGGG,1,-0.10931308613528433,-0.11163938598611733,-0.1478487707011406,-0.17004167907117465,-0.04542707645831543,2.970296601344804e-11,3.820923337024044e-11
MA2118.1,FOXS1,False,8,1210,208,0.034477586614132,0.2733333333333333,TGTAAACA,0,-0.10930416182969928,-0.10997528270638052,-0.16047088992348107,-0.18514081036475563,-0.031194235646001097,0.00013916871549721186,0.0002575706070783587
MA0880.2,DLX3,False,6,2844,240,0.0322270853180519,0.15636186517257583,CAATTA,0,0.10918597912750426,0.11020978793943384,0.1048119047849467,0.05375319482344456,0.16942735759513194,5.292712636677022e-09,7.46730764189916e-09
MA1946.2,ETV5::FOXI1,False,12,5826,243,0.04147512269384915,0.46911171688199144,GTAAACAGGAAG,0,-0.1091091192424098,-0.10913638398363425,-0.10343613949905023,-0.1524541678886277,-0.06888060259856428,6.753736147654154e-17,7.904724984085355e-17
MA0881.2,DLX4,False,6,3900,245,0.034744164730944604,0.14876174294589442,CAATTA,0,0.10891243314680198,0.10881529140277893,0.13957047791205332,0.06403083222660584,0.15758058536164105,9.123497161121767e-12,1.1646123104289078e-11
MA0773.1,MEF2D,False,12,1924,229,0.0293639087865553,0.22532110515782167,ACTATAAATAGA,0,0.1088725817473397,0.105246715303731,0.06954503110680235,0.04262691382432281,0.1711762568532418,1.6958394499496897e-06,2.694536487396161e-06
MA1521.2,MAFA,False,13,285,106,0.0405495693058673,0.5547015234559936,TGCTGAGTCAGCA,0,0.10868930212563363,0.09954192626719513,0.14549164171669302,-0.0724622178984754,0.29110040112939517,0.06691355759928487,0.24176159289132926
MA0630.2,SHOX,False,6,3230,240,0.032474994474626345,0.13328538128538128,TAATTG,0,0.10864921862206453,0.10969985766889571,0.13187376888732089,0.05467042003705824,0.15642621463356784,5.985411244951644e-10,8.087604462690757e-10
MA1099.3,HES1,False,8,5698,241,0.0482397895098691,0.7416739454687202,GGCACGTG,1,0.10788774576086277,0.11376413023348678,0.11050943954471559,0.06094789499113287,0.15287711368535992,3.188510841177046e-16,3.763710950309837e-16
MA1956.2,FOXO1::FLI1,False,13,1607,226,0.034907805700862,0.41173195262962164,GTAAACAGGAAGT,0,-0.10739598754871123,-0.10600315493126129,-0.10127443386573541,-0.18130293221374374,-0.0331505148328706,1.6006629754340454e-05,2.7145937399707995e-05
MA1616.2,PRDM15,False,11,766,173,0.045459367082306,0.47934438215939557,GAAAACCTGGA,0,0.10709559731332557,0.10839153924365312,0.08761771033364142,-0.0005332930696814492,0.21917961369707561,0.0029998633760546616,0.006982875253505388
MA1549.2,POU6F1,False,7,9346,246,0.03747021837114255,0.2616069681490487,TAATGAG,0,0.1062912740301687,0.1055977725532964,0.11604300674649853,0.07716790322522146,0.1388553013668243,6.794157896244096e-25,7.548055095961021e-25
MA0605.3,ATF3,False,10,603,181,0.0356259322776809,0.47100123190064436,ATGACGTCAT,1,0.1050277067437302,0.09896103011017647,0.10856091604375426,-0.014334901978538449,0.228953701330139,0.009855558882940152,0.02567388536590366
MA0660.1,MEF2B,False,12,1470,223,0.03194364423425575,0.2553245631056533,GCTATAAATAGC,0,0.10483750635262455,0.09596968900620416,0.05219453020330652,0.03595321971660369,0.1789881988995008,5.644180619267139e-05,9.916097451608863e-05
MA0491.3,JUND,False,9,522,151,0.04362141374330025,0.3706086119343817,ATGACTCAT,0,-0.10361425342638929,-0.10638511056149473,-0.16286685315318158,-0.2533800184448667,0.04545661182670195,0.017884073688415637,0.05037852622058778
MA0159.1,RARA::RXRA,False,17,852,176,0.04227929504117675,0.5330882352941176,AGGTCACGGAGAGGTCA,1,0.10361021777808035,0.09856716031190006,0.08466057465274394,-0.018716503883408224,0.2249807572817145,0.0024618176020338024,0.005635731204655894
MA0875.2,BARX1,False,6,3764,240,0.036025731516001,0.20945570325921584,CAATTA,0,-0.10352857906280767,-0.10229334311698325,-0.16980354761269512,-0.15349540094075123,-0.060530091232513863,1.932238815678201e-10,2.569104729325736e-10
MA0827.1,OLIG3,False,10,6325,244,0.0382729545325242,0.383127289934608,ACCATATGTT,0,0.10345929401427677,0.10144911514684078,0.0984111755934534,0.057564654789679794,0.1444389853454037,1.6023359565696843e-16,1.8860356655940618e-16
MA1727.2,ZNF417,False,7,1034,170,0.0538433296200522,0.8416428571428571,GGCGCCA,1,-0.10283480338495854,-0.10221399973973429,-0.14140241418045274,-0.2165488180013548,0.02576081284083789,0.0009278875645274609,0.0019422533151695716
MA0484.3,HNF4G,False,9,795,165,0.0368158001331009,0.45288615729816406,CAAAGTCCA,0,0.10254230427526038,0.10035899799356729,0.09426166645511373,-0.008156998147349397,0.20569405521889658,0.003799564780316007,0.008969995262621029
MA0527.2,ZBTB33,True,10,734,137,0.05268148847389535,0.6447592067988669,TCTCGCGAGA,2,0.10194178181020001,0.1048133018396696,0.07577961573771078,-0.047514648761609,0.25980770479891996,0.005703658731810097,0.014106370256351758
MA0803.1,TBX15,False,8,2760,228,0.04050590466238675,0.5087411310475758,AGGTGTGA,0,0.1013954815527877,0.10183048582669517,0.09883093371997466,0.03520807467699589,0.16615203678282456,9.385720126212338e-08,1.3878173353883367e-07
MA1494.2,HNF4A,False,14,291,99,0.0430355465013704,0.5070947214417917,GGGTCCAAAGGTCA,0,0.10135195432425023,0.10018116113257965,0.08876122354140485,-0.11061871244308379,0.31746824181470307,0.08435814516541332,0.3260540401509696
MA1503.2,HOXB9,False,9,1998,228,0.03865711095389385,0.30475483346249455,GTCGTAAAA,1,0.10129614816671463,0.10119257342380143,0.09977770737607279,0.030114539367075595,0.1800485218723684,5.714795871386652e-06,9.403951225984768e-06
MA0876.2,BSX,False,6,5690,246,0.0352175839485602,0.2077070225605607,CAATTA,0,-0.10125512601400855,-0.10285841036740012,-0.15764607821564386,-0.13419871887713652,-0.059423478228467705,1.9197793535366783e-14,2.3323635128493852e-14
MA1565.2,TBX18,False,9,2777,231,0.0417321935446395,0.5019861188354712,AGGTGTGAA,0,0.1012376185765826,0.1016934685964564,0.09893277036553015,0.04553699123879249,0.1522042387129409,8.977918484573616e-08,1.3204690726868451e-07
MA0488.2,JUN,False,10,4232,235,0.0424659322720757,0.36496256378463443,ATGATGTCAT,0,0.10080390121707929,0.1004094463879574,0.09486156939714308,0.05717493107475596,0.14930421422056742,4.948118070694375e-11,6.404807035431505e-11
MA1559.2,SNAI3,False,9,6352,242,0.04432147262107585,0.5900542007225605,ACAGGTGCA,0,0.1002216107822687,0.10080854759611375,0.07540591159128565,0.06122822451764664,0.14041788159713303,1.1830960254591146e-15,1.4146083412324092e-15
MA0144.3,STAT3,False,9,10923,248,0.038160154696718,0.43041230490932164,TTCTGGGAA,0,-0.09974227498261307,-0.09925953957107783,-0.12025671984590075,-0.1324676799710409,-0.0676558839234819,1.4768583573811002e-25,1.632007041201721e-25
MA0659.4,MAFG,False,12,210,91,0.0458237815439874,0.546846264724887,GCTGACTCAGCA,0,0.09928559607325517,0.09009385717886971,0.09458466293440797,-0.14189112473786405,0.33370829909333516,0.1516458514992189,0.6924049593178621
MA0721.2,UNCX,False,6,3108,240,0.031974682165635454,0.14203974843955466,TAATTA,0,0.09921699134770337,0.09951764280747796,0.09109230269945646,0.04741430846820926,0.15046724932708136,2.9776280888574422e-08,4.333465747531584e-08
MA0624.3,NFATC1,False,6,2806,235,0.04415704659908675,0.3421080964685616,TGGAAA,0,-0.09921258321033179,-0.0978767419405009,-0.17208256538549777,-0.15980429012523356,-0.04065556718847137,1.3934241114205588e-07,2.0826176917095044e-07
MA1561.2,SOX12,False,10,1261,217,0.0334903567340394,0.4254483110698672,ACCGAACAAT,1,0.09879642152431922,0.09691519007155461,0.09347569394030376,-0.007204639603302026,0.1874807568141377,0.00044235152154027555,0.0008690168189124562
MA0883.2,DMBX1,False,10,1837,226,0.0391401539413662,0.3854592312172394,AACCGGATTA,1,-0.09871767361280122,-0.09865387043410052,-0.08529377866444729,-0.16170926224930948,-0.024541460399145763,2.2497877166314368e-05,3.8627553564477766e-05
MA1147.2,NR4A2::RXRA,False,13,953,188,0.0432809891534295,0.5580342247189323,AGGTCATTGACCC,0,0.09861867771168577,0.10079414710489008,0.07876038514465714,-0.0021303082240592052,0.19283004465762574,0.0023047406233238916,0.005261646862588335
MA1652.2,ZKSCAN5,False,9,1437,198,0.0465102655650762,0.5843182425213675,GGAGGTGAG,0,-0.09857758482863624,-0.09744513933373761,-0.027662856146203275,-0.18030769939476976,-0.020134190509995497,0.00018203558613959152,0.0003422433757511325
MA2327.1,PGR,False,9,1823,224,0.0327534892850077,0.40099521922726344,ACAGTCTGT,0,0.09844870532395136,0.09456630163331135,0.09695327045154967,0.024257046455746327,0.16716783958959405,2.544965812808145e-05,4.396812038344218e-05
MA0869.3,SOX11,False,8,2119,229,0.0332302747645081,0.3875378085666894,GAACAAAG,0,0.09827945993774431,0.10800309299913302,0.15059225349421626,0.021272357083891198,0.16641144780475728,5.83269240425856e-06,9.616998785592985e-06
MA1636.2,CEBPG,False,10,828,197,0.037869325936030304,0.32751560950773106,ATGATGCAAT,0,-0.09824275872962257,-0.09726049657076478,-0.0957238559939298,-0.18468223435173317,-0.007068783886195544,0.00466191975843013,0.011261788718765807
MA0707.3,MNX1,False,6,6318,245,0.039253997090274495,0.17750679407948167,TAATTA,0,0.09820635663342668,0.09802092021947771,0.15544150469857235,0.05523440266649326,0.13786537006370309,5.142042626072303e-15,6.201795968455855e-15
MA1998.2,PRDM14,False,8,1306,211,0.0442725636129135,0.502745268024852,GGTCTCTA,0,-0.0971443948801559,-0.10058299137938638,-0.0631626367963833,-0.18181812523578875,-0.0030451901836174656,0.0004387273020375896,0.0008598641226255588
MA0024.3,E2F1,True,12,1005,168,0.0583361679900513,0.5810083041154829,TTTGGCGCCAAA,1,-0.09713329356394904,-0.09060582503971931,-0.13664331659767018,-0.23098715466079867,0.04965752985208297,0.0020509473283272478,0.004618800080867054
MA1103.3,FOXK2,False,7,1695,232,0.0319441671814417,0.2729916067146283,GTAAACA,0,-0.09657117481929758,-0.09643503176367332,-0.14006804126134453,-0.15680424497438486,-0.03432726969199421,6.826616538848488e-05,0.00012147576753282855
MA1977.2,ZNF324,False,14,1410,214,0.04321243368527345,0.47473508634222916,AGACAAGGATGGTT,0,-0.09653326879533057,-0.09319281039699491,-0.08115037293283932,-0.1785356673256934,-0.010732215478697564,0.0002833260094257768,0.0005424974973106464
MA0675.2,NKX6-2,False,6,6863,247,0.0356899488101971,0.16519926920446062,TAATTA,0,0.0965045887199081,0.09646056249887952,0.16136151245661068,0.06011311999672892,0.13330414319549855,1.1285740078257727e-15,1.3455451944092067e-15
MA0461.3,ATOH1,False,8,5631,244,0.0381599434246195,0.38142553981672617,AACATATG,0,0.09580803400045056,0.09791004458274559,0.0927818171486253,0.053095398522264754,0.14302847991453305,5.829352200736334e-13,7.219361667379871e-13
MA2337.1,NR1H3,False,6,4577,238,0.0443556703067824,0.5723530934506861,AGGTCA,0,0.0951406475963896,0.09385029350674866,0.03368414813901306,0.04465471105763589,0.14725239434265538,1.122373684076041e-10,1.4711238666674923e-10
MA1997.2,OLIG2,False,6,2844,224,0.0494581655478887,0.673718441467816,CAGCTG,0,0.09445249714919705,0.09792550663989516,-0.027787523883095334,0.013664024242540065,0.17106965518761894,4.508183811233083e-07,6.937593976175356e-07
MA1725.2,ZNF189,False,9,1181,196,0.0410602466961922,0.5565414602537572,TGCTGTTCC,0,-0.09399156176029476,-0.09676594084776595,-0.10828588034999376,-0.1885558167991388,-0.003528042975207866,0.0012214438047540843,0.002622790185402181
MA1421.1,TCF7L1,False,12,1002,201,0.0382401386612466,0.3545921330979424,AAAGATCAAAGG,0,0.09364787883585753,0.09253826849240747,0.10170363638080646,-0.0014601681517271725,0.19164976815654056,0.0030053668134829696,0.0070153365786638985
MA2117.1,FOXP4,False,7,1384,220,0.0341426868116625,0.28833500356022046,GTAAACA,0,-0.09350896360540209,-0.09522160296131077,-0.1338211730028363,-0.17125697820841274,-0.004630807045687319,0.0004954107965567814,0.0009802056474730602
MA0030.2,FOXF2,False,9,1254,220,0.030993289587416498,0.31245686680469287,CGTAAACAA,1,-0.09314597377063127,-0.09232099456682362,-0.12532382832701264,-0.17069130526222057,-0.011885078737861618,0.0009587335918257769,0.0020221005451959914
MA1603.2,DMRT1,False,9,1332,226,0.03275348928500765,0.26165099839673517,TACAAAGTA,0,0.09304904678379824,0.08742423237450848,0.0824515208821651,0.01882087629786657,0.1560402948350166,0.000673459066516519,0.0013716776575373219
MA1539.1,NR2F6,False,15,480,147,0.0445702082169423,0.5314971301016163,AAGGTCACTGACCTT,0,0.0930463900486264,0.09410779807651548,0.09804110867654396,-0.06140925036914292,0.24742056634041107,0.04158480223115722,0.1349881666175455
MA2326.1,IKZF2,False,6,4030,238,0.0459133633302203,0.5050021939447126,AGGAAG,0,-0.09277643512661522,-0.09352976571550231,-0.16260201492537696,-0.13817748640252678,-0.039369177657893106,3.622651067119746e-09,5.059534515590771e-09
MA1618.2,PTF1A,False,9,1342,213,0.037492343591629854,0.45508855344750654,ACAGATGTT,0,0.09256560276280063,0.10483507336323702,0.08810846768928553,0.0009626828042392525,0.18073406403953193,0.0006859935637935553,0.0014006404214064975
MA1538.1,NR2F1,False,15,641,160,0.0431610028929367,0.5387051876042962,AAGGTCATTGACCTT,0,0.09246669622743575,0.09864753035239064,0.08779990103998565,-0.01797718455054547,0.19145580747380433,0.019205467199892506,0.05522402506266669
MA1988.2,ATF3,False,7,1114,200,0.04010986279699375,0.3971610365390191,TGACTCA,0,-0.09236052732283394,-0.09662297971079022,-0.06367851831367033,-0.1891192983201247,0.025077627341009434,0.0020299102507457807,0.004559068698296605
MA0003.5,TFAP2A,False,9,1553,197,0.04801905875438,0.7537694560989696,GCCTCAGGC,0,0.09206299853385194,0.10175294331441119,0.007359357932388265,0.0041462645464700265,0.18595307578713707,0.0002803344499885153,0.0005355354665297844
MA0626.2,NPAS2,False,8,2137,225,0.0443229295307405,0.6142049825174825,GCACGTGT,1,0.09203188156150624,0.08644612507868941,0.05720169832126743,0.03836755300267587,0.14914173637890546,2.0353429742678732e-05,3.48018520908766e-05
MA0720.2,SHOX2,False,6,5702,245,0.0356069765725557,0.10340079858397731,TAATTA,0,0.09198960333210447,0.09225119730273494,0.17433948315610182,0.05553850368473177,0.12697316823586083,3.4143918602774826e-12,4.325243347394189e-12
MA2002.2,ZFP335,False,7,4020,235,0.0468832338615223,0.615966386554622,TCAGGCA,0,0.09172886346028945,0.09782220752434279,-0.0045858386203132505,0.0394351761477526,0.15411222061033988,5.663369946301735e-09,8.017479429943341e-09
MA1481.2,DRGX,False,6,5667,244,0.038013297588697,0.1147058192281365,TAATTA,0,0.09166283623459663,0.09147425750869304,0.1415679473719769,0.05269840837009759,0.12949715996170885,4.732867381232378e-12,6.013781030281508e-12
MA1126.2,FOS::JUN,False,10,342,134,0.037219462070640905,0.4496804864795882,ATGACGTCAT,1,0.09143275795362586,0.08917815192806816,0.11160782618719454,-0.09202862514471678,0.2827978300471549,0.09136604027617318,0.3598349737890991
MA0789.1,POU3F4,False,9,1631,226,0.0348939185445722,0.21705180266371393,TATGCAAAT,0,0.09099665763823271,0.09010305895427638,0.08270764989169177,0.01527963815632929,0.1687221938338343,0.00023343778693607516,0.0004418833734484703
MA2098.1,ZNF766,False,9,2096,235,0.03595819664421005,0.3382280049566295,AAGAAACCT,0,-0.09091134251580005,-0.0931132181109171,-0.10931992982530278,-0.1614037639975961,-0.020367548131895726,3.0693050756214186e-05,5.335967610546859e-05
MA1523.2,MSANTD3,False,7,6158,244,0.0404418581170658,0.48256492206492213,CACTCAC,0,-0.09047314712520794,-0.09252861315275379,-0.09015414416205247,-0.13472579933123882,-0.05062667507245712,1.1367766361139517e-12,1.4269809435206856e-12
MA1982.2,ZNF574,False,14,1676,198,0.043650841572205654,0.6830484884377099,GGCTAGAGCGGCCC,1,-0.09042258494320199,-0.09202576310510638,-0.09693337873900855,-0.17216499325438697,-0.0020888234910982745,0.00021002583986340088,0.00039666243846928664
MA1516.2,KLF3,False,10,4581,226,0.0486633132787035,0.8211884540970183,GACCACGCCC,1,-0.09037906610002949,-0.09388771560256193,-0.15657587094416525,-0.15306950677148723,-0.03263996407445274,8.898567081901546e-10,1.2122474172229809e-09
MA0635.2,BARHL2,False,6,10834,248,0.0343618623128879,0.24918964550338632,TAAACG,1,-0.09033996467874623,-0.09143625277625135,-0.17068537820645285,-0.12206717095170054,-0.06409028251135648,4.4530489202522636e-21,5.062221139165022e-21
MA0092.2,HAND1::TCF3,False,9,5028,246,0.03956307057698155,0.49444444444444435,GTCTGGCAT,0,-0.09022121179356407,-0.08575594493594682,-0.09756509418287855,-0.12978215125883363,-0.046087276399001086,1.4655056265603428e-10,1.9330717074153096e-10
MA1981.2,ZNF530,False,14,2012,207,0.0441342366238162,0.6752745401162853,GAAAGGAAAGGGGC,0,-0.09010661025770457,-0.08586167695506974,-0.1412612940927398,-0.159816751368572,-0.01598107085559616,5.177093803471475e-05,9.076297364313914e-05
MA1965.2,SP5,False,6,7467,244,0.0472504901506536,0.8345734486479522,CCTCCC,0,-0.08933773961016958,-0.08782781440313531,-0.1468898596137836,-0.13027958155523695,-0.04870406361379101,1.042101301545572e-14,1.2605330154066525e-14
MA1527.2,NFIC,False,15,554,150,0.0527717941892904,0.600770901416113,TTGGCACGGTGCCAA,1,-0.08931010966078973,-0.09917474471328855,-0.12230107362338327,-0.22867970283092626,0.04809249891000115,0.035591533438950926,0.11419522891030201
MA1569.2,TFAP2E,False,9,4828,228,0.0499388959029865,0.860575875604231,GCCTCAGGC,0,0.08925605750882104,0.08981760434744024,0.012529039038724212,0.028182727768962284,0.14234840079859068,5.209916244159622e-10,7.028312335871179e-10
MA0072.2,RORA,False,11,429,144,0.0401806121190029,0.36977886977886976,TAAGTAGGTCA,0,0.08893345654127889,0.09387359445133418,0.07386067334389598,-0.05189796658369015,0.21977569230916957,0.06572547938985195,0.2354218679869266
MA0518.2,STAT4,False,10,6556,248,0.0395394568688949,0.40588030619345855,TTCCAGGAAA,0,-0.08887048405475918,-0.08788098691466645,-0.09998112349695415,-0.1281588945080008,-0.04875442135235886,5.650506435864838e-13,6.977074068653314e-13
MA1713.2,ZNF610,False,10,1250,168,0.052904468164983454,0.8369501466275662,CCGCCGCTCC,2,0.08885643597843171,0.08821578871765444,-0.04333775948674616,-0.0412029553502347,0.22305461148527814,0.001662979890146795,0.003636674443978912
MA0809.3,TEAD4,False,8,1620,216,0.038639052183688655,0.39199546659495177,ACATTCCA,0,-0.08854047735989155,-0.08799307932830117,-0.08729826262409301,-0.14885583276968148,-0.030574248308951647,0.0003597936442946144,0.0006985713046935154
MA0060.4,NFYA,True,8,1423,207,0.03924201525574,0.4901315789473684,CCAATCAG,0,-0.08841623270981194,-0.0893727535651666,-0.11909899369627738,-0.1778736291509604,0.001295516293621856,0.0008410892613212248,0.0017430054268277751
MA1528.2,NFIX,False,14,1396,195,0.0445901936680264,0.6215754534693074,TTGGCACGGTGCCA,1,0.0883724542651986,0.08934464713353014,0.036973660019565854,-0.01714543923632074,0.17798755306846095,0.0009484829856705121,0.0019954161040308745
MA1116.2,RBPJ,False,6,3635,238,0.045197747392218,0.4891801914273824,TGGGAA,0,-0.08835137482753781,-0.0883379606059116,-0.1274183475071688,-0.13417351480072764,-0.04212888531704438,9.533769619115208e-08,1.4122214890347126e-07
MA0781.2,PAX9,False,16,455,128,0.0446248802354685,0.5844369183462431,CGTCACGCATGACTGC,2,0.08814990725092575,0.0870339493408513,0.10101350108905356,-0.06827143435546626,0.25895165979372475,0.06027340616092592,0.2131370234882104
MA1547.2,PITX2,False,8,2811,233,0.0392616292338634,0.3846049113330641,TTAATCCC,0,-0.08755236908678378,-0.08737615859162484,-0.08053874051181534,-0.13977932569159235,-0.027240300686675753,3.338853559193442e-06,5.419115835331543e-06
MA1592.2,ZNF274,False,12,3329,235,0.0394012966619459,0.4741516392089568,TATGAGTTCTCG,1,0.08612790222763367,0.08440460315218415,0.10497394205004781,0.022835605360785875,0.14612624404737998,6.466177166048483e-07,1.0006318854723072e-06
MA1596.1,ZNF460,False,16,683,149,0.0482497406668009,0.7410105393676379,GCCTCAGCCTCCCGAG,1,0.08594843942862755,0.11877627688703955,0.015817247863237537,-0.061792683834324506,0.21485166976840936,0.024688444563908674,0.07406533369172602
MA1649.2,ZBTB12,False,7,1543,220,0.0410239953341164,0.5194900527325025,CTGGAAC,0,0.0858722950855215,0.08417489708153941,0.09310232159212507,0.010696923316136479,0.16921393814055724,0.0007337222025742125,0.0015092157186613134
MA0699.2,LBX2,False,6,5818,245,0.0376764226008454,0.1785975425063645,CAATTA,0,0.08544529730981738,0.08575921161652629,0.12244382352531716,0.04675056590659843,0.12103081146413401,6.667597759084206e-11,8.657458965310899e-11
MA0018.5,CREB1,False,8,639,166,0.0435386849881394,0.4027783015902948,TGATGTCA,0,0.08490114238524467,0.07543192046622732,0.07295713517170668,-0.022095800105582604,0.20281201776551844,0.0318855281520606,0.09998820337495229
MA1601.2,ZNF75D,False,12,822,184,0.0398717066906024,0.538873177720483,GTGGGAAAGCCT,0,-0.08457334356524904,-0.0860630316660838,-0.08223779326336618,-0.19802621864641806,0.03258260285485785,0.01529067167292841,0.0423551605340117
MA0508.4,PRDM1,False,7,1817,224,0.0389370943391211,0.4310394104651702,CTTTCTC,0,-0.08455506850215648,-0.07958946519338936,-0.10993206698591197,-0.16189852742093222,-0.002223275200406794,0.00030826806849440025,0.0005916183947317473
MA0634.2,ALX3,False,6,3881,242,0.0335809981770465,0.12907711004107467,TAATTA,0,0.08432485441998487,0.08410178480568664,0.10092415401734788,0.042873264815059646,0.1283866282479141,1.4333499254889337e-07,2.1500248882334006e-07
MA0148.5,FOXA1,False,8,1327,217,0.0314814082248308,0.2655338068921079,GTAAACAT,0,-0.08398677593579101,-0.08487439754804939,-0.13380457916863225,-0.17235477190425,0.006567395413270852,0.00219864055820593,0.0049648649561661075
MA0145.2,TFCP2L1,False,14,4510,238,0.0460755979145848,0.6096069674688188,CCAGTTCAAACCAG,0,-0.08384587914707697,-0.08327314928170283,-0.12532758743450806,-0.13518424484592892,-0.03755201070508896,1.7087241060715735e-08,2.4737800211593686e-08
MA0031.2,FOXD1,False,7,1795,228,0.032751636817775,0.2891156462585034,GTAAACA,0,-0.08369295629042774,-0.08362809271705823,-0.10095995986909034,-0.15598947237919686,-0.011659129299532224,0.00038579470333777795,0.0007508088957229357
MA0742.2,KLF12,False,9,3372,221,0.0486633132787033,0.9189551300329745,GGGGCGGGG,1,-0.0835808875394663,-0.083280467728735,-0.09704817124789093,-0.1518472878110692,-0.0065470190169933055,1.1729191342498959e-06,1.8390486803050253e-06
MA0690.3,TBX21,False,10,1720,221,0.039246866286754,0.44720247494241655,TTCACACCTT,0,0.08354751978514248,0.08311613915145892,0.06227730831989711,0.014488769391835769,0.1607759108578462,0.0005233669309844971,0.0010404734919811415
MA1973.2,ZKSCAN3,False,14,249,90,0.0406245582808133,0.6513202437373055,CCCAGGCTAGCCCA,0,-0.08343546561671386,-0.0846003662952891,-0.18947580676998554,-0.2625737487981713,0.11045549161306918,0.189434459608678,0.9370240234214965
MA1980.1,ZNF418,False,15,1186,208,0.040380853790277296,0.4614712460526832,AAGAGGCTAAAAGCA,0,-0.08342570321736507,-0.08255773582167852,-0.06559627582542875,-0.1804441703647353,0.0030903448959034947,0.004039928743231446,0.009591945101786662
MA0855.1,RXRB,False,14,562,154,0.038853495379879296,0.5148305133902953,GGGGTCAAAGGTCA,0,0.0833503846901946,0.07890546163107091,0.06829538617707727,-0.06274619402863227,0.235091491761995,0.048269573339616685,0.16109243150691352
MA0841.2,NFE2,False,10,841,185,0.0450500430723668,0.39835135052517934,ATGACTCATC,0,0.08318717224534708,0.0862463904160331,0.05263162908210303,-0.023417825450532802,0.18295263761271932,0.015820805832729292,0.043970199488287766
MA1726.2,ZNF331,False,10,1033,172,0.0458179836988361,0.6536395147313692,TGCAGAGCCC,0,0.08309941525345974,0.07169793461328533,0.0015007528351454367,-0.025382263301200476,0.18330718800544382,0.007534879076346197,0.01908989180623076
MA2341.1,FEZF2,False,8,4622,231,0.042824195170112,0.7030075187969924,CCCAGCCT,0,0.08300948021870054,0.08441521642078635,0.06115400067947355,0.02928700585432741,0.13658235750875658,1.5891218104255267e-08,2.292639278582661e-08
MA1948.2,ETV5::HOXA2,False,12,2526,228,0.0450280191533406,0.4344613597100713,CGGAAGTAATTA,1,-0.08293409864487394,-0.08243219658645788,-0.07928693139103157,-0.14427804771594893,-0.02404209821975017,3.0016686096490902e-05,5.2074877131908016e-05
MA0622.2,MLXIP,False,6,713,155,0.054257324529245,0.6665,CACGTG,1,0.08290572327319808,0.07541324125333784,-0.01735720609344032,-0.08002481043373642,0.21262712685932758,0.026850706576940605,0.08113795332886416
MA0867.3,SOX4,False,8,7029,245,0.0346872595152105,0.35904910642806137,AACAAAGG,0,0.0827451009672813,0.08703104026500094,0.08822086686273273,0.05155818893204583,0.11809682755999634,3.706051377283756e-12,4.70187586950046e-12
MA1114.2,PBX3,False,11,356,125,0.0357869937745018,0.5211478211335803,TGAGTGACAGG,0,0.0824553908586471,0.08556277220000125,0.05848344392754197,-0.0825866750430869,0.23212578251150517,0.12043767529529194,0.5106311641346306
MA0643.2,ESRRG,False,9,4816,238,0.04318255206551265,0.48238028028416885,TCAAGGTCA,0,0.08184018279497177,0.08208118131269056,0.0682498967738937,0.020570676059484646,0.13849624284540607,1.2886392333145018e-08,1.8463089704902602e-08
MA0826.1,OLIG1,False,10,2865,239,0.0362102298923665,0.3436255028714216,AACATATGTT,0,0.0814107017004987,0.0820886015270587,0.0706209614003345,0.01636846382555027,0.1399583860937367,1.2834608329731855e-05,2.163399497364538e-05
MA0833.3,ATF4,False,10,781,185,0.0415595585112265,0.34001562640863053,ATGATGCAAT,0,-0.08130356235491602,-0.07714423940404988,-0.0635700660824251,-0.1845055011343226,0.014084702196404082,0.023070600503081885,0.0689628381944642
MA0683.2,POU4F2,False,15,334,128,0.02709703255890165,0.2287849552373819,TGCATAATTAATGAG,0,-0.08127581398095667,-0.07108182545192636,-0.08102595163209939,-0.22482859570793975,0.08229439294723721,0.1382726468734275,0.6177665029667648
MA1119.2,SIX2,False,11,470,157,0.0403273804165249,0.3870637063706371,TGAAACCTGAT,0,-0.08110924729320014,-0.08143716026948164,-0.04724552079410375,-0.23015095879566472,0.0766425639013244,0.0789827068150813,0.2983392243787843
MA0697.3,ZIC3,False,7,1492,188,0.05027927015381565,0.7104898349024423,CAGCAGG,0,0.0811053457039235,0.07999497608271938,-0.02983048276724232,0.004459659695689872,0.16130742285701538,0.001716494870625622,0.0037735641203436297
MA2094.1,PAX8,False,16,2414,219,0.050861636259447895,0.6081022031943705,CGTCACGCATGACTGC,2,0.08099165874326411,0.08799698968471782,0.0704747430753542,-0.005159037128974243,0.17027299497030254,6.782041797520046e-05,0.00012016794741448098
MA0719.2,RHOXF1,False,6,14251,249,0.0403389514814929,0.43714669433121006,TAATCC,0,-0.08079184841218098,-0.07919300188551993,-0.04474517309377468,-0.10618865882942431,-0.05520795969330379,4.472576298330896e-22,5.063638833668903e-22
MA0108.3,TBP,False,7,6287,246,0.0312171695255035,0.056959706959706966,TATAAAA,0,0.08062625764464874,0.0805925525081282,0.07025258898995927,0.0469952631729179,0.11317747589375747,1.5329662577654187e-10,2.0284951595590174e-10
MA0870.1,SOX1,False,15,274,116,0.0339707125826923,0.3020293873648655,AACAATAACATTGTT,0,0.08058058521142542,0.07351311251292644,0.026896691079458485,-0.06871950952335974,0.24331001002315183,0.18354734483999288,0.8919756933452286
MA0724.1,VENTX,False,9,5043,245,0.0339574931810049,0.3166432128132078,ACCGATTAG,1,-0.0804237827114284,-0.08056110893909806,-0.11670013440801044,-0.11441700066341583,-0.044807139905411436,1.0710817903402927e-08,1.5293281233209337e-08
MA0509.3,RFX1,False,16,241,100,0.0344801733083636,0.5372834146081911,CGTTGCCATGGCAACG,2,0.08035304520040919,0.08144286618825627,0.09259660554065956,-0.08280260399806541,0.252464788896327,0.21388994302153286,1.0
MA0114.5,HNF4A,False,9,747,163,0.0366377262564756,0.4493746192165717,CAAAGTCCA,0,0.0800468853200388,0.08115593981330477,0.07828937197860378,-0.024852627835576048,0.18639504513378813,0.028696345891242488,0.08864930645212828
MA1608.2,ISL1,False,7,1538,226,0.04272870655841815,0.3644022703086201,CCATTAG,0,0.08002568500098914,0.07999246111812672,0.0968654146986873,0.010846788297270697,0.15209581267400757,0.0016844021844911903,0.003693240673646911
MA1557.1,SMAD5,False,10,1162,191,0.04843071854350575,0.5034002918667388,TGTCTAGACA,0,-0.0799977993235126,-0.07988821044046575,-0.08124614471651068,-0.18121448032361154,0.021320290518957168,0.006363979049669269,0.01592911623576856
MA1975.2,ZNF214,False,13,1223,204,0.0387446477041577,0.4272966108051322,TCATCAAGGTCCT,0,-0.07987110764893607,-0.07503286444819274,-0.06955896616933015,-0.16398283158664442,0.006268300196854536,0.005192933849358333,0.012729581205949188
MA0678.1,OLIG2,False,10,3008,245,0.03512107248997145,0.3740223633641195,ACCATATGGT,0,0.0797302421304787,0.0794460489516279,0.08102693738468272,0.01842230714792398,0.14136221555446615,1.1978585636031341e-05,2.010950437079201e-05
MA1683.2,FOXA3,False,7,1308,217,0.03323148624029755,0.2776121973575895,GTAAACA,0,-0.07945927790209116,-0.07902994142093588,-0.14216607712909116,-0.147332403135441,-0.007971098671647161,0.0040332842043017915,0.009548886534970907
MA1524.3,MSGN1,False,10,1659,218,0.035639335410444,0.4390423572744015,GACAAATGGT,0,0.07914566874547031,0.07773314721036081,0.07780497166912612,-0.0022802388820384193,0.16232672504065826,0.001254016436718836,0.0026997089609154218
MA0754.3,CUX1,False,9,1411,215,0.039140153941366,0.2635080584079377,TAATCGATA,1,0.0791403065076662,0.08329183124345295,0.13632591676158498,-0.01197355940343144,0.1639039264550869,0.0029317809953012244,0.006805335215350049
MA0258.2,ESR2,False,15,9785,242,0.0436724700762156,0.5813076176613294,AGGTCACCCTGACCT,0,0.0790592624714882,0.076148328347906,0.051254127674827794,0.041365311027741415,0.1166271067527274,4.811754686673213e-15,5.795026296558608e-15
MA0792.1,POU5F1B,False,9,2362,233,0.0337147859511369,0.22404298579730839,TATGCAAAT,0,0.07896605974411375,0.07886623915947259,0.06704799579708015,0.023952073124351523,0.13049855226588294,0.00012215943670716616,0.00022458958385764398
MA1607.2,FOXL2,False,10,1257,217,0.0307902860380376,0.24426582698044413,TATGTAAACA,0,-0.07895019753917112,-0.07942888133838051,-0.13320103548391862,-0.16640900465328873,0.0008325789306608551,0.0050991345684907015,0.012462884783575804
MA0800.2,EOMES,False,9,1738,220,0.038639423133957254,0.46420359350499385,AGGTGTGAA,0,0.07875723715171586,0.08093267290016003,0.0545825343341296,-0.00876205135615107,0.16094866332223126,0.0010159245907722068,0.00215365646666251
MA0089.3,MAFG::NFE2L1,False,11,512,154,0.03724258232644275,0.4628185338641103,ATGACTCAGCA,0,-0.07863610828141027,-0.08542360155640663,-0.08409506605050186,-0.21606844651691595,0.047388115922480996,0.07544710984325011,0.2811504407163266
MA0820.2,FIGLA,False,6,11103,246,0.0465555532261676,0.6601096358346622,CACCTG,0,0.07826611936874728,0.07945679747920015,0.03332178527090869,0.04506017781193498,0.11483261456273136,1.4726362874402804e-16,1.7309204453505982e-16
MA0743.3,SCRT1,False,10,792,182,0.042949137488139305,0.5104633781763827,TCAACAGGTG,0,0.07821923557587927,0.08485993077859963,0.08774365523251478,-0.02179441654903722,0.18490655854876087,0.02772322248197084,0.08469852162690356
MA0593.2,FOXP2,False,9,3486,241,0.0300021252047116,0.2844415471534115,AGTAAACAA,0,-0.07752437226360094,-0.07727220839839058,-0.09848472411178716,-0.13007665805864702,-0.02535386364860055,4.594988637474733e-06,7.531431080357995e-06
MA0868.3,SOX8,False,7,8542,247,0.0330697236275225,0.2475822084734214,AACAATG,0,0.07727989732632752,0.07968259566794207,0.08862495165759836,0.046388959264736095,0.10668579835460205,8.54681974357371e-13,1.0648286667031113e-12
MA0890.2,GBX2,False,6,4545,244,0.0367651967610997,0.1127108532467637,CAATTA,0,0.07725107360544856,0.07746455067541554,0.1496745922688376,0.04082206636669406,0.11190469450764125,1.8444639733098172e-07,2.78175964032751e-07
MA1104.3,GATA6,False,8,1527,217,0.0356393354104422,0.2784080181257474,TCTTATCT,0,-0.07693537188257914,-0.07686639480362366,-0.041503116661181005,-0.15097441247332036,-0.004650353619025695,0.002626363050031054,0.006062521373821683
MA0711.2,OTX1,False,6,13491,248,0.0369747984149651,0.3294387784252812,TAATCC,0,-0.07665327186999543,-0.07700916935504691,-0.07335485869981959,-0.10797484043556714,-0.050450352273842085,4.850498354504987e-19,5.590518907896871e-19
MA0771.1,HSF4,False,13,1191,199,0.0460150557453706,0.4181927276199372,TTCTAGAACGTTC,1,-0.07659510311961988,-0.07862012176627792,-0.07231057715482174,-0.17005353998376221,-0.0006060940073861082,0.008181813321233447,0.020920267292138448
MA0610.2,DMRT3,False,7,1399,212,0.0365699526443901,0.34771736675072856,TGTATCA,0,0.07624205527572825,0.07915002296724562,0.09790287412191499,0.008407355034471726,0.14685705841091104,0.0043267452486371455,0.010302364761081569
MA1936.2,ERF::FOXO1,False,12,11598,248,0.0405609518093461,0.44815382697256473,GTAAACAGGAAG,0,-0.07547806588365309,-0.07540664968575737,-0.07187068599548177,-0.10337601070417403,-0.047069182155627276,3.9766439746964417e-16,4.707394790559463e-16
MA0040.2,FOXQ1,False,10,1675,226,0.0306196865757284,0.2,ATTGTTTATT,0,-0.07542393565624293,-0.07551257221215742,-0.07944086928371116,-0.14375386083545327,-0.007286765300687096,0.0020086266837821797,0.004499107208148225
MA0767.2,GCM2,False,8,6701,242,0.0446539583803159,0.648322988432496,ATGCGGGT,1,0.07514267714197936,0.07405687200624353,0.05293549008833477,0.027479934213582333,0.12234410330863399,7.333858533091968e-10,9.958229478757231e-10
MA0472.2,EGR2,False,11,3874,223,0.050161930396412646,0.7419945261484816,ACGCCCACGCA,2,0.07509972799944195,0.0757456492005067,0.05473749617572186,0.009510064902325959,0.1403065478783571,2.876909122253908e-06,4.633161784094956e-06
MA1987.2,ZNF701,False,17,2147,206,0.0460727544554226,0.6262240390817355,GAGCACCAAAGGGGGGA,0,-0.07478829875168697,-0.0725071577885388,-0.07522752946951267,-0.1636367228945013,0.008962544152385269,0.0005239372666685451,0.0010441052004833598
MA0716.2,PRRX1,False,6,4863,245,0.0347254635135036,0.12095340102496566,TAATTA,0,0.07460940839557988,0.07416812536118544,0.11300954177226648,0.03012866345087045,0.11708493593769043,1.9003897592164124e-07,2.876546247557083e-07
MA1153.2,SMAD4,False,7,2642,224,0.04523255805426245,0.5335378906807479,TGTCTAG,0,-0.07455816573175962,-0.07530910985435446,-0.062160581217193416,-0.144611588085642,-0.010481620507603024,0.00012513341885163915,0.0002305673416091178
MA0808.1,TEAD3,False,8,4675,245,0.0382656552958176,0.4427572460827015,ACATTCCA,0,-0.07440812831215483,-0.0747465331515793,-0.0761568064129499,-0.11385304636713105,-0.032928858854492704,3.519210996935171e-07,5.385753846138355e-07
MA0519.2,STAT5A::STAT5B,False,9,10032,248,0.041282905578472,0.398719139541771,TTCCAAGAA,0,-0.07423355871978597,-0.07289674644487219,-0.05501531818927269,-0.10224151816882261,-0.043949192562483856,9.726074076367929e-14,1.1938504516191653e-13
MA1719.2,ZNF816,False,15,412,122,0.04822348200087975,0.6460151802656546,TGGGGACATGCAGGG,0,-0.074153177735745,-0.07595305341457104,-0.13612645128057949,-0.2774242331946527,0.1346248762466728,0.13293150669085288,0.5844766246566071
MA0523.2,TCF7L2,False,9,9398,247,0.03522908460966105,0.33692740245616826,AGATCAAAG,0,0.07366003182071507,0.07507793483681374,0.06254393305610753,0.039902240850902895,0.10926498117326358,8.702542862189219e-13,1.0858578255974836e-12
MA0027.3,EN1,False,6,7597,245,0.0373021018627972,0.11661792076622977,TAATTA,0,0.07319426149321323,0.07342376915236966,0.11566122986617848,0.035476673233792486,0.10833457559960483,1.6896534757311798e-10,2.2429745021287706e-10
MA0886.2,EMX2,False,6,2809,239,0.0363378093994257,0.07143054025337196,TAATTA,0,0.07301291992470796,0.07477178642125232,0.18521416707552024,0.012229919109518464,0.12948148604182963,0.00010744541418384033,0.0001958051297955511
MA1628.2,ZIC1::ZIC2,False,7,4506,232,0.049227631930542096,0.7207910355085125,CAGCAGG,0,0.07287942251161647,0.07374559466605184,-0.01986393637852815,0.023075685326155924,0.12342739534481705,9.715537221056961e-07,1.5147488612942467e-06
MA0842.3,NRL,False,12,2682,230,0.0412429178379477,0.44018691374861696,AAAGTGCTGACG,1,0.0725987920344668,0.07812387785862805,0.09521831043931442,0.01654184303515436,0.13713240156740497,0.00016791289028486163,0.0003142693960061262
MA0794.1,PROX1,False,12,1012,189,0.0413038999525637,0.462539839934819,CAAGACGCCTTA,1,0.07222113097362612,0.07401144892777221,0.11875958169539338,-0.05479696186305961,0.19639891507140664,0.021581358946612075,0.06359613221501643
MA0116.1,ZNF423,False,15,1918,208,0.0443698929618796,0.6735294117647058,GGCACCCAGGGGTGC,0,0.07206436993867792,0.0719560419991223,-0.001056842906077534,-0.015134031208818684,0.15646559228123072,0.001587974973741174,0.00346353596634886
MA1984.2,ZNF667,False,11,1145,197,0.0359190895431411,0.447413813459268,TTAAGAGCTCA,0,0.07201698040078261,0.07153301130963093,0.02505405092169198,-0.036376172328094925,0.18728086935966176,0.014793167639681594,0.04030531904450952
MA1656.2,ZNF449,False,10,1071,171,0.0478962144120083,0.6307792716355567,AAGCCCAACC,0,0.0719830413836526,0.07098845360280567,-0.044305795957970046,-0.018192511625994185,0.18015644235644007,0.01847128935582993,0.05274790877901949
MA1646.2,OSR2,False,8,1560,203,0.04329754031322415,0.5365318387467082,ACAGAAGC,0,0.07149961749435219,0.0791727509041344,0.045054558149707734,-0.02671969242574753,0.16556744444433408,0.004722730058316292,0.011475405492575553
MA1723.2,PRDM9,False,20,4206,234,0.04280834993940315,0.628877047952048,GGTGGGCAGGGAGGAAGCAG,0,-0.07132791956013354,-0.0731095572823546,-0.06698874727501883,-0.1273669547646767,-0.014323919032221117,3.649572371128042e-06,5.935018865767912e-06
MA0817.2,BHLHE23,False,10,1578,217,0.0362250995163184,0.3457828241084039,AACATATGTT,0,0.07103261447933913,0.07101400574612722,0.07238986770344437,-0.006251607438247289,0.1531025613853112,0.004757161056418423,0.011592964333969823
MA0656.2,JDP2,False,10,628,176,0.0368799905413549,0.44364043616408644,ATGACGTCAT,1,0.07040073262217492,0.06660627875733727,0.08406583558430356,-0.05440199100502626,0.21585610378012696,0.07791562250381981,0.2929768429894763
MA0909.4,HOXD13,False,7,2194,234,0.03310761158790885,0.17250155331453426,CAATAAA,0,-0.07013812244169744,-0.06979470127690797,-0.08622864804773048,-0.1389373016578478,0.0017151837050531607,0.0010109654871328845,0.002137690381189382
MA1991.2,HNF1A,False,10,1209,205,0.0376786617718061,0.39376,CCTTTGATCT,0,0.06998774918645108,0.07051256306261998,0.05325944608561152,-0.023390212149564,0.15623387656974438,0.014933437953838818,0.04095606250706289
MA0467.3,CRX,False,6,1747,225,0.0363314432274897,0.3351792031995078,GGATTA,0,-0.06971498314941904,-0.07300906153339476,-0.09932632640179107,-0.1404600170778911,0.0006512216184622146,0.0035529210010730467,0.008363958503942498
MA1496.2,HOXA4,False,7,18180,249,0.04304623481856745,0.29149392453254075,GTCATTA,0,0.06858014721068552,0.06983777404302066,0.07822576359000541,0.047992545863394735,0.08783359507425448,2.0996816319815197e-20,2.3967519727701138e-20
MA0506.3,NRF1,True,12,406,93,0.0495828721423328,0.7675896831631316,CTGCGCCTGCGC,2,0.06810529197038688,0.06294245493703704,-0.06102608170790992,-0.18675007922016695,0.30439972310118046,0.17079827748671342,0.8157090148934416
MA0078.3,SOX17,False,10,840,194,0.03220786142469415,0.38134765625,AGAACAATGG,0,-0.06809269786492197,-0.06321419380017915,-0.03514593878861588,-0.16246831005584306,0.030442788058629953,0.04851091439609243,0.16255068493206778
MA0606.3,NFAT5,False,8,3082,239,0.0388380100360197,0.2888655462184874,ATGGAAAA,0,-0.06793814094886458,-0.0680885931319767,-0.12248281370053185,-0.12636762607684848,-0.012720179297867786,0.0001603487648548485,0.0002994378058300654
MA1996.2,NR1H2,False,6,2401,229,0.042194486374318,0.4963033140139694,AGGTCA,0,-0.06778470386183383,-0.06269241399382601,-0.022161721005563052,-0.12579456232344327,-0.0003442339835494851,0.0008888144427445839,0.0018511398544379678
MA0806.1,TBX4,False,8,7001,245,0.0421833147361954,0.4991601381985079,AGGTGTGA,0,0.067466641397926,0.06841061010251423,0.02137885692236581,0.027306545225477864,0.1057622404835308,1.599837320552599e-08,2.3121127189203645e-08
MA1101.3,BACH2,False,11,1363,199,0.046357095751458,0.4605801600517261,CATGACTCATC,0,0.06661459834997736,0.06644558549561305,0.029351669297336007,-0.01939007120302682,0.1360859368958948,0.013901089965500251,0.03750586286146334
MA1125.2,ZNF384,False,8,3577,242,0.0277376140081924,0.052305809292238936,AAAAAAAA,0,0.0665943151054104,0.06727916003817604,-0.012268122807524366,0.025582874018730776,0.11069575263454695,6.722269940759113e-05,0.00011860310659810665
MA0785.2,POU2F1,False,9,2171,231,0.033491929320875,0.22581130266203026,TATGCAAAT,0,0.06642265883904502,0.06663551743315477,0.04972893080111876,0.014003420664410567,0.11669068350461241,0.001957971852730532,0.004373856477470624
MA1131.2,FOSL2::JUN,False,10,520,166,0.03663018302338375,0.42612051900195613,ATGACGTCAT,1,0.06637337261700899,0.06064225664333997,0.06928481333801025,-0.06720057089439858,0.22872530630493731,0.13064313701636834,0.5684002453434664
MA0907.2,HOXC13,False,9,1281,217,0.0322749998341205,0.31817901006291305,CTCGTAAAA,1,-0.0661551656784465,-0.06792582793351179,-0.07141573703061443,-0.140861842734031,0.0055369791403629435,0.017882290605346567,0.05020332261163175
MA0599.1,KLF5,False,10,11270,247,0.04425930368329255,0.7921099030267411,GCCCCGCCCC,1,-0.06598226523125747,-0.06699943604932322,-0.11133468880801302,-0.09969237878142335,-0.033146718521550496,2.3567794488773076e-12,2.9809493485799738e-12
MA0142.1,POU5F1::SOX2,False,15,646,187,0.0299616156291102,0.30791561096003456,CTTTGTTATGCAAAT,0,0.06589031140194142,0.06963170260036018,0.055531530432794865,-0.0509520171437207,0.1810913248829439,0.09427251138378931,0.37304979504728053
MA1149.2,RARA::RXRG,False,17,1721,202,0.0468966036005131,0.5530958805196213,AGGTCATGTAGAGGTCA,0,0.06575551802966599,0.06253634764788507,0.03412387717789152,-0.013711910570411028,0.15910289662096117,0.0063558467338022985,0.015860986894263393
MA0633.3,TWIST2,False,6,2482,218,0.04878933046746555,0.6707435019141648,CAGCTG,0,0.06575426091348197,0.06961023321520103,-0.017586290542222202,-0.00938188763563265,0.14340870781781662,0.0010463682118975713,0.0022238669669741224
MA2119.1,HOXA3,False,7,4544,239,0.037551434114991344,0.23782618542296716,GTAATTA,0,0.0655746858722294,0.06554166067334675,0.060722043164449624,0.02263540486900882,0.11058277450966432,9.69426946102558e-06,1.6241810326839228e-05
MA0117.3,MAFB,False,11,2126,229,0.0393541820190832,0.4363604925862692,AAAATGCTGAC,0,0.06549625570207386,0.07295481063387384,0.08086043895579326,-0.01573703862124023,0.1475273399540329,0.0025160298481181837,0.005775748076757488
MA1121.2,TEAD2,False,7,1724,218,0.0387730458111177,0.43606945540647196,ACATTCC,0,-0.06542689143349384,-0.0657732485413812,-0.08653640630502481,-0.14616805628059706,0.024583584272635288,0.00657698438536806,0.016562042497699568
MA0912.2,HOXD3,False,8,2782,235,0.036709536747357746,0.2563273942816481,CTAATTAC,0,0.06541767842386473,0.06464860085120681,0.07064224783650717,0.011998997828862516,0.11625501713511212,0.0005552494912116452,0.0011118369330045234
MA0695.2,ZBTB7C,False,8,5549,240,0.0441889422707499,0.7094592315138564,CGACCACC,1,0.06485007821376321,0.06492285093749137,0.034430497495813187,0.02513124329216416,0.1060807832768626,1.332876270038742e-06,2.109752724575609e-06
MA1934.2,ERF::FIGLA,False,13,1264,184,0.0502746951887704,0.6252081748867806,CCGGAAACACCTG,1,-0.06467494899608915,-0.06385309858998732,-0.10176517440865768,-0.1667304028148906,0.03790507810969387,0.021476174136273358,0.06306254666870376
MA1519.2,LHX5,False,7,3620,237,0.03708772513617415,0.16863443687267748,GTAATTA,0,0.0645129290155262,0.06413534494032849,0.06866210567008638,0.015354931156474542,0.11259917775407355,0.00010265936613126077,0.00018626622981458014
MA2123.1,HAND1,False,9,1795,205,0.0444847461634818,0.604944078603533,TCCAGACCT,0,0.06444488518273579,0.06647255214287782,-0.00916345666598814,-0.014447359974857445,0.1295267365767716,0.006308457783263942,0.015695594065545916
MA1941.2,ETV2::FIGLA,False,13,392,115,0.054706225500534195,0.6178627343530193,CCGGAAACAGGTG,1,-0.06428274332124609,-0.06489645206402979,-0.08703155207382435,-0.2763722490567433,0.1337165490894899,0.20409075762242365,1.0
MA2099.1,ZNF770,False,8,2791,218,0.0466104708787735,0.7347282305330728,CGGCCTCA,1,0.06422209814997043,0.0632252460956087,0.0017915067460159222,-0.017779989770755348,0.1424431897248483,0.0006867047935209601,0.0014055460182658076
MA1979.2,ZNF416,False,10,1636,199,0.04282270870593415,0.569364161849711,TATCTGGGCA,0,-0.0640051560308328,-0.06000101899090612,-0.20378886482822928,-0.14108586099734918,0.01328945137337625,0.009610843554735689,0.024958159356204244
MA0483.2,GFI1B,False,10,6083,241,0.0377669076724207,0.4244608399545971,AAATCACAGC,0,-0.0639966260745824,-0.06388962944528714,-0.06088307435548299,-0.10662289198668425,-0.0199267980138093,5.870731582040882e-07,9.067988744750881e-07
MA1644.2,NFYC,False,7,1292,210,0.04105596826273025,0.4404525855285935,CCAATCA,0,-0.0637200377141999,-0.06409484526831272,-0.12551690047484357,-0.14525700963020868,0.025052771629281868,0.02199295046781497,0.06503965067172328
MA0112.4,ESR1,False,15,267,94,0.0370646450716227,0.5790524578695455,AGGTCACGGTGACCT,1,-0.06317885247680004,-0.06425239353440601,-0.11445068941202313,-0.27727224140079465,0.1608623412020898,0.3036980987887276,1.0
MA1478.2,DMRTA2,False,6,6949,244,0.0422931641913248,0.39974404950747283,GTTACA,0,-0.06304318936650269,-0.0616773108442873,-0.09658205848365614,-0.09895521002213636,-0.020499262199224644,1.4436224432914532e-07,2.1693494581829975e-07
MA1480.2,DPRX,False,9,4037,241,0.0367901670343151,0.3749838725137315,AGATAATCC,0,0.06264506772375102,0.06676159858937386,0.07296700646331203,0.017351600200339608,0.10669063044138193,6.805539986155231e-05,0.00012084196001057687
MA1487.3,FOXE1,False,12,6068,247,0.0336734783789186,0.22079367015187065,CTAAATAAACAA,0,-0.06214005571979109,-0.0617920889386667,-0.0665288928181857,-0.10416018124679616,-0.02523463876463045,1.2710281318974347e-06,2.0080311361345405e-06
MA1142.2,FOSL1::JUND,False,8,2567,237,0.0410346152417639,0.3906788264131078,ATGACTCA,0,0.061820177364800395,0.06050463871971069,0.03670251611858471,0.002168559390834374,0.11423189904925019,0.0017266053388934816,0.0038058595135821837
MA1107.3,KLF9,False,11,1075,169,0.0405660747057854,0.7104751581491221,GCCACACCCAC,0,0.061797541972210324,0.05979446639264415,0.07753971363529613,-0.049364185001359924,0.1618109396546114,0.042790717616480047,0.14054974837665976
MA1599.2,ZNF682,False,11,662,128,0.04665014320356925,0.7340973474117951,GGCCAAGCCCC,0,-0.0613434207896873,-0.06029835715943833,-0.13578092875242292,-0.2035514970339009,0.06373294998532328,0.11483478308479228,0.4747647002162308
MA0651.3,HOXC11,False,11,1280,216,0.0350463490932044,0.35516175739687417,AGGTCGTAAAA,1,-0.06124275222974181,-0.062426004820394156,-0.07309737316456441,-0.148689271667968,0.021316523993753757,0.02845154354883668,0.08724440106672797
MA0850.1,FOXP3,False,7,14786,248,0.0374124943738866,0.29307726470957773,GTAAACA,0,-0.061219741708387856,-0.0619470128791375,-0.06569713779359544,-0.08583989086193723,-0.03673657298199006,9.295976301589225e-14,1.1393740865222192e-13
MA0672.2,NKX2-3,False,8,8959,247,0.0408635240124667,0.46587758034921717,CCACTTGA,0,-0.06088241248012777,-0.06139597989409276,-0.06418003010870314,-0.095514268253904,-0.02138704383473599,8.060522908616314e-09,1.146968242647287e-08
MA1133.2,JUN::JUNB,False,11,321,123,0.0383982913384564,0.4568078545479199,TGTGACGTCAT,1,0.06054949872887727,0.06017293373831169,0.07466839594805896,-0.13090233610033508,0.25194563820643767,0.2794329280322329,1.0
MA0878.3,CDX1,False,10,4183,242,0.0344275663175155,0.2986796959401264,GGCAATAAAA,0,0.060504562005344084,0.05968117886467324,0.06499742542005689,0.010259577766716148,0.10741740810157778,9.017291867745269e-05,0.00016254597705198088
MA0670.2,NFIA,False,6,2025,221,0.0447012023047697,0.5000001094006976,TGCCAA,0,-0.05980471651190775,-0.05867178165395552,-0.10396221404009096,-0.1290639093412224,0.004450934511475651,0.007103342954939644,0.017941878405941775
MA0657.2,KLF13,False,17,759,159,0.0461576344190324,0.5876851138356993,TGCCACGCCCCTTTTTG,1,-0.059703771169765114,-0.05345903469149515,-0.07636219724788038,-0.18024429408933135,0.06370455253953428,0.10026059144117015,0.40642220237859705
MA0077.2,SOX9,False,8,3812,242,0.035592615491266,0.3425324675324676,CCATTGTT,0,0.05931078990901662,0.05943302523811141,0.09088234564617187,0.014625247701807068,0.10547502484648093,0.00024834982942436375,0.00047118426541471753
MA0642.3,EN2,False,7,5444,243,0.03788092283850425,0.25648909706744244,CCAATTA,0,-0.059234652872107434,-0.053010342432685216,-0.05655491076210423,-0.10276287313269568,-0.01682899034105566,1.2234048547729493e-05,2.0579948063083416e-05
MA0480.3,FOXO1,False,7,1395,217,0.0336793071405725,0.3113824264564507,GTAAACA,0,-0.05908498530836863,-0.05790802358191859,-0.08743611930907151,-0.15372472448991176,0.03202510832907853,0.027331095887978614,0.08319465451615468
MA1533.2,NR1I2,False,15,1960,210,0.04266491985404195,0.5222854304740951,TGAACTCGATGAACT,1,0.05878078393069795,0.0570685060189261,0.03298198377819214,-0.027652232370787663,0.13355923693899435,0.009243167048134845,0.02392857263862946
MA1993.2,NEUROD2,False,6,2286,216,0.04752185324635835,0.6707727903748265,CAGCTG,0,0.05838630461173309,0.06177715620296705,-0.0395695536784156,-0.008318741242162505,0.13070388242457426,0.005231392003481709,0.012861795132820415
MA1712.2,ZNF454,False,17,1764,180,0.05191039603295005,0.757706937772806,GGCTCCGGGCCCCGGGG,2,0.058220264620085616,0.054759937577352945,-0.03138252976828785,-0.036603680016874314,0.14962350515420678,0.014461440814314892,0.039272736329070836
MA0769.3,TCF7,False,7,2304,231,0.0353823471634533,0.3043157242890487,CTTTGAT,0,0.058018443360171174,0.05718464996894078,0.031083453493420513,0.006406964735186933,0.11717056799879201,0.005340887193316396,0.013169962188860313
MA1587.1,ZNF135,False,14,985,177,0.048831166936079,0.6391690501279543,CCTCGACCTCCTGA,1,0.05798332683485028,0.05894629301601066,0.07923349432453511,-0.05358158503433755,0.1653783405506568,0.06890995184418858,0.25115864027421364
MA0861.2,TP73,False,16,566,141,0.038541880533100745,0.49919957124498204,ACATGTCTGGACATGT,0,-0.05791997229132732,-0.05780158442031895,-0.060545267479894076,-0.18265281679294756,0.09078424582696443,0.16880029313258416,0.7970059295066899
MA0717.2,RAX2,False,6,3437,243,0.0338697201041102,0.15338437573901112,CAATTA,0,0.05787639602465044,0.058802514688680974,0.05401810585257589,0.011149214919076948,0.10857252958447709,0.0006871159425169834,0.0014098601190904029
MA1530.2,NKX6-3,False,8,3540,238,0.0388207100615516,0.2931914380845869,CTCATTAA,0,0.05764039527502178,0.05764572096748696,0.05125453249991766,0.011737847531444233,0.09825940172228347,0.0006010857938205557,0.0012182982796704435
MA1471.2,BARX2,False,9,10653,247,0.0344099569444451,0.19163616776881626,AAACCATTA,0,-0.05758253070216559,-0.05808002112789295,-0.05983887956149487,-0.0812785405928122,-0.031422945445085705,2.7222778911525808e-09,3.764081410229275e-09
MA0073.2,RREB1,False,19,709,154,0.045459367082306,0.6162280701754386,CCCCAAACCACCCCCCCCC,0,0.05749690042226301,0.05361070368555881,0.013847046463238243,-0.08377647031116818,0.20540288588479863,0.12613132672017263,0.5402841881673375
MA0722.2,VAX1,False,7,3899,240,0.035243240325248,0.20149733121684424,CTAATTA,0,0.05730349144580671,0.057126856687262466,0.07329682470895893,0.011062772003235808,0.09731735764696554,0.0003436763994144509,0.00066263361464828
MA0757.2,ONECUT3,False,12,704,182,0.033085450954989146,0.1700469742051903,AAAAATCAATAA,0,0.05716427687737175,0.054288361895830896,0.05375455073431214,-0.10210157157743567,0.1991445662245136,0.12970059771699338,0.561360399493862
MA0914.2,ISL2,False,6,5910,246,0.0368932440190743,0.28220712442686247,CACTTA,0,-0.056665787872659315,-0.05624283277865703,-0.08383238139669609,-0.09739174395885808,-0.014540688977810879,1.3074782621687407e-05,2.2083626745167143e-05
MA0504.2,NR2C2,False,14,7066,245,0.04277290977397135,0.5914502164502163,GGGGTCAGAGGTCA,0,-0.05639733259178457,-0.05682596781896666,-0.06684852420212208,-0.09390130190781373,-0.018719010514150144,2.0988214484436585e-06,3.3540781224166926e-06
MA0908.2,HOXD11,False,9,3741,237,0.0310308831242447,0.2778643720416767,GTCGTAAAA,1,0.05607513119309318,0.05579299647755783,0.040201574782346684,0.006007295376512974,0.10767695891524333,0.0006006581092905077,0.0012144693158647492
MA2095.1,SOX7,False,10,980,203,0.0346872595152105,0.3882401315789474,AGAACAATGG,0,-0.05574194044988661,-0.052018999886528146,-0.025988140828674403,-0.1483033147497857,0.03858622588575341,0.0811367987823793,0.3107128100836737
MA1554.2,RFX7,False,8,11024,248,0.04449672126534195,0.5384164824891274,CGTTGCTA,1,-0.05565698008665123,-0.05455775610631715,-0.07691921385223398,-0.0928298454268007,-0.01576796394098146,4.9875238130181504e-09,7.024800489183191e-09
MA1627.2,WT1,False,10,2096,204,0.044616030138085294,0.754006820119352,CCTCCCCCAC,0,0.05521837071412229,0.05685119449428028,0.007518834930093791,-0.04261389038042043,0.1451354241137044,0.01145727431437098,0.030225380810292968
MA0766.3,GATA5,False,8,4031,240,0.0376213648008247,0.3361658690576761,AGATAAGG,0,-0.05517925253511555,-0.05567236176133825,-0.045005533541760595,-0.10120622869606406,-0.0055794506342704015,0.0004567390286308535,0.00090154425841387
MA0502.3,NFYB,True,9,1155,203,0.0534391019469082,0.575713540502273,TCATTGGCC,0,-0.05478351566556544,-0.055202969360970695,-0.08766450496246128,-0.15764250183558795,0.05406734099316465,0.06271374274746108,0.22367004387613804
MA1577.2,TLX2,False,6,2820,241,0.0339707125826923,0.08201612461883433,TAATTA,0,0.05342210263403416,0.052270746775679,0.04574374990877906,0.00865147782093444,0.10892493349860011,0.004544293682028893,0.010882732131890518
MA0889.2,GBX1,False,7,3832,240,0.0353132106193204,0.19698071879067366,CTAATTA,0,0.053420242589042176,0.053605397391784035,0.021891607874654054,0.005943470887909539,0.10142570712362514,0.000939095984720973,0.0019706786952099205
MA0802.2,TBR1,False,9,2509,226,0.0392786589682025,0.4419606695177057,AGGTGTGAA,0,0.053135638678477516,0.05631238630036115,0.03046022692241138,-0.018225956389602362,0.11563623909873852,0.0077651528906861516,0.019793994025031264
MA0676.1,NR2E1,False,9,5726,242,0.0388847495088677,0.29967920863975694,AAAAGTCAA,0,-0.053016619372146995,-0.04930976468857431,-0.050449533330510825,-0.09156895971426568,-0.011677387058312888,5.976610445073979e-05,0.000105223798302044
MA0737.1,GLIS3,False,14,563,127,0.0335665683754802,0.6799049668638432,GACCCCCCACGAAG,1,0.05300597964579294,0.06040822866542547,0.014510423657384015,-0.11495256557375097,0.22326964682462958,0.2091908648461044,1.0
MA0099.4,FOS::JUN,False,9,1703,225,0.0417471452701407,0.39843489843489843,ATGAGTCAT,0,0.05262945971082215,0.051818327096807885,0.018823646803294698,-0.014837027742529381,0.11990079671604105,0.029871315286052986,0.09262336941309714
MA0671.2,NFIX,False,6,12714,247,0.04667111285798725,0.5897418036541072,TGCCAA,0,0.0524908386621194,0.05140915666689065,0.006151078739420588,0.021669237577099983,0.08475911498475348,3.177066852770107e-09,4.414954104769162e-09
MA0135.2,LHX3,False,12,1376,214,0.0287004977418381,0.11111111111111112,AAATTAATTAAT,0,0.05246564702699511,0.05266230914001926,0.006428483863640788,-0.020641239822286942,0.12243969063520665,0.051683934002490266,0.17530346594314045
MA1550.2,PPARD,False,14,2040,230,0.03848642758924905,0.49437961363223193,GGGGTCAAAGGTCA,0,-0.052315853608267626,-0.05244747878406119,-0.047231865160042553,-0.13193255377646637,0.012819157115606918,0.01812343252328698,0.05157730283168315
MA0770.1,HSF2,False,13,1344,208,0.042910096302568645,0.3643206204161167,TTCTAGAACGTTC,1,-0.05217589852433996,-0.05340143517542963,-0.05147265492557937,-0.13928031498886556,0.030997457255093695,0.055834795139667596,0.1941368818454551
MA0812.2,TFAP2B,False,9,4902,235,0.0471452867112484,0.8125356559290711,GCCTCAGGC,0,0.05201822725382918,0.05344319581938513,-0.010765908693349488,0.0030132404712223016,0.09795757556223894,0.00026889617971597964,0.0005113334676063594
MA1546.2,PAX3,False,14,711,171,0.0460928855870248,0.47092630891687043,CGTCACGCTAATTA,2,-0.05152377006205116,-0.04411653188376653,-0.06385608729350667,-0.17116575798815487,0.07056932744893064,0.1699532176744541,0.8070349936426934
MA2101.1,ZNF677,False,12,647,174,0.0360874612528361,0.40181205225453015,GATAAGAACAGC,0,0.05148400347941262,0.052376731564940465,0.07567864167671562,-0.042469953207593475,0.15432726341659142,0.1909098463270118,0.9556992909502819
MA1684.1,FOXN1,False,6,10237,249,0.0477579111178811,0.6752610134963076,GGACGC,1,0.0512424300366114,0.05284339057204225,0.03276909549503206,0.018217280714325962,0.09089312276764894,2.1326813717089924e-07,3.234047846514914e-07
MA0680.3,PAX7,False,10,426,153,0.0286999516971999,0.13959449674149166,TAATCAATTA,0,0.051019710459857495,0.05076176601319927,0.07367638041624835,-0.08898450537101638,0.16056648632314172,0.29343074485243476,1.0
MA0847.4,FOXD2,False,11,7107,248,0.033855681685182,0.21457365803293865,TTAAACAAACA,0,-0.050858414869196844,-0.05022857996190054,-0.05736730370230352,-0.08893142444283024,-0.014625568363762971,1.79043576861506e-05,3.048877302703104e-05
MA0495.4,MAFF,False,11,548,160,0.0463138589481083,0.3973380184337346,GTCAGCATTTT,0,0.050022431223033945,0.04985541159174833,0.04697123993888926,-0.09878876701171167,0.17344088974073385,0.2423822061917785,1.0
MA0897.2,HMX2,False,15,773,189,0.0313728098476033,0.30811693522293404,AAGCAATTAAAGAAT,0,0.04999594114350061,0.050053971032710254,0.014286275009127176,-0.043257441059044256,0.1333468849051235,0.1649391864570357,0.7700250783471723
MA1593.2,ZNF317,False,8,1018,187,0.04088385993358095,0.49626003140265174,ACAGCAGA,0,-0.04919168688201454,-0.0428923765589065,0.0053857699211004705,-0.14299654709734114,0.0416088659504205,0.11675590089697462,0.48755856103209
MA0507.3,POU2F2,False,13,1523,227,0.0334633558711428,0.2599881833149804,ATATGCAAATTAG,0,0.04915802634781963,0.04954821267354806,0.017366533459597246,-0.02047608277689032,0.12603232319259525,0.055110054957032105,0.19002678700951733
MA0906.2,HOXC12,False,10,2898,237,0.0342974748783606,0.33891623694957373,GGTCGTAAAA,1,-0.04892122231404482,-0.04894734978458847,-0.04849759612418686,-0.11050389926074507,0.014539830323813759,0.008438031566336148,0.02170899142918062
MA0615.2,GMEB1,False,6,1953,208,0.0575336140807969,0.5482915938652689,TACGTA,1,-0.04842731364249143,-0.04132634507587015,-0.05215095290558889,-0.1279030762222908,0.027570195647532637,0.03235298391706373,0.10183836982984834
MA0723.3,VAX2,False,6,18183,250,0.036719029605964,0.14859486801704444,TAATTA,0,0.04804155016174998,0.04942497104834636,0.08305222588652995,0.026527046618739298,0.07062131509343164,9.085805403537492e-11,1.1871547626320215e-10
MA0910.3,HOXD8,False,7,6444,245,0.0394334599064991,0.2727332565579239,GCAATTA,0,0.04748739090295903,0.047131288100847574,0.06933175496056129,0.009936189748247818,0.07990189097472614,0.0001370459537270953,0.0002530781945493693
MA1418.2,IRF3,False,17,276,122,0.03865711095389385,0.43196087560964685,GAAACGGAAACCGAAAC,2,0.04720302803728385,0.07751384636895814,-0.011794468459294523,-0.11206879637854537,0.1877173240986855,0.43476011484287014,1.0
MA1566.3,TBX3,False,9,2553,228,0.0427584096734872,0.46853892502469374,AGGTGTGAA,0,0.04683404565144544,0.04850189814080151,0.02470325289321972,-0.01283195258228114,0.10159494377245319,0.017955533179470195,0.0509250787445042
MA0631.2,SIX3,False,11,513,164,0.0384398051917438,0.41498032156156783,ATAGGGTATCA,0,0.04649637652908852,0.05869966329443814,0.033676630480325105,-0.10922504861290618,0.17784295852581414,0.29320374172290287,1.0
MA0520.2,STAT6,False,10,4035,240,0.0369814245738608,0.36583917970858065,TTCCTGAGAA,0,-0.04639327957893423,-0.046413862842571534,-0.07221212569228526,-0.09501799291453818,0.009456616603906193,0.003201976025241098,0.0074953297942967675
MA0067.3,PAX2,False,16,1137,185,0.0540349554260961,0.5897927507997753,TCAGTGAAGCGTGACG,2,0.046347165615784995,0.04627459445210724,0.02082465313578725,-0.06262310384010504,0.15731407938453057,0.1183067398432766,0.4990502579175779
MA0693.4,VDR,False,7,1736,218,0.035852097924230844,0.40074907061130244,GAGTTCA,0,-0.04622025843425842,-0.0383521524859723,0.05137922617268249,-0.11270453453110325,0.02347296616794047,0.05417628801693459,0.18526952815667755
MA1999.2,PRDM5,False,11,575,146,0.04947546039699,0.5074837443258495,GTTCTCCATCT,0,-0.046159762622776115,-0.05004087744131704,-0.04441238302401358,-0.17459237504162672,0.0837389775443132,0.26913677113951767,1.0
MA0653.1,IRF9,False,15,212,98,0.036006755893501954,0.41624716101659937,AACGAAACCGAAACT,2,-0.046092309381020366,-0.05155050716221295,-0.09392579269276076,-0.22320143730358202,0.1494413697540107,0.5044520329813814,1.0
MA0662.2,MIXL1,False,6,7455,247,0.0355692328579029,0.14896563974630628,TAATTA,0,0.04583463555802891,0.04569647453594643,0.09772240909866046,0.008642560986360086,0.08006805683692422,7.529995102130481e-05,0.00013514958811815182
MA0514.3,SOX3,False,7,2188,231,0.03475055170068235,0.37922912716301144,ACAATGG,0,0.045685923331466295,0.046896109056143234,0.12632393324375268,-0.010705265736813855,0.10430459912959762,0.03260594994076903,0.10302488365315232
MA1148.2,PPARA::RXRA,False,17,483,140,0.0455923320177029,0.46095502448707804,ATGTAGGTCAAAGGTCA,0,0.04562217179037692,0.03412923619439982,-0.011527586647416497,-0.1019216439708133,0.1814753068572211,0.3170330567313142,1.0
MA1155.1,ZSCAN4,False,15,635,166,0.0409887106313144,0.4764341351661855,TGCACACACTGAAAA,0,-0.04555015277988987,-0.04489336112497179,-0.11889675637433915,-0.17229781210936265,0.10419927623467158,0.25172849895538235,1.0
MA1553.2,RARG,False,13,337,115,0.0401944522372454,0.5157049125669638,AGGTCATGACCTT,0,0.04547288211336055,0.06271947731428354,0.026371274332559393,-0.09671997205233544,0.20419482803100722,0.4053524812593765,1.0
MA0688.2,TBX2,False,9,4996,240,0.04136209519545965,0.4630034702894825,AGGTGTGAA,0,0.04534046519214515,0.04812518444125036,0.02037355867991884,-0.004159616955880657,0.08994629864554203,0.0013477233265807764,0.0029089820373730526
MA0597.3,THAP1,False,8,2751,232,0.0495417917205401,0.706724271094806,GCAGGGCA,0,0.0452302635882101,0.04591552491905748,-0.03311404718578609,-0.018848268527371183,0.11342030150742749,0.01766996975958504,0.049440218418232894
MA0832.2,TCF21,False,10,521,150,0.0413166321183249,0.4406082923321656,AACAGCTGTT,0,0.04504801660346839,0.06273671687097675,0.024521146836734627,-0.07925614780493809,0.18973957094670163,0.30475422854026335,1.0
MA1132.2,JUN::JUNB,False,8,1801,220,0.0450500430723668,0.4280667417662178,ATGACTCA,0,0.04460487350735299,0.05021258178271218,0.051656135130086135,-0.03708087456430319,0.13077125631367612,0.05841403434511181,0.20481882928602496
MA0755.2,CUX2,False,9,922,198,0.036125822825457454,0.2751764971876541,TAATCGATA,1,0.04458147690209382,0.04327765417574675,0.08674150164414665,-0.06297455010484039,0.15279263088743195,0.17620639264756457,0.8513227458728266
MA0727.2,NR3C2,False,15,426,135,0.0443556703067824,0.4579976831563763,GGAACACAATGTTCC,0,0.04419890387717947,0.05742955852535224,0.09292107885533177,-0.09904367750010241,0.19427604270103138,0.3628122513530866,1.0
MA0042.2,FOXI1,False,7,6520,244,0.0350463490932044,0.26822432108428645,GTAAACA,0,-0.04418223776745349,-0.04352088184125626,-0.04869024651752424,-0.08217073785957418,-0.005151356263609105,0.0003588660007811519,0.0006951460294851684
MA1520.2,MAF,False,13,236,98,0.03654300936400815,0.5193238607013374,TGCTGAGTCAGCA,0,0.04411303491375309,0.04874138794383565,0.048981467519827,-0.11404070413956259,0.19849032807138844,0.5000522625492154,1.0
MA0696.1,ZIC1,False,14,2468,205,0.0499388959029865,0.76301954190471,GACCCCCCGCTGTG,1,0.044099603558656435,0.041992008885531396,-0.04574863075238683,-0.022062496626914268,0.10899150787631738,0.02846780593201466,0.08761758047964512
MA0874.2,ARX,False,10,1511,213,0.0357916416571759,0.2206563774024461,CATTAATTAA,0,0.04408971546489841,0.04421345122231375,0.04221743121277739,-0.030331601507206433,0.11392919704369328,0.0866662198865145,0.33971522983817715
MA0714.2,PITX3,False,6,5712,244,0.0359249221808467,0.32996862322502407,TAATCC,0,-0.043974675842770046,-0.04520217442619596,-0.04039465313272471,-0.08357203209405738,-0.003425259963562603,0.0008861255212727278,0.001840925770444092
MA0882.2,DLX6,False,6,7880,247,0.035574219319324654,0.12952638637429376,CAATTA,0,0.04385582675879526,0.04389986734197726,0.05746151870750838,0.016330410641277722,0.07461403894512132,9.847870994627862e-05,0.00017829152062169397
MA0075.4,PRRX2,False,7,2375,231,0.0359307931527308,0.1603726554956509,CTAATTA,0,0.043844882577479406,0.04234967337248717,0.008590856854873326,-0.0181832015565193,0.10834158101050775,0.03262745740449449,0.10388282414994222
MA1548.2,PLAGL2,False,8,2874,210,0.047821691573086,0.935909399630091,GGGCCCCC,0,0.043559163778419625,0.04178808776642445,-0.0705677822296945,-0.040524083666270236,0.11507738541552848,0.019528471451208448,0.056347776999841045
MA0813.1,TFAP2B,False,13,2173,198,0.0484347207314552,0.7372799782906821,TGCCCTGAGGGCA,0,0.043550073358243034,0.043486340808448654,-0.03551973132756985,-0.04019656550383635,0.11804845207488285,0.042366590718020826,0.13806524269284434
MA1499.2,HOXB4,False,6,5497,245,0.0403701040301629,0.14214175378467966,TCATTA,0,0.042944629401720426,0.043389691002152966,0.09681584860152082,0.0038153059637939996,0.08188403906327982,0.00144886467460979,0.0031436202208896488
MA0666.3,MSX1,False,6,5488,246,0.03806131050367215,0.13324040514384086,CAATTA,0,0.04279854359510854,0.042730642857763665,0.07194923991461345,-0.0004294990425991988,0.08288546250241328,0.0015176288940490525,0.0033014387721328866
MA0069.1,PAX6,False,14,404,145,0.0418403557178829,0.4334415584415584,TTCACGCATGAGTT,1,0.04271373342156956,0.06009113679259884,0.05178799978487205,-0.11765901698790497,0.18032936107254527,0.3918506012486762,1.0
MA1531.2,NR1D1,False,14,2906,222,0.0439678523784812,0.5493077642914216,GGGTCAGTAGGTCA,0,0.04271203131046166,0.03740446638275662,-0.006748535061425484,-0.010511145170545796,0.10672442024427199,0.021304084322950265,0.062118224815339185
MA1959.2,KLF7,False,8,4427,230,0.0454836114924603,0.9004157020624086,GGGCGGGG,1,-0.04271086622021357,-0.04175772157831965,-0.060041769538770606,-0.09489879288321414,0.006842382273864603,0.004479044340349728,0.010695648985145472
MA0848.1,FOXO4,False,7,6560,248,0.034217872414373296,0.2687205434609013,GTAAACA,0,-0.04262078182246178,-0.04069965887736349,-0.03689997064101514,-0.0766382091936274,-0.008965750639801373,0.0005545301456775803,0.0011077272861972818
MA0893.3,GSX2,False,7,14896,247,0.0416555154189408,0.2851381522782619,GTAATTA,0,-0.04245453909052086,-0.04179919961958212,-0.014915780928252579,-0.06834763838790946,-0.017529371216436388,2.1782642790541998e-07,3.3092095354552836e-07
MA1146.2,NR1H4::RXRA,False,13,365,130,0.0418146245762192,0.5150837215908611,AGGTCATTGACCT,0,0.0424308150608371,0.047366316575712566,0.029633387446482213,-0.11777801612126776,0.20904369743200324,0.41896217038337014,1.0
MA0703.3,LMX1B,False,8,1277,218,0.0306196865757284,0.05857899119718589,TTAATTAA,0,0.04242821857863053,0.041701609146684235,-0.012688877965149975,-0.036382809610546026,0.12269401465345058,0.1296772662957635,0.5583513382993756
MA1584.2,ZIC5,False,15,3351,222,0.048168778748018,0.7610511448953187,GACCCCCCGCTGTGC,1,0.04237856479479196,0.04183554550155083,-0.038923822612567036,-0.021355390120894487,0.11011781623796435,0.014151692365836844,0.03830637249514794
MA0784.3,POU1F1,False,14,759,199,0.0333517258145521,0.25349696751527234,CTAATTTGCATAAT,0,0.04218394202353475,0.0441540985051908,0.011953457190026832,-0.045349519428175125,0.14019195159543527,0.2457366751540148,1.0
MA0873.2,HOXD12,False,10,2331,231,0.0370919592352023,0.332078957101206,AGTCGTAAAA,1,-0.04201712949970424,-0.04290975934735998,-0.041554626381058744,-0.10929147978458205,0.02632355140873465,0.04251813905842358,0.13910462030531495
MA1638.2,HAND2,False,6,3358,231,0.040891164527668805,0.5163067406331177,CAGATG,0,0.04201182512874511,0.04013769132394342,-0.00052938782888461,-0.021379353857497098,0.09385542507036154,0.014904950090057394,0.04074346554222926
MA0787.1,POU3F2,False,12,2197,237,0.0346097861511522,0.22305293331485612,TTATGCAAATTA,0,0.04151040624244781,0.04199617956523432,0.003820658359736309,-0.031401623748706864,0.11094396439185271,0.05172518661483205,0.17616241834805507
MA0779.2,PAX1,False,16,2071,215,0.049218003045496,0.5735551172367319,CGTCACGCATGACTGC,2,0.041502161688153495,0.05082271954291809,0.04892799869379789,-0.03432282193567374,0.1161664237236296,0.058977143461371714,0.20766951786610124
MA0840.2,CREB5,False,10,879,194,0.0370709110272113,0.4175817217451436,ATGACGTCAC,1,0.041458094890181686,0.04911489057489974,0.06181673557843213,-0.060622138914623064,0.1410924652739734,0.21947484740615944,1.0
MA1502.2,HOXB8,False,7,6140,245,0.038867606528471405,0.2645808535069797,GCAATTA,0,0.041339837235314134,0.04126964653325259,0.055278598878549,0.005572117635887531,0.079177823239132,0.0011951346765782384,0.0025596827738054535
MA1961.2,PATZ1,False,11,4721,226,0.0479919134441946,0.8980742991358125,GGGGGCGGGGG,1,-0.0411342740485169,-0.03864433561325173,-0.08304365997419233,-0.10370740719741607,0.030458516115274833,0.004702086337211792,0.011391935120183671
MA1542.2,OSR1,False,8,6134,240,0.04710479821472795,0.5675483979973409,GCTACTGT,0,-0.040764984900269384,-0.04100624746463849,-0.05826300440214426,-0.0835856105013398,0.007640624547029772,0.0014061560093376225,0.0030430094889571987
MA0511.2,RUNX2,False,9,4194,237,0.045926350681702,0.5016140393891109,AAACCGCAA,1,-0.04061274237518985,-0.03892873957752108,-0.06422552049270566,-0.09179727812288183,0.01850008446015135,0.008527767172524481,0.022007995404869078
MA0131.3,HINFP,False,8,4560,229,0.0529049771609855,0.794120906330354,ACGTCCGC,2,-0.040328728937136626,-0.04295094343999858,-0.06424639106196892,-0.09678377657549028,0.01699374366444503,0.006456086330622311,0.016208482600444534
MA0854.2,ALX1,False,8,1371,218,0.0315817639278375,0.13122524752475248,TTAATTAA,0,0.040136008928592495,0.039037056750462505,0.01615821593869728,-0.03450486677743414,0.1305132224203165,0.13744857178250874,0.6108008724666565
MA1947.2,ETV5::FOXO1,False,10,5643,242,0.0403873476680605,0.461705031859139,GTAAACAGGA,0,-0.03980009328427348,-0.04156143610149389,-0.03649062463199176,-0.08857883870702542,0.0021457385829359303,0.0027870210617352968,0.006451293878278639
MA1637.2,EBF3,False,9,1008,171,0.04528648586936795,0.708277306903967,CCCAAGGGA,0,0.039777502506116856,0.056522356771285975,0.026915048911319447,-0.07636863924575016,0.15734527638901466,0.20701033512094139,1.0
MA0481.4,FOXP1,False,7,1744,226,0.033230773781501105,0.2690432534849617,GTAAACA,0,-0.03948459686333888,-0.03933710153482121,-0.09040243142765945,-0.10917088941745631,0.032025716408281994,0.0992735436281249,0.400467547354232
MA0872.1,TFAP2A,False,13,1801,183,0.0499388959029865,0.7640501193753676,TGCCCTGAGGGCA,0,0.03922015664420952,0.03903240231702779,-0.033008100721737536,-0.04061434713615491,0.11959679998173255,0.09612900226953838,0.3859091830240889
MA0052.5,MEF2A,False,10,1442,219,0.0294602085859652,0.2027903235785436,CTAAAAATAG,0,0.039047464669281766,0.03810932847246471,0.01966240481892503,-0.03879810660998042,0.11291351927279311,0.13832563840240342,0.6213438135805256
MA0476.2,FOS,False,8,1625,216,0.04303554650137,0.3790948055924074,TGACTCAT,0,-0.03888931241029059,-0.03977328585828403,-0.07071799134864536,-0.1037817965984737,0.029348289444949577,0.11709955546481146,0.491463285814436
MA1576.2,THRB,False,18,784,177,0.04727231850331225,0.512888354232157,TGACCTTACGTGACCTTA,1,0.038837996377048184,0.029049096058974582,0.03250952333601981,-0.08325438317081531,0.1656526725365186,0.2774176813574531,1.0
MA0892.2,GSX1,False,6,14370,250,0.03669872920810585,0.16573836430448705,TAATTA,0,-0.038787522364193805,-0.03934833530204887,-0.05716215138278361,-0.06455994541152159,-0.011687134572891247,3.303335849186458e-06,5.351017720611981e-06
MA0604.1,ATF1,False,8,2830,229,0.04393049248028165,0.4757366510734774,ATGACGTA,1,0.0385100098676357,0.04992780901957379,0.06006860346116225,-0.02399161298599397,0.09948200842240645,0.040510989117202155,0.1309907858225486
MA0822.1,HES7,False,12,243,77,0.0444032686547419,0.7264193894941032,TGGCACGTGCCA,1,0.038422941439028864,0.03310419453067668,-0.07889478219087709,-0.17550404988376386,0.28991617515632456,0.5511176474047392,1.0
MA0143.5,SOX2,False,7,2241,233,0.0349089844866998,0.37060313017983126,ACAATGG,0,0.03836454047843102,0.04043833697051175,0.0946838282156868,-0.01693539391745077,0.09208541092231622,0.06940076825240159,0.25406184324998116
MA0736.1,GLIS2,False,14,2559,215,0.0430619358479624,0.751418879469884,GACCCCCCGCGAAG,2,0.03804654355468113,0.03647682601700171,-0.022897812941766026,-0.014958929307378504,0.09054657159194952,0.05430444933291821,0.18647519584981417
MA0601.2,ARID3B,False,7,3837,242,0.0305515278338788,0.04519209362066504,TATTAAT,0,-0.03714808223269999,-0.03676346083663719,-0.11002740454614132,-0.08389786435559062,0.005756161505963708,0.021384423095497037,0.06257202673365506
MA0704.2,LHX4,False,6,11237,249,0.0352567030702162,0.11161233313589464,TAATTA,0,0.0370697460758162,0.03774162876389829,0.11244721523578535,0.012356240550854469,0.06468495326069462,8.47758720878257e-05,0.00015248647122290728
MA0591.2,BACH1::MAFK,False,12,608,153,0.0423581877129037,0.5260869565217391,GATGACTCAGCA,0,-0.036993141227793465,-0.035037084954480956,-0.04634758521077131,-0.1608954734047578,0.11468226030220262,0.3625068339354359,1.0
MA1110.3,NR1H4,False,6,4022,241,0.040759988684687304,0.4929280135106608,AGGTCA,0,-0.03698672747934265,-0.040969304874698395,-0.02294928172085802,-0.08301236044816097,0.019556085444302124,0.018989164236189925,0.05441377751818561
MA0468.1,DUX4,False,11,4914,244,0.036875738722042,0.23836102931032022,TAATTTAATCA,0,0.03642226485282602,0.03624358417689982,0.05590883824663785,-0.0033487365402216974,0.07737468738771357,0.010667819736159207,0.02805366519224146
MA0904.3,HOXB5,False,6,3689,240,0.0387213967024937,0.13630843581734473,TAATTA,0,0.03638940586246161,0.03730734977547111,0.09363708344786115,-0.016037337054693335,0.08454041028986006,0.02709327407831351,0.08216974729590702
MA0493.3,KLF1,False,8,4287,231,0.04546759187222,0.8860898956333088,GGGCGGGG,1,-0.03615667455421752,-0.03724188138437983,-0.030674874927257324,-0.08798675006389768,0.01898563001992221,0.017911203702156445,0.05062656556629934
MA0163.1,PLAG1,False,14,757,144,0.0474079391784667,0.781954887218045,GGGGCCCAAGGGGG,0,0.03586483992182455,0.03865139858238574,0.021693522194741358,-0.09420862664537423,0.18399408645448787,0.32439893577867995,1.0
MA1574.2,THRB,False,13,2811,232,0.0415594216486203,0.5153122268784391,GGGTCAAAGGTCA,0,-0.03574780864252828,-0.0355773009168446,-0.04382126652867876,-0.10398930174703525,0.03446045759321756,0.05808300688071304,0.20280243158769973
MA0845.1,FOXB1,False,11,5081,243,0.0331799686239477,0.1931672318833856,TATGTAAATAT,0,0.03541719316855873,0.03426705349705587,0.0010500041895222679,-0.008843896595091454,0.07539118229428136,0.01157810912752,0.030641428933022675
MA1964.2,SMAD2,False,6,3967,239,0.041900680158168,0.671588188347965,CCAGAC,0,-0.03531841459622447,-0.03624550176982976,-0.04920812852839325,-0.08913735217227585,0.020444164379469547,0.026115335397359805,0.07862986853335506
MA0903.2,HOXB3,False,6,16458,250,0.0373300517127073,0.1567105940399219,TAATTA,0,-0.035265117549253024,-0.03461396577368781,-0.032580712998117774,-0.060192121433544646,-0.012275161456168242,6.034378396434519e-06,9.969320969059811e-06
MA0050.4,IRF1,False,11,792,189,0.03777364262581395,0.2937007050235105,TGAAACTGAAA,0,-0.03515763424628315,-0.03469719764394017,-0.11647152657350206,-0.12887743793372086,0.05442583190339777,0.3230712070113567,1.0
MA1150.2,RORB,False,10,2099,228,0.0398660479835495,0.4174138961836567,AATTAGGTCA,0,-0.0350172816143447,-0.026743600705324912,-0.03366851543930666,-0.09858349484895405,0.0331565370984628,0.10874766797004612,0.4429868239368055
MA0150.3,NFE2L2,False,11,853,182,0.045152494125614,0.47624109040890333,ATGACTCAGCA,0,0.03487177568569253,0.033905978495008364,0.02015719668657814,-0.08273065015872627,0.14378563801047256,0.3090170593283993,1.0
MA0035.5,GATA1,False,7,1673,228,0.0370562690902294,0.2849654834995018,CTAATCT,0,-0.03468283044878223,-0.037056498955342625,-0.020525095891789503,-0.10373300474163973,0.030881723377354738,0.15619817470189745,0.7171308462832973
MA0644.3,ESX1,False,7,8797,245,0.037248363235973,0.1667667508189786,CTAATTA,0,0.03467548837691092,0.034973234074657945,0.045479659563515844,0.004110673686749906,0.06763300481064807,0.00114269630715638,0.0024410813142595163
MA0485.3,HOXC9,False,9,1884,226,0.037248363235973095,0.3052141644505354,GTCGTAAAA,1,0.034454680772276355,0.03326991470173614,0.011959137467998435,-0.04181363840401404,0.11087051261605597,0.13492511815508382,0.5963977297174183
MA0158.2,HOXA5,False,8,4846,242,0.041282905578472,0.3209802342098044,GTAATTAC,0,0.03430781616363268,0.0353166716497939,0.03979416928401905,-0.006486970374094827,0.07039279331166873,0.01692355298000952,0.047192860826805065
MA0902.3,HOXB2,False,6,6398,245,0.040159132599497396,0.16086505338206572,TAATTA,0,0.03419091290968037,0.03449301043518602,0.12531173411453536,-0.003668989586963423,0.06868322213517243,0.006235926641401467,0.015468821011954088
MA0002.3,RUNX1,False,9,9194,243,0.040930425307535295,0.49394747070908995,CTGTGGTTT,0,0.03416925308988315,0.03656178047276384,-0.0016079325372320165,0.00021318568050207772,0.0690879081114746,0.0010497507515411812,0.0022367766013608246
MA0489.3,JUN,False,8,905,179,0.0449642177392597,0.4026462743347785,TGACTCAT,0,-0.033928104118117586,-0.03789403256876895,-0.044461614666116596,-0.1529802282948553,0.08722312947055251,0.30794220223417773,1.0
MA2093.1,HOXB1,False,7,9801,248,0.0404526137639211,0.2671168378390685,GTAATTA,0,0.03356202137185232,0.03325714714104068,0.022217405055557922,-0.004258871481400285,0.06828057362697956,0.0008900625701196882,0.0018583969742951279
MA0612.3,EMX1,False,6,4066,243,0.03723122684724105,0.0734212879091564,TAATTA,0,0.03351195817496541,0.03351149443703695,0.08586963713371776,-0.008927309253536918,0.0768811902986912,0.032611036461753555,0.10343424160197406
MA0611.3,DUX,False,11,442,160,0.03215889136466205,0.24897771719805623,TGATTCAATCA,0,0.033181190122364465,0.025821607131186874,-0.028436867966188665,-0.08986558452645835,0.16480921324249337,0.48654733480353773,1.0
MA1710.2,ZNF257,False,10,6027,236,0.043854604176003,0.6538373801846855,GAGGCAAGGG,0,-0.03311326755992791,-0.03257265912746485,-0.06364331645295394,-0.07800059054178979,0.012374833250044308,0.010144074111813221,0.02650857102804021
MA1143.2,FOSL1::JUND,False,9,956,197,0.043699620729012206,0.43849977799977796,ATGACGTAA,1,0.0330113468966169,0.03524890565679014,0.029615122633725656,-0.0680919545630241,0.1375197426647598,0.30790463982489846,1.0
MA0068.2,PAX4,False,8,2358,233,0.03329419826995765,0.250426385872654,CTAATTAG,0,0.032990728483054156,0.03604974895794794,-0.037929366772940024,-0.027441182838752416,0.08719947417125869,0.10924602267840526,0.44720908791012204
MA1506.2,HOXD10,False,10,2857,235,0.0366136666077159,0.34004529043078047,GGTCGTAAAA,1,-0.03282037185597094,-0.03302399505373484,-0.032998699504884155,-0.09106942922974935,0.02800642203231033,0.07943331391924448,0.30141134185795504
MA0712.3,OTX2,False,7,1893,226,0.036964165974934,0.3534690326246509,GGGATTA,0,0.032262171249101995,0.02979374670010044,0.001128332185849715,-0.04498125833267508,0.102874532098354,0.16058087693626835,0.7413483818557722
MA2001.2,SIX4,False,7,1420,215,0.0394689711011223,0.4015610438024231,AACCTGA,0,-0.03216353518291905,-0.031954221871153494,0.018269944893052906,-0.10642504091899312,0.0494143591846648,0.2257954290296391,1.0
MA0791.2,POU4F3,False,12,792,192,0.02783279040853065,0.16707761657633916,TGCATAATTAAT,0,0.031459156810327384,0.030111881312760127,-0.029511311990544176,-0.05322620511611988,0.11638637694562902,0.3766100297656697,1.0
MA0629.2,RHOX11,False,9,3943,239,0.0368158001331009,0.40439008606743027,CGCTGTAAA,1,-0.031090895570001317,-0.03148327409009288,-0.015094286293694342,-0.07636965129345724,0.022893421041176306,0.05092001902972936,0.17201030818579308
MA0047.4,FOXA2,False,8,1777,230,0.0342152095483072,0.26124625220290365,TGTAAACA,0,-0.030990928193348432,-0.03273363909398504,-0.07536075344361336,-0.0943872985258619,0.03734403277985824,0.1916203194762701,0.9650696089986693
MA1532.2,NR1D2,False,15,872,189,0.043423751736389904,0.4976254161154205,TGGGTTAGTAGGTCA,0,0.030797884352365197,0.031659151704661784,0.015905904921047303,-0.06990842299400812,0.1290903610329747,0.36368722886894633,1.0
MA0705.2,LHX8,False,6,6228,247,0.037677313293992196,0.18665960020207675,TAATTA,0,0.030753173321791026,0.02873478186391633,0.1047822876362043,-0.012403679170631843,0.07427702048303289,0.015221909696680497,0.04188545350311752
MA1139.2,FOSL2::JUNB,False,10,299,120,0.0361509579420955,0.41838161838161836,ATGACGTCAT,1,-0.030721948448090623,-0.03136054503033265,0.023848811249163583,-0.21414831782245508,0.16992471700174305,0.5967139419365284,1.0
MA2120.1,ZNF184,False,13,3155,233,0.037453286340519,0.4300430300545456,TAGAAAGGTGCAT,0,0.030675812550992596,0.03059619999820372,0.013760296697347497,-0.026469754072730573,0.0839805959666533,0.08493117629006013,0.3298028387712148
MA0793.2,POU6F2,False,9,3491,238,0.0368570138415642,0.29489374833473997,AGCTCATTA,0,0.030587032021624733,0.029283279725336103,0.05338812891484401,-0.013695376766148832,0.07613983282264387,0.07076216828510411,0.2601918665704492
MA1111.2,NR2F2,False,7,1600,222,0.04210919337980695,0.4336572724327826,AAGGTCA,0,0.030115111735623777,0.028446426830787366,0.007460042424530791,-0.0540625473028172,0.11432763740179154,0.2286142818242424,1.0
MA0039.5,KLF4,True,8,3107,220,0.0410450678012015,0.8196213587014941,CCCCACCC,0,0.02991117405417487,0.029160156551298836,0.06152834796627809,-0.028396364126917286,0.09895956649791467,0.09552137158792463,0.38162624898829506
MA2338.1,PPARA,False,7,1965,227,0.0388349579814315,0.45064949352863976,AAGGTCA,0,-0.02968016270219495,-0.030870048495563598,-0.0029303850038012213,-0.09695838508703966,0.04068680983811235,0.1884681334374014,0.9267279224052104
MA0898.2,HMX3,False,9,1986,231,0.0353138158329033,0.2476988287064001,AGCAATTAA,0,0.02958995302470342,0.03261462908379837,-0.005405804690578827,-0.041245748095037116,0.09885281018329016,0.1874629345397461,0.9163629329560531
MA1536.2,NR2C2,False,6,24490,249,0.042907323006326,0.5604891912143293,AGGTCA,0,0.02920882219444633,0.026686422783057183,0.004030813294735767,0.007095299907180011,0.05147856906963249,4.837538399389974e-06,7.944652983978396e-06
MA1707.2,DMRTA1,False,10,7404,245,0.0386678362386558,0.31993333953688624,TTGTTACATT,0,-0.02917003505464781,-0.02822638198483809,-0.018182418483558106,-0.06622047817871987,0.0024471266755636528,0.01207004976652683,0.03225148345975497
MA0801.1,MGA,False,8,3957,233,0.0425642227657032,0.5152278527707365,AGGTGTGA,0,0.028927158191421724,0.030773962819232798,-0.012045455742267286,-0.025938133188558726,0.08964914272652666,0.06884132098723218,0.2498128285606548
MA0510.3,RFX5,False,14,281,109,0.042232701739048,0.48481795951574636,GTTGCCATGGCAAC,0,-0.028787497823036235,-0.0275777772586692,0.05109672692777553,-0.21031735135468121,0.16624116254664723,0.6308612762840253,1.0
MA1960.2,MGA::EVX1,False,11,1749,230,0.0406000460375797,0.3675330819809746,AGGTGTTAATG,0,-0.028698908352403518,-0.027389317089836683,-0.02439009992798428,-0.0936679231442578,0.04385794910030137,0.23029184662078236,1.0
MA1645.2,NKX2-2,False,8,1654,211,0.0391066643172832,0.5103173993237012,CCACTCAA,0,0.028580312267624242,0.03375274554297909,0.03419057304974719,-0.03832105334704366,0.10210247373900182,0.24535625824635093,1.0
MA1604.2,EBF2,False,9,996,172,0.0450447530138884,0.6926378629028846,CCCAAGGGA,0,0.028533209289770607,0.0448224615097507,0.021741428429675642,-0.09448324632223622,0.13797782382258367,0.36836230198153164,1.0
MA1962.1,POU2F1::SOX2,False,17,602,177,0.029080026773903,0.28980398450540246,AATTTGCATAACAATGG,0,0.02843042215191057,0.031176529543117327,0.013680087168758804,-0.09029460183766937,0.14050708574017867,0.48627170762079697,1.0
MA0738.2,HIC2,False,6,17590,248,0.043490295982493155,0.6652541680045564,ATGCCC,0,-0.028312740782817706,-0.028873901339835764,-0.06536656365635025,-0.05185776503233161,-0.005720134871205023,0.0001729762580518885,0.00032447690844496463
MA0648.2,GSC,False,6,5597,244,0.0373088597884008,0.29152695421606756,TAATCC,0,0.02797790439431134,0.028152844981185976,0.03165829249476278,-0.02047662729802584,0.07335945715355204,0.03634416013531262,0.11706200415676275
MA1152.2,SOX15,False,7,6889,243,0.0326704443257841,0.29684043116848935,CTATTGT,0,0.027968486505854696,0.030041892606870686,0.02230208935371774,-0.011220770497580813,0.06449984305576824,0.02026433726504477,0.05867478838763834
MA0087.3,SOX5,False,8,2320,237,0.03467005025799125,0.36500000000000005,AACAATGG,0,0.02725328832115205,0.028793842838896612,0.06621354653795891,-0.0328097338087025,0.08398993339246859,0.18944305721906154,0.9426777278385637
MA0037.5,GATA3,False,8,1277,213,0.0361449930526065,0.293935220555712,TCTTATCT,0,-0.027230707239215432,-0.027168680101364598,0.014125409889339677,-0.10511552323955851,0.05773473557153467,0.3308911795799142,1.0
MA0739.2,HIC1,False,8,8220,242,0.044737394835379,0.594606257586569,ATGCCAAC,0,0.027215810203490634,0.02587290929943256,-0.03382666229668988,-0.008604901440431523,0.060467072755925194,0.013602911115174168,0.03658258620294412
MA0851.2,FOXJ3,False,9,2822,240,0.03132999514153355,0.21665361634202634,GTAAACAAA,0,0.027135212076454234,0.026599614308486865,-0.013230562429688375,-0.027136131217172288,0.08132667565812449,0.14955162828192997,0.6791114923622066
MA1118.2,SIX1,False,9,1168,211,0.04039278037147515,0.41243362388538224,GTAACCTGA,0,-0.027074758505910845,-0.031636965804784686,0.013321905612382928,-0.11101299161648685,0.0708358577025585,0.3552333030884114,1.0
MA0718.2,RAX,False,6,6440,247,0.03165864417148115,0.09595420650533797,CAATTA,0,0.026751765542053395,0.026926532286374892,0.010376480022315148,-0.009152984084854513,0.06710978740199838,0.03181030569784236,0.099377308401906
MA0788.1,POU3F3,False,13,1423,225,0.0328725155864328,0.2070954872974587,ATTATGCTAATTT,0,0.026236092115029197,0.025882930872947185,-0.010031362969018754,-0.05255396699626946,0.10433781537284734,0.32266509314473857,1.0
MA0905.2,HOXC10,False,9,5892,247,0.032753489285007806,0.2758158360808038,GTCGTAAAA,1,0.026114251093971034,0.02590212028466298,0.0317345858723669,-0.011312018547271482,0.06121363570445172,0.04502403830712749,0.14906364873794004
MA0795.1,SMAD3,False,10,679,172,0.046369900563536,0.47074915331407663,CGTCTAGACA,1,0.026054389009554854,0.02472729972860085,0.05164448802424176,-0.06794253981820143,0.12648382369849454,0.49791135555422783,1.0
MA0782.3,PKNOX1,False,10,486,148,0.03236431803806945,0.4802472225002502,TGAGTGACAG,0,-0.02567659125119228,-0.026474986217004847,-0.04750616385621906,-0.1357869106060172,0.09719480916760898,0.5722870792751209,1.0
MA1122.2,TFDP1,False,8,1603,193,0.0555019942596306,0.733316733067729,GGCGGGAA,1,-0.025368140170725032,-0.021796884461874708,-0.04533957649967024,-0.1367649837701864,0.07667192953034653,0.3100831780771407,1.0
MA0614.1,FOXJ2,False,8,4974,243,0.033465491463705754,0.24685514485514484,GTAAACAA,0,0.025201262816521748,0.02578496311397318,0.022811174768318503,-0.006196824917275362,0.06379760345368067,0.07553621657008283,0.2827504322961209
MA1522.2,MAZ,False,8,6099,236,0.0497186333770494,0.8410863648433351,CCCCTCCC,0,0.025018873684493962,0.02766928762817532,-0.0517038925912946,-0.023762090228454522,0.06796952375971428,0.05072704659817109,0.17066467904081042
MA0160.3,NR4A2,False,8,4776,243,0.04083247164620625,0.3971821913633798,AAAGGTCA,0,0.024846223157065854,0.025538531353791118,0.02061555726181262,-0.021778459004468047,0.06894466350534832,0.0859968017607735,0.33550864912301775
MA0041.3,FOXD3,False,14,2392,236,0.0299925891934105,0.26141380467644126,AAAGTAAATAAACA,0,-0.02441718523504442,-0.026285845597623706,-0.07933918651674951,-0.07761477291926634,0.029662502096045158,0.2325752535561608,1.0
MA0496.4,MAFK,False,10,413,141,0.0391772428229155,0.5411868174350054,CTGACTCAGC,0,0.023907813179837638,0.024209244264146793,0.02447430455768715,-0.1411653381948439,0.17226234871811444,0.6280588465934576,1.0
MA0682.3,PITX1,False,6,3283,237,0.03448422386775,0.3348524489264477,TAATCC,0,0.023814764813800255,0.016221441638138878,-0.026410320593558394,-0.037644936880375304,0.08156788737533611,0.17250475847434152,0.8286211230761723
MA1578.2,VEZF1,False,6,5733,232,0.0452864858693682,0.9818180680680682,CCCCCC,0,-0.02359494971880357,-0.02577964998015381,-0.0968871281909768,-0.06866279279227407,0.02782141482729344,0.0740364685933395,0.2734413573380672
MA0689.1,TBX20,False,11,2096,229,0.0391172041567924,0.43005089874202423,TAGGTGTGAAG,0,0.02358637832612701,0.025244223103161784,0.021430063238224658,-0.044586495629371135,0.09009492157363763,0.2804363040841954,1.0
MA1633.2,BACH1,False,9,2469,228,0.0413166321183251,0.3762901503739637,ATGACTCAT,0,0.023117808071637092,0.022720292723341768,0.022119654536187184,-0.03566155930589454,0.08340053376104951,0.25085576674193405,1.0
MA0786.2,POU3F1,False,10,2566,236,0.0334629942095614,0.2064829373566993,TTATGCAAAT,0,0.023022008721789226,0.023183376267797595,0.025675851833392768,-0.030216481670682773,0.07731496266978691,0.2437024948668802,1.0
MA1575.2,THRB,False,17,1279,182,0.0450650465223021,0.5407023873479625,TGACCTCATTGAGGTCA,0,-0.022935721455827354,-0.029162692367700357,-0.039129273932947864,-0.12260871105166214,0.07754465348849683,0.41246783542979204,1.0
MA0701.3,LHX9,False,7,3702,238,0.03705759495043465,0.1874687508391364,CTAATTA,0,0.02291614607483432,0.022938428806758573,0.018373031623387805,-0.02272585843577916,0.07214509409192826,0.163310473555251,0.7581620308626457
MA0694.2,ZBTB7B,False,10,3237,223,0.0443899985092574,0.6987650821223805,CGACCACCGA,2,0.022887783405595698,0.022863455606452338,0.00028371619537678674,-0.042712939281452277,0.08282433162448609,0.1929643282865845,0.9777643707692177
MA0674.2,NKX6-1,False,7,10544,249,0.0369614921220076,0.13764871057188302,TAATTAA,0,0.022543740519028962,0.02249940800394959,-0.0021622592833354854,-0.005779862666254245,0.04963085046666933,0.020618364431071907,0.05990860434342921
MA1128.2,FOSL1::JUN,False,9,1499,216,0.0430355465013705,0.39686311692299714,ATGACTCAT,0,-0.02234823581820675,-0.022859269929271592,-0.043190156989854546,-0.08637251436032023,0.05456583792692186,0.3872358250699238,1.0
MA0899.2,HOXA10,False,9,5114,243,0.0324020213895182,0.227558968855825,GTAATAAAA,0,0.022205008083558103,0.022131437541165064,-0.010918452216527874,-0.01740833188756411,0.06415269780041304,0.11234574067176151,0.46217480444670206
MA0853.2,ALX4,False,12,1015,204,0.0322409034351327,0.293534588752993,CGCATTAATTAA,1,0.021948803738059013,0.022051932846112933,0.011431149532999646,-0.07895289212965927,0.1075410059256673,0.4848702818103625,1.0
MA1653.2,ZNF148,False,10,2154,200,0.04351854204510005,0.8422946428571428,CCCCTCCCCC,0,-0.021870437108269927,-0.0134903328040733,-0.013220049436972452,-0.10497040720482884,0.07391812495686764,0.31031299320869576,1.0
MA0478.2,FOSL2,False,10,3092,232,0.043940474125961096,0.466572664034593,GATGACTCAT,0,-0.021744721541983293,-0.018099412068860083,-0.040284504501169056,-0.08254836108649577,0.03977812721418482,0.22674519941628415,1.0
MA0494.2,NR1H3::RXRA,False,16,11097,245,0.0399899923774382,0.49374999999999997,TGACCTAAAGTAACCT,0,-0.021737817372982863,-0.022519520178782663,-0.02064251531825908,-0.05239440109503015,0.009861961475770861,0.0220257075727818,0.06536915354636312
MA1951.2,FOS,False,13,261,99,0.0425954904016259,0.48800150419137445,GATGACGTCATCA,1,0.021669224877263252,0.0204997114662697,0.04051125243686636,-0.18846690270470456,0.22835935471615787,0.727511538419036,1.0
MA1129.1,FOSL1::JUN,False,10,276,114,0.0353868855443022,0.4262229287678389,ATGACGTCAT,1,-0.021278029579086585,-0.028209418683031215,0.016250030320222774,-0.20757596281890225,0.17711010492253382,0.7248887370830035,1.0
MA1112.3,NR4A1,False,8,1682,224,0.038669646488127596,0.3697968985434455,AAAGGTCA,0,0.021149932197081268,0.026994607395686227,0.03748581851952714,-0.07180740428004996,0.10899347540818063,0.3860202447088723,1.0
MA1500.2,HOXB6,False,7,14325,249,0.0413794309905082,0.28886934297629796,TAATTAC,0,-0.021065279621333827,-0.019736854944681432,0.004232752502073097,-0.047461635096013394,0.004331778965080863,0.011692152596471462,0.031042104816829983
MA1562.2,SOX14,False,9,2205,231,0.0332302747645081,0.38590386590566733,CGAACAATG,1,0.021052349420715304,0.019912881578048457,0.08106905851766229,-0.04408527060365705,0.08565070320315897,0.3230972523898603,1.0
MA0486.2,HSF1,False,13,481,150,0.0448054833868006,0.3716637090007336,TTCTAGAACGTTC,1,-0.021030188493572615,-0.022256437255288707,-0.033378016577917516,-0.20359068467288735,0.13973005438393485,0.6454596079571149,1.0
MA0654.2,ISX,False,6,6406,245,0.03491316646944685,0.08811125961124466,TAATTA,0,0.020846067450194627,0.021038381406855527,0.009010895347669325,-0.013669623891746495,0.058549285031968934,0.09525170086231327,0.3787280546247958
MA0790.2,POU4F1,False,12,951,203,0.0279500334140112,0.16765103835067238,TGAATAATTAAT,0,0.020503180634526122,0.021155928862753234,-0.036203437628566704,-0.06286745740711565,0.10833657242995984,0.5277020202911971,1.0
MA0515.1,SOX6,False,10,4530,241,0.033178459176936154,0.40120000000000006,CCATTGTTTT,0,0.02045343396168422,0.022777711883215153,0.030930956027334623,-0.02227016868302192,0.06720726873725713,0.168701525562453,0.7920393657762624
MA0465.3,CDX2,False,8,1392,214,0.0316785963787189,0.24574187404377557,GCAATAAA,0,0.019972802963367193,0.019775376213017955,-0.0027649397750949788,-0.04698661114064791,0.08495495564310017,0.45652539072615517,1.0
MA0594.3,HOXA9,False,7,10341,248,0.0390284386008459,0.3887118920514471,GTCGTAA,1,0.019800368203331257,0.019813201467321292,0.05129521451971097,-0.015729562543435674,0.051595252081703874,0.044065479057113825,0.14531116308119676
MA0891.2,GSC2,False,6,11681,248,0.0365606215704308,0.29580347449998906,TAATCC,0,0.019556282819189086,0.019169467701837292,0.014872269606747224,-0.013481726754318366,0.049398779900068336,0.034550039740088315,0.1104272424000515
MA0667.1,MYF6,False,10,1833,222,0.0396557735662685,0.405964956254145,AACAGCTGTT,0,0.01948920802828767,0.024842164481872302,0.015012813367238486,-0.05808474234268169,0.08716208391955428,0.40433047669148736,1.0
MA0029.2,MECOM,False,11,524,171,0.0304035313017898,0.2613636363636363,AGATAAGATAA,0,0.01932359591320237,-0.004073579758260358,-0.0002772403812539941,-0.0912553573706325,0.13353686387308406,0.65897976900707,1.0
MA0673.2,NKX2-8,False,8,25915,250,0.0401942567570796,0.4703103727756577,CCACTTGA,0,-0.019295981914769573,-0.01867826722233274,-0.007000700754272982,-0.04151661193916225,0.002718913727501455,0.0018935929652002617,0.004218701753569484
MA0065.3,PPARG::RXRA,False,13,3302,238,0.038945836770596,0.547418433950916,AGGGCAAAGGTCA,0,-0.019166493759692777,-0.018763901227219097,-0.017024775695731645,-0.06993491998959243,0.03276055330296358,0.27087534690113324,1.0
MA0501.2,MAF::NFE2,False,11,1251,209,0.0432600055310996,0.4772518956753604,ATGACTCAGCA,0,0.019027522988757536,0.019744814155118896,0.026823257462318513,-0.09239722286958553,0.11002609803869966,0.5013407510883403,1.0
MA0849.1,FOXO6,False,7,7047,246,0.0362421949688034,0.27888106087778236,GTAAACA,0,0.018763906830929922,0.01871604299462353,0.03682272653205257,-0.01783639229713106,0.05768640152567153,0.1152513968008889,0.47886955370769335
MA0751.2,ZIC4,False,14,3770,228,0.048168778748018,0.7388984273754348,GACCCCCCGCTGTG,1,0.01843932106897789,0.015362714149456986,-0.08631306293261037,-0.041623099462714246,0.08108296414475981,0.25767601745716207,1.0
MA0887.2,EVX1,False,6,10322,245,0.037722430221540454,0.1522589606200858,TAATTA,0,0.018411419825875654,0.018312982581420563,0.04473183048274614,-0.011903810276410926,0.04824656431464046,0.06141698265501753,0.2181090281466648
MA1505.2,HOXC8,False,6,8922,248,0.040370104030162696,0.18255676516846817,TAATTA,0,0.01838470284187647,0.017843275938304214,0.035302896938303824,-0.017523606889733267,0.04891824967199605,0.08248338638399348,0.31733191706064157
MA0497.2,MEF2C,False,11,7256,248,0.0332005563414512,0.24868366927190458,CTAAAAATAGA,0,0.018136754565054418,0.0185880689233126,-0.024553158882538905,-0.017565174866684765,0.05855543751989798,0.12239736429226186,0.5216010755224082
MA0600.3,RFX2,False,14,431,140,0.0393036193702109,0.4784803076366773,GTTGCCATGGCAAC,0,-0.0181233862405811,-0.017853141448766374,0.017560545102779667,-0.1658681692330827,0.11916802442617455,0.7075195996826371,1.0
MA0627.3,POU2F3,False,9,1339,219,0.033760123130772,0.24826085232117714,TATGCAAAT,0,0.017861728908514254,0.018289814317174354,-0.007960220257763096,-0.06392298631475518,0.08956582442215981,0.5137277257094639,1.0
MA0681.3,PHOX2B,False,12,531,169,0.0262594038519363,0.11753886707866086,TAATCAAATTAT,0,0.017858886278776177,0.03251615864664708,0.06458441257068565,-0.08431731211175504,0.12501866735878395,0.6813709542079135,1.0
MA1581.2,ZBTB6,False,9,1586,202,0.04159295974721765,0.6436515060841812,CCTTGAGCC,0,-0.01770406725669668,-0.0256534467667324,-0.048134622249435675,-0.1126399546655008,0.07879779341126075,0.4810859679136068,1.0
MA1989.2,BCL11B,False,9,818,189,0.037822104936818104,0.4047198208461779,AAACCACAA,0,-0.017693852766534145,-0.019206765992028828,-0.04886834236416138,-0.12226732833047528,0.08860605723873667,0.6133325089213892,1.0
MA0479.2,FOXH1,False,8,4179,240,0.0346059429934644,0.31986726741354116,AATCCACA,0,-0.017630523339198977,-0.016774261697544406,-0.009546139160882278,-0.055233578827159756,0.022130649929328457,0.25450465147640616,1.0
MA1497.2,HOXA6,False,7,10016,245,0.038255006280809745,0.2643026146439348,GTAATTA,0,-0.017508690690869595,-0.0174662293144293,-0.008952501744412996,-0.04591786174530582,0.008075472703138608,0.07974203536812238,0.3039707861968335
MA0896.2,HMX1,False,9,1772,222,0.03671423671298485,0.26018842080286464,AGCAATTAA,0,0.017317127402402696,0.018710501834087515,0.009442978979307723,-0.05575519777546159,0.09429633663038818,0.46630330566124667,1.0
MA0658.2,LHX6,False,8,7501,247,0.0394041559017148,0.21589263672696818,CTAATTAG,0,0.016766225376967772,0.016881375782319796,0.012328445621400643,-0.025435651321733373,0.05837261270178652,0.1465142424223774,0.6617029100706283
MA1498.3,HOXA7,False,6,14447,249,0.0370919592352023,0.20208139778456516,CAATTA,0,-0.01657462745597561,-0.016792402006523537,-0.010547794352634287,-0.04163921489218887,0.009186961507250714,0.046353179765345164,0.15407796954000733
MA1972.1,ZFP14,False,15,3788,230,0.04624340244571505,0.6313033181057134,GGAGGCACTGGAATG,0,-0.015696877631532307,-0.016626589905142066,-0.01928210036946975,-0.06911862803695545,0.036960473478174244,0.33412818150449586,1.0
MA0153.2,HNF1B,False,13,835,195,0.0323160466733707,0.2079673670213929,GTTAATGATTAAC,0,-0.015524117085731622,-0.014981211454639572,-0.048036344961371324,-0.13079768306392672,0.10027788844561975,0.6541924828787525,1.0
MA0132.3,PDX1,False,6,3705,243,0.0348289049368526,0.11236114381697315,TAATTA,0,0.015407890991593112,0.01632550263792043,-0.05931970152659606,-0.02952170298521827,0.05843475295181469,0.3484512178709388,1.0
MA1130.2,FOSL2::JUN,False,9,1865,228,0.0413166321183249,0.39821472605903746,ATGAGTCAT,0,0.015198500286157289,0.014167340020386951,-0.009725979651802564,-0.056734551106466684,0.08930510555504204,0.5118531551176861,1.0
MA1513.2,KLF15,False,8,2949,207,0.0512810336884297,0.967150395778364,CCCCGCCC,1,-0.015089189260551784,-0.01739966955860736,-0.09405001568168055,-0.09493789238230527,0.06262368483268102,0.41272190620227034,1.0
MA0753.3,ZNF740,False,10,1874,200,0.0416385730177595,0.8510916377910454,CCCCCCCCAC,0,0.014583472713849804,0.008406853855621533,-0.02502769990551078,-0.0823350198423584,0.10614972710982498,0.5280883916854893,1.0
MA0155.1,INSM1,False,12,3181,229,0.0417911032996789,0.66,TGTCAGGGGGCG,1,-0.014501505014668662,-0.014086986496300706,-0.0821293932679041,-0.07780948380100028,0.050275485354474916,0.4135790252094945,1.0
MA0911.2,HOXA11,False,9,4788,243,0.0332787792396662,0.3082943891862644,GTCGTAAAA,1,0.014093577577693995,0.014099353280418756,0.02196147621184766,-0.028541966410912743,0.0545023145275855,0.329558183984787,1.0
MA0713.1,PHOX2A,False,11,2799,237,0.0312619858100493,0.16483539968983266,TAATTTAATTA,0,-0.013931640497946747,-0.016304348879917538,-0.030559697640230532,-0.06373874086060567,0.03398021173774043,0.4612634515164412,1.0
MA0702.3,LMX1A,False,7,2548,233,0.03462262774216545,0.059568069215499245,TTAATTA,0,0.013885938761131296,0.013767002890338928,-0.01576710980939173,-0.053929705993874394,0.07117082471349773,0.48353998477456595,1.0
MA1134.2,FOS::JUNB,False,9,1243,205,0.0445128449932274,0.3904152511936943,ATGAGTCAT,0,-0.01368387823270952,-0.013778416140197952,-0.059355463761873235,-0.10699530155676755,0.08308425082311233,0.6298210064351688,1.0
MA0032.2,FOXC1,False,11,6419,247,0.0328971387065366,0.20436146656413087,TATGTAAATAT,0,0.013324394004213095,0.013274827506470377,-0.027972649453340194,-0.02301332236181488,0.046581623006286904,0.2858038447278373,1.0
MA2097.1,ZNF75A,False,12,1107,205,0.0400985977523471,0.5019106782765905,GCTTTTCCCACA,0,-0.013023439054237073,-0.012950340193291589,-0.013984525896039898,-0.1219899148566858,0.09474759768380772,0.6651313057262407,1.0
MA1963.2,SATB1,False,7,1148,217,0.033632524277093095,0.15733903787957845,CTAATAA,0,-0.012923503000712823,-0.012670096895494273,-0.04139244268389125,-0.09399970509773087,0.053475439989112306,0.6618087428384951,1.0
MA0140.3,GATA1::TAL1,False,17,2418,226,0.036974798414964996,0.4347374543037554,TTATCTGTGAGGAGCAG,0,-0.012719146389500897,-0.012489419108878677,-0.0017295580790530067,-0.06706071294230155,0.047456279284438775,0.5318775055471126,1.0
MA0846.2,FOXC2,False,11,3901,244,0.0316785963787191,0.23325159321280006,TAAGTAAACAA,0,0.01268955053786753,0.011710001909236748,-0.03804233744998487,-0.03306100274415895,0.05558980548023773,0.428161481942152,1.0
MA0815.1,TFAP2C,False,13,2151,197,0.0499388959029869,0.764941291666681,TGCCCTGAGGGCA,0,0.012636285482516494,0.012450610619967217,-0.07366194509959013,-0.06795023434157779,0.09226545439206706,0.5580506397540945,1.0
MA1501.2,HOXB7,False,7,8280,245,0.040922565459723045,0.2395626656449251,GTAATTA,0,-0.01260524043547789,-0.012211044344898246,-0.0038419713439764996,-0.04151038395804041,0.01516665284610596,0.2514312168588813,1.0
MA0730.1,RARA,False,17,252,83,0.0424191606291576,0.5001254612970015,AGGTCATGCAAAGGTCA,0,-0.012175434299083162,0.018645224948214124,0.02657111051004353,-0.17726119528954654,0.17660989079497297,0.8474874519304562,1.0
MA0900.3,HOXA2,False,6,3013,236,0.0365266315359758,0.06695166263857462,TAATTA,0,-0.012160640060218825,-0.0119999101475282,0.024470147101406096,-0.0561589215286432,0.030716397918074765,0.5046092910271731,1.0
MA0879.3,DLX1,False,6,15526,247,0.037897693906172106,0.17316223490005467,CAATTA,0,0.012061461552151907,0.014366559532530215,0.0362601357449818,-0.011536167751338882,0.03699981157196914,0.13288226277844115,0.5811850545730768
MA1138.2,FOSL2::JUNB,False,9,1678,224,0.0421168484634859,0.3817085396306953,ATGACTCAT,0,-0.01184987194244301,-0.012448417916710083,-0.04664817586794081,-0.08504954399441049,0.06603199074109302,0.6276292946215709,1.0
MA1517.2,KLF6,False,9,5973,241,0.0493704396402727,0.7373418871485546,CCACGCCCA,1,0.011106771499038033,0.01151071182656957,-0.047278759296283994,-0.03427729060828109,0.059769668215011826,0.390762318099414,1.0
MA0888.2,EVX2,False,6,14033,248,0.0381599434246193,0.15175037937203165,TAATTA,0,-0.010863727746194323,-0.010509103961554966,0.009472871941900158,-0.03839920152595982,0.018685227317920047,0.19814622927402104,1.0
MA2003.2,NKX2-4,False,8,9617,246,0.0425977973392361,0.4908830568571514,CCACTTGA,0,-0.01056867113174878,-0.01043591423768948,-0.012662372282742184,-0.04423972915746922,0.02450173509030817,0.30005067012064623,1.0
MA0807.1,TBX5,False,8,6559,243,0.0429731378109776,0.5244234948755482,AGGTGTGA,0,-0.010226742080798597,-0.009135976379802619,-0.03738896617822553,-0.053978062891849726,0.026596714984027176,0.407611809482447,1.0
MA0621.2,MIX-A,False,7,1027,205,0.0293816881429451,0.033861205803036434,TTAATTA,0,-0.010200948252569602,-0.005874220252321211,-0.0023164540924860235,-0.09959988807544849,0.07412072953722866,0.7440320613750383,1.0
MA0744.3,SCRT2,False,10,730,177,0.0425606453026572,0.5276569477679047,GCAACAGGTG,0,-0.010039356323433538,-0.0012447088967808386,-0.026334146755330384,-0.1221792753063824,0.1038726070784748,0.7865521959422668,1.0
MA0811.2,TFAP2B,False,11,9688,243,0.0483288612471692,0.7624603435512441,GCCCCAGGGCA,0,0.010016687786655685,0.009083720329419438,-0.09301662833876795,-0.028688715387692142,0.047267078685227115,0.32422319897243645,1.0
MA1479.2,DMRTC2,False,11,3228,239,0.03627894551543215,0.29513922774443885,AATTGATACAT,0,0.009900900183347284,0.009139782744884391,0.014746609584107449,-0.039627183646168275,0.061458337180557376,0.5738977305845963,1.0
MA0125.2,NOBOX,False,6,3548,243,0.0362225023792053,0.14102564102564102,TAATTG,0,0.009697742945490518,0.010804326148072333,-0.030681845752259324,-0.0366718416702002,0.05810257153126584,0.5636307994978145,1.0
MA1978.2,ZNF354A,False,20,679,186,0.0282183933254325,0.2922907182637721,TAAATATAAATGGACTAATT,0,0.009319640666747817,0.002513591059796522,-0.028233615696619797,-0.08498437615173553,0.11154419913145967,0.8084659341981344,1.0
MA0162.5,EGR1,True,10,1510,181,0.04878933046746555,0.7960227458413673,ACGCCCACGC,2,0.009183473357762657,0.00906864215801561,-0.01920701406313714,-0.07875378892306706,0.09392146292616653,0.7214137400566336,1.0
MA0063.3,NKX2-5,False,7,1438,217,0.0358425516580055,0.40468319559228644,CACTCAA,0,-0.009048281503930132,-0.008930473607813539,-0.024681293508960363,-0.08435296221736494,0.05639336573762662,0.731727670083575,1.0
MA0715.1,PROP1,False,11,1731,229,0.0290602232246399,0.08451297510655559,TAATTTAATTA,0,-0.009010530878224204,-0.007839384284452924,-0.06539963119339734,-0.07025685267909182,0.06108878304962237,0.7079412125136415,1.0
MA0033.2,FOXL1,False,7,13240,249,0.03700662179166555,0.22512555000459947,GTAAACA,0,-0.008082958001982936,-0.00807844716263859,0.006895819935319773,-0.032928817126013005,0.015849755702901817,0.35237390707115956,1.0
MA0768.3,LEF1,False,8,1127,204,0.0363136024324326,0.3665665434380776,CCTTTGAT,0,-0.00802724346454045,-0.008727809167061054,-0.03612064513434527,-0.09727553135386448,0.07931259093353303,0.787786212463738,1.0
MA1151.2,RORC,False,10,3976,238,0.041316632118324995,0.4334457775757176,AAGTAGGTCA,0,-0.00800976188324025,-0.006690146145793749,-0.001978170518187766,-0.06027797907079688,0.04841726979028898,0.6136226955661674,1.0
MA0684.3,RUNX3,False,8,1623,222,0.0394348476298853,0.4440426619913799,AACCTCAA,0,-0.007819455321017733,-0.010204532509603513,-0.027887601359073998,-0.07234327318435466,0.0588946883117365,0.7529284016156217,1.0
MA0650.4,HOXA13,False,8,2019,233,0.033261899669741,0.2397675227549423,CCAATAAA,0,-0.007103896200177043,-0.007931379927677298,-0.013037205974796705,-0.08012580679346376,0.06334429209950163,0.7497206512730452,1.0
MA0708.3,MSX2,False,6,7555,247,0.0379603211574512,0.14772552511051182,CAATTA,0,0.006990789314272926,0.007439888164140725,0.03787841181360377,-0.03781890506938743,0.05070070356626229,0.5434907394445515,1.0
MA2328.1,ZBED4,False,10,1305,172,0.0450799104158008,0.8818456883509833,CCCGCCCCGC,2,-0.006869125754063338,-0.010730591619442032,-0.02428756673134187,-0.11074351293332833,0.10810728640890287,0.8042034121331039,1.0
MA2339.1,NANOG,False,7,1095,212,0.0378882293716991,0.40650399802159753,GCAATCA,0,0.0067867094873507155,0.006439455839631546,0.030144438813878016,-0.08595444565480703,0.10860801303710643,0.8225054978708897,1.0
MA1534.2,NR1I3,False,8,13110,248,0.0416520334724679,0.33801798374656855,TGAACTTT,0,-0.006765436122500373,-0.00443885974716678,-0.0026008233347802104,-0.033664785290535355,0.02114170902513643,0.4385937598696613,1.0
MA0677.2,NR2F6,False,13,353,116,0.0387599468564436,0.4945527991803043,AGGTCAAAGGTCA,0,0.006671838815186683,0.006415085413167396,-0.05339316626304229,-0.1668926487074215,0.1620289774425027,0.9005953927234189,1.0
MA1945.2,ETV5::FIGLA,False,14,953,174,0.0465703891751103,0.6186759115576171,GGCGGAAGCAGGTG,1,-0.006659917231409882,-0.0071266761340051075,-0.04274326350841419,-0.13827419364647833,0.11127089444683194,0.8373152923666698,1.0
MA2336.1,ZSCAN21,False,7,1837,217,0.0395005073362382,0.43045509342977695,AAGCACT,0,0.00652029345426524,0.006576341997073932,-2.2704967106185965e-05,-0.08936189103292652,0.08906423065485611,0.7800344990309742,1.0
MA1504.2,HOXC4,False,6,5570,245,0.0393230249607052,0.16581657764989555,TCATTA,0,0.006468173330200194,0.006517108528398865,0.050067813412153515,-0.03294891747724525,0.05196841682064123,0.6293569020993346,1.0
MA0084.2,SRY,False,7,5713,248,0.0293339024343852,0.20443349753694579,AAACAAT,0,0.006363483358216132,0.00759139700180871,0.027033841438082833,-0.030502426180399975,0.052257744213933956,0.6306020530659666,1.0
MA0524.3,TFAP2C,False,11,5594,236,0.049473424391597354,0.7593296986678483,GCCCCAGGGCA,0,0.006361060043096692,0.0067429216951945484,-0.08717871480665282,-0.04511444160556764,0.06404651947538613,0.6343155123434048,1.0
MA1514.2,KLF17,False,14,1141,177,0.0441583446199822,0.65839160061223,ACCACGCACCCCTT,1,-0.006238712704155033,-0.006890848917857016,0.01833572370110699,-0.12361857952016775,0.10583700952258186,0.8332722879754579,1.0
MA1563.2,SOX18,False,8,10525,248,0.03668710430119,0.31505880828015054,AACAATTC,0,-0.005853374915361545,-0.005953763572415535,-0.010227271160474331,-0.03430035878190253,0.027153119405260242,0.5482131164587303,1.0
MA1137.2,FOSL1::JUNB,False,9,1170,204,0.0438069195725435,0.38555888555888557,ATGACTCAT,0,0.0056198775947901595,0.0060630657538438175,-0.03394428507400893,-0.08254667797144656,0.10415856747342471,0.8477222844404957,1.0
MA1135.2,FOSB::JUNB,False,9,1908,231,0.0415056782709688,0.3894652143155137,ATGACTCAT,0,0.005085629111601182,0.004844739149654769,-0.025394760125887764,-0.05641722447035409,0.07806834729079813,0.8243142803477428,1.0
MA0780.1,PAX3,False,10,703,173,0.03822974187599,0.1499693471490682,TAATCGATTA,1,0.004905906881270319,0.012829961405913111,0.0006745203846751075,-0.09750701180042519,0.13384139286236216,0.8966888681516668,1.0
MA0805.1,TBX1,False,8,2787,230,0.0410587289911728,0.49207236056736914,AGGTGTGA,0,0.00489686446946448,0.00520804652149079,-0.0026597898905920065,-0.05385294520976176,0.058951403040561,0.7960973932920975,1.0
MA2096.1,ZNF524,False,9,4133,233,0.0441342366238162,0.6820458887692659,CTCGAACCC,1,0.00485004879187181,0.007435032340136015,0.0013823706692435997,-0.06221316666445486,0.06346825730057738,0.7552613412843286,1.0
MA0700.3,LHX2,False,6,2366,239,0.0339707125826923,0.1606146721397748,CAATTA,0,-0.004492279851324111,-0.001619406644700689,-0.03633892668108524,-0.056367007813567,0.04516300971328405,0.8271197501994505,1.0
MA1120.2,SOX13,False,7,2029,231,0.035790923201989,0.3743057952370493,ACAATGG,0,-0.004490260516998123,-0.003973966598656435,0.07285019968294568,-0.06300789774923841,0.06381413567894942,0.8398091781295709,1.0
MA0856.1,RXRG,False,14,1040,192,0.0384379851503523,0.5041430400177991,GGGGTCAAAGGTCA,0,-0.00434997759653526,-0.003907989109113847,-0.00044351413892598833,-0.11248749976045552,0.0957758267487897,0.8885695060557176,1.0
MA0884.2,DUXA,False,13,1402,222,0.0365223587767207,0.23182175546428072,TTGATTTAATCAA,0,0.004316017057110663,0.004653678212251075,0.01831410594810994,-0.06804678708267624,0.07264759326470567,0.8717291539123355,1.0
MA1623.2,STAT2,False,10,1199,209,0.0300851442127118,0.2831818181818182,GAAACAGAAA,0,-0.004107167152453205,-0.002800069597293927,-0.044727753340752574,-0.097689683423949,0.09035851814556962,0.8870251795046178,1.0
MA0139.2,CTCF,True,15,2336,208,0.0461099979826579,0.6872230007054639,GCCACCAGGGGGCGC,1,0.004072332049850711,0.0024807650777855707,-0.03745454362887456,-0.06609494369827139,0.07575890271756396,0.8440465253151114,1.0
MA1141.2,FOS::JUND,False,9,1953,226,0.0412829055784715,0.39751315916285973,ATGAGTCAT,0,-0.004017187173047776,-0.004642348134806386,-0.032305131313097035,-0.0738478846688996,0.059403910222502444,0.8591803504634818,1.0
MA1970.2,TRPS1,False,8,1121,208,0.0356524560549638,0.2849759352439291,TCTTATCT,0,-0.004001578762582567,-0.0029351490216733187,0.036548057075480624,-0.08279767008868358,0.08228624038731881,0.8935375776037475,1.0
MA0894.2,HESX1,False,6,6061,246,0.0349542324638221,0.09328879791713474,TAATTG,0,0.0038958076650218226,0.0022094201835707,-0.017684753344561863,-0.03892979085282443,0.04485098028015948,0.7617095085239065,1.0
MA1655.2,ZNF341,False,8,1535,201,0.040871311284655,0.5779339526936835,GAACAGCC,0,-0.0038446121571087824,0.0019060599484579603,-0.06917538452248818,-0.10952861836777492,0.09082402577529669,0.880365258957511,1.0
MA1580.1,ZBTB32,False,10,1575,220,0.0366871043011902,0.34477222515823597,TGTACAGTAT,0,-0.0037825177518759972,0.008849194432024959,-0.006001092843922691,-0.08520027376702032,0.07310212713470372,0.8807682646472325,1.0
MA0913.3,HOXD9,False,9,6130,245,0.0331978249392792,0.22685549667734106,GCAATAAAA,0,-0.0037158651137183044,-0.00383648012924756,-0.03660948162580391,-0.04067588228991109,0.029216246534730185,0.7711486103892277,1.0
MA1515.2,KLF2,False,8,7960,243,0.04600957586983985,0.8233034657929501,CCACGCCC,1,0.0035311905641986613,0.0005884207955946928,-0.05516581652608699,-0.038113246544754016,0.044336389934203656,0.7527614999579834,1.0
MA1507.2,HOXD4,False,6,5180,244,0.039394691359081996,0.15144104150092982,TCATTA,0,0.0032899448172816087,0.0031952381499678133,0.03634713744145884,-0.03588832842932848,0.04504306962901013,0.812867720691096,1.0
MA1105.3,GRHL2,False,8,1053,199,0.0410069696216659,0.4033943026337783,AACAGGTT,0,0.0030012329125061583,0.004728581317275348,-0.06429542694190009,-0.09822321358771727,0.09795409339308495,0.9225084550440841,1.0
MA0619.2,LIN54,False,7,3674,241,0.03224153071000255,0.14107349793064078,TTTGAAT,0,0.0027375564743168193,0.0030589123610220404,-0.01707087675543895,-0.04958565439898557,0.06142047097139888,0.8682538992770752,1.0
MA0901.3,HOXB13,False,9,1628,224,0.0290720290788638,0.19738225807589974,CCAATAAAA,0,-0.0024717804271100533,-0.003677616102663352,-0.05985271236817343,-0.07693398919548433,0.07613261563311681,0.920617324533082,1.0
MA1717.2,ZNF784,False,8,2343,229,0.0482704232905242,0.5413668403221796,ACCTACCG,1,0.0023962465977664152,0.005661532579091608,-0.0076243077177694085,-0.0596347057984263,0.07483897625921809,0.9077100028790117,1.0
MA0834.2,ATF7,False,10,359,133,0.0370709110272113,0.4258184953775153,ATGACGTCAT,1,0.0023669866263749404,0.001435774771625881,0.05545311418540994,-0.18493199653668466,0.20871091996307095,0.9643530890320569,1.0
MA0038.3,GFI1,False,11,4048,239,0.03569765507206045,0.4263776104865211,AAATCACTGCA,0,0.001915083427797377,0.0014158741051215852,0.013037595716272422,-0.04253571920617836,0.054893163964752384,0.9030514360605401,1.0
MA1709.2,ZIM3,False,11,1147,211,0.0295777211252099,0.3807322983038679,CAACAGAAACC,0,-0.0018334523130201553,-0.003981317938251101,-0.001557117617329906,-0.09722357147153925,0.0914480877438383,0.9505416573403287,1.0
MA1994.2,NKX2-1,False,7,754,181,0.03524324032524825,0.4233428026138733,CACTTGA,0,0.0018167282528566816,-0.003758554390933933,0.04386693469747658,-0.11726506139120593,0.11915855318564471,0.9602794340452854,1.0
MA1537.2,NR2F1,False,13,1980,225,0.03975453890831425,0.5080137990728675,AGGTCAAAGGTCA,0,-0.001584412673756407,-0.0014732504666262935,-0.01980924311865971,-0.06546823578356889,0.06895366234872703,0.9438295776680073,1.0
MA0733.2,EGR4,False,11,2002,193,0.048116849344069,0.7643261435963439,ACGCCCACGCA,2,0.0014517208235104225,0.006258428274564315,-0.00715812215846379,-0.08425606016919454,0.08503635428914792,0.9482417983286986,1.0
MA0046.3,HNF1A,False,13,1813,224,0.0293621260302767,0.19875868840681638,GTTAATGATTAAC,0,0.001235207130293573,0.0016720475333481643,-0.033367687040056625,-0.06928333450173504,0.07711831637654365,0.9580840434630693,1.0
MA1731.2,ZNF768,False,9,3681,230,0.0437476387396558,0.610550516239139,CCCTCTCTG,0,-0.0011906847390649078,-0.001255579168964816,-0.020490560862153815,-0.06152077016322888,0.048125254146593896,0.9424301586151516,1.0
MA0528.3,ZNF263,False,7,1958,222,0.0416385730177595,0.6998755096245511,GGGAGGA,0,0.0006916275926064844,0.0004625696320901984,-0.051963465978527364,-0.06547557511966018,0.08328142000239601,0.9756009094503753,1.0
MA0810.2,TFAP2A,False,11,12001,244,0.0480691430287401,0.7850872780223593,TGCCCCCGGGC,1,0.0006353939232947282,0.0003842969444349284,-0.12286582459528657,-0.041164912302014904,0.03808501501362668,0.9445123763273902,1.0
MA1144.2,FOSL2::JUND,False,9,1845,230,0.0411688341885374,0.39314618714618715,ATGACTCAT,0,0.0001973186578289772,-0.00032793422299003767,-0.03625228491135699,-0.0722446629751529,0.07264342311449884,0.99324217747308,1.0
MA1473.2,CDX4,False,9,2880,238,0.0332646451869101,0.24876368278931224,GCAATAAAA,0,6.461342092188913e-05,-0.0003269328353098262,-0.018676068471603118,-0.04544638807566396,0.04940494379848708,0.997234525890429,1.0
MA0655.1,JDP2,False,9,1018,201,0.04155266464598174,0.36096190891005675,ATGACTCAT,0,3.07614736492103e-05,-0.0008028661918941057,-0.014830349405362132,-0.10385342100929316,0.10437150552142403,0.9992178552779252,1.0
