Target_Rank,Target_Variant_UID,Target_Gene,Target_Delta_Beta,Matching_Tier,Control_Variant_UID,Control_Gene,Control_Delta_Beta,Control_SBS96,Control_CpG_Effect,Control_Distance_From_CpG
1,chr8:g.10428264C>T|cg14264678,MSRA,0.24283605059312674,T5_SBS6_CpG_distance250,chr1:g.6212368C>T|cg01517656,RNF207,-0.0092666364979328,T[C>T]G,destroyed,373
1,chr8:g.10428264C>T|cg14264678,MSRA,0.24283605059312674,T5_SBS6_CpG_distance250,chr1:g.209607913C>T|cg20994118,CAMK1G,0.0031059904902189794,T[C>T]G,destroyed,292
1,chr8:g.10428264C>T|cg14264678,MSRA,0.24283605059312674,T5_SBS6_CpG_distance250,chr10:g.116979301G>A|cg13467135,SHTN1,0.034483620430336814,G[C>T]G,destroyed,244
1,chr8:g.10428264C>T|cg14264678,MSRA,0.24283605059312674,T5_SBS6_CpG_distance250,chr11:g.57485117G>A|cg09888840,SLC43A1,-0.0044227538039393055,G[C>T]G,destroyed,219
1,chr8:g.10428264C>T|cg14264678,MSRA,0.24283605059312674,T5_SBS6_CpG_distance250,chr11:g.66592365G>A|cg20158826,CCDC87,0.04222639568562225,T[C>T]G,destroyed,347
1,chr8:g.10428264C>T|cg14264678,MSRA,0.24283605059312674,T5_SBS6_CpG_distance250,chr16:g.28873450C>T|cg06932837,SH2B1,0.009835173754323301,C[C>T]G,destroyed,265
1,chr8:g.10428264C>T|cg14264678,MSRA,0.24283605059312674,T5_SBS6_CpG_distance250,chr16:g.30583379C>T|cg08103107,ZNF785,0.00400893316516826,G[C>T]G,destroyed,224
1,chr8:g.10428264C>T|cg14264678,MSRA,0.24283605059312674,T5_SBS6_CpG_distance250,chr16:g.72796733G>A|cg04101363,ZFHX3,-7.800215990683146e-05,T[C>T]G,destroyed,348
1,chr8:g.10428264C>T|cg14264678,MSRA,0.24283605059312674,T5_SBS6_CpG_distance250,chr17:g.7441532G>A|cg05513300,FGF11,-0.008938268371628921,T[C>T]G,destroyed,450
1,chr8:g.10428264C>T|cg14264678,MSRA,0.24283605059312674,T5_SBS6_CpG_distance250,chr17:g.28725373G>A|cg09479241,TLCD1,0.0014050020089286033,A[C>T]G,destroyed,285
1,chr8:g.10428264C>T|cg14264678,MSRA,0.24283605059312674,T5_SBS6_CpG_distance250,chr17:g.82085049G>A|cg01565083,FASN,0.0005957950793407107,G[C>T]G,destroyed,402
1,chr8:g.10428264C>T|cg14264678,MSRA,0.24283605059312674,T5_SBS6_CpG_distance250,chr19:g.12792650C>T|cg23443660,JUNB,0.0005989681948048442,T[C>T]G,destroyed,276
1,chr8:g.10428264C>T|cg14264678,MSRA,0.24283605059312674,T5_SBS6_CpG_distance250,chr19:g.35141166C>T|cg10351808,FXYD1,0.00022112930490163218,T[C>T]G,destroyed,423
1,chr8:g.10428264C>T|cg14264678,MSRA,0.24283605059312674,T5_SBS6_CpG_distance250,chr19:g.35511585G>A|cg19785918,DMKN,0.00572747008925234,G[C>T]G,destroyed,492
1,chr8:g.10428264C>T|cg14264678,MSRA,0.24283605059312674,T5_SBS6_CpG_distance250,chr19:g.48626010C>T|cg19429827,SPHK2,0.0005146013706555097,G[C>T]G,destroyed,295
1,chr8:g.10428264C>T|cg14264678,MSRA,0.24283605059312674,T5_SBS6_CpG_distance250,chr19:g.49128886C>T|cg15031763,PPFIA3,0.004020666729742245,A[C>T]G,destroyed,483
1,chr8:g.10428264C>T|cg14264678,MSRA,0.24283605059312674,T5_SBS6_CpG_distance250,chr2:g.120951351C>T|cg12928622,GLI2,-0.0008682381012048435,A[C>T]G,destroyed,371
1,chr8:g.10428264C>T|cg14264678,MSRA,0.24283605059312674,T5_SBS6_CpG_distance250,chr2:g.190962956C>T|cg24607686,GLS,0.00011180119852927106,C[C>T]G,destroyed,248
1,chr8:g.10428264C>T|cg14264678,MSRA,0.24283605059312674,T5_SBS6_CpG_distance250,chr20:g.62334264G>A|cg02498702,LAMA5,-0.007697325772411556,A[C>T]G,destroyed,311
1,chr8:g.10428264C>T|cg14264678,MSRA,0.24283605059312674,T5_SBS6_CpG_distance250,chr21:g.41836116G>A|cg08073527,PRDM15,-0.0002913145388059313,A[C>T]G,destroyed,356
1,chr8:g.10428264C>T|cg14264678,MSRA,0.24283605059312674,T5_SBS6_CpG_distance250,chr21:g.44323825C>T|cg03257916,PFKL,-0.0028638456901232123,T[C>T]G,destroyed,473
1,chr8:g.10428264C>T|cg14264678,MSRA,0.24283605059312674,T5_SBS6_CpG_distance250,chr3:g.197522698G>A|cg09610644,BDH1,-0.018249514839575598,G[C>T]G,destroyed,295
1,chr8:g.10428264C>T|cg14264678,MSRA,0.24283605059312674,T5_SBS6_CpG_distance250,chr5:g.160349684G>A|cg00549609,C1QTNF2,0.0002168682662767596,A[C>T]G,destroyed,256
1,chr8:g.10428264C>T|cg14264678,MSRA,0.24283605059312674,T5_SBS6_CpG_distance250,chr6:g.56900577C>T|cg07800670,DST,-0.0038124722747132633,C[C>T]G,destroyed,288
1,chr8:g.10428264C>T|cg14264678,MSRA,0.24283605059312674,T5_SBS6_CpG_distance250,chr7:g.50543912G>A|cg05346287,DDC,-0.1819572441262558,A[C>T]G,destroyed,274
1,chr8:g.10428264C>T|cg14264678,MSRA,0.24283605059312674,T5_SBS6_CpG_distance250,chr8:g.10726080G>A|cg05938889,SOX7,-0.0006354937169338326,C[C>T]G,destroyed,237
1,chr8:g.10428264C>T|cg14264678,MSRA,0.24283605059312674,T5_SBS6_CpG_distance250,chr8:g.144053329G>A|cg26824850,OPLAH,0.008352020064470445,A[C>T]G,destroyed,375
1,chr8:g.10428264C>T|cg14264678,MSRA,0.24283605059312674,T5_SBS6_CpG_distance250,chr9:g.18775844G>A|cg06294856,ADAMTSL1,0.0013054151389325641,G[C>T]G,destroyed,498
1,chr8:g.10428264C>T|cg14264678,MSRA,0.24283605059312674,T5_SBS6_CpG_distance250,chr9:g.83956171G>A|cg12975295,C9orf64,-0.0009113039751776353,T[C>T]G,destroyed,323
1,chr8:g.10428264C>T|cg14264678,MSRA,0.24283605059312674,T5_SBS6_CpG_distance250,chr9:g.136506840G>A|cg13537499,NOTCH1,-0.0014322530312358417,T[C>T]G,destroyed,269
2,chr7:g.50543912G>A|cg05346287,DDC,-0.1819572441262558,T4_SBS6_CpG_distance100,chr1:g.6212368C>T|cg01517656,RNF207,-0.0092666364979328,T[C>T]G,destroyed,373
2,chr7:g.50543912G>A|cg05346287,DDC,-0.1819572441262558,T4_SBS6_CpG_distance100,chr1:g.21847812G>A|cg02459271,HSPG2,-0.0006932308405680487,T[C>T]G,destroyed,193
2,chr7:g.50543912G>A|cg05346287,DDC,-0.1819572441262558,T4_SBS6_CpG_distance100,chr1:g.209607913C>T|cg20994118,CAMK1G,0.0031059904902189794,T[C>T]G,destroyed,292
2,chr7:g.50543912G>A|cg05346287,DDC,-0.1819572441262558,T4_SBS6_CpG_distance100,chr10:g.48451079C>T|cg16696043,ARHGAP22,0.016769994155987678,C[C>T]G,destroyed,194
2,chr7:g.50543912G>A|cg05346287,DDC,-0.1819572441262558,T4_SBS6_CpG_distance100,chr10:g.116979301G>A|cg13467135,SHTN1,0.034483620430336814,G[C>T]G,destroyed,244
2,chr7:g.50543912G>A|cg05346287,DDC,-0.1819572441262558,T4_SBS6_CpG_distance100,chr11:g.4653331C>T|cg23632744,OR51E1,-0.002806506115891172,G[C>T]G,destroyed,208
2,chr7:g.50543912G>A|cg05346287,DDC,-0.1819572441262558,T4_SBS6_CpG_distance100,chr11:g.57485117G>A|cg09888840,SLC43A1,-0.0044227538039393055,G[C>T]G,destroyed,219
2,chr7:g.50543912G>A|cg05346287,DDC,-0.1819572441262558,T4_SBS6_CpG_distance100,chr11:g.66592365G>A|cg20158826,CCDC87,0.04222639568562225,T[C>T]G,destroyed,347
2,chr7:g.50543912G>A|cg05346287,DDC,-0.1819572441262558,T4_SBS6_CpG_distance100,chr15:g.74195374G>A|cg10085741,STRA6,0.0,T[C>T]G,destroyed,175
2,chr7:g.50543912G>A|cg05346287,DDC,-0.1819572441262558,T4_SBS6_CpG_distance100,chr16:g.28873450C>T|cg06932837,SH2B1,0.009835173754323301,C[C>T]G,destroyed,265
2,chr7:g.50543912G>A|cg05346287,DDC,-0.1819572441262558,T4_SBS6_CpG_distance100,chr16:g.30583379C>T|cg08103107,ZNF785,0.00400893316516826,G[C>T]G,destroyed,224
2,chr7:g.50543912G>A|cg05346287,DDC,-0.1819572441262558,T4_SBS6_CpG_distance100,chr16:g.57984764C>T|cg07844931,TEPP,-0.00012346252626152868,T[C>T]G,destroyed,212
2,chr7:g.50543912G>A|cg05346287,DDC,-0.1819572441262558,T4_SBS6_CpG_distance100,chr16:g.72796733G>A|cg04101363,ZFHX3,-7.800215990683146e-05,T[C>T]G,destroyed,348
2,chr7:g.50543912G>A|cg05346287,DDC,-0.1819572441262558,T4_SBS6_CpG_distance100,chr17:g.28725373G>A|cg09479241,TLCD1,0.0014050020089286033,A[C>T]G,destroyed,285
2,chr7:g.50543912G>A|cg05346287,DDC,-0.1819572441262558,T4_SBS6_CpG_distance100,chr19:g.12792650C>T|cg23443660,JUNB,0.0005989681948048442,T[C>T]G,destroyed,276
2,chr7:g.50543912G>A|cg05346287,DDC,-0.1819572441262558,T4_SBS6_CpG_distance100,chr19:g.48626010C>T|cg19429827,SPHK2,0.0005146013706555097,G[C>T]G,destroyed,295
2,chr7:g.50543912G>A|cg05346287,DDC,-0.1819572441262558,T4_SBS6_CpG_distance100,chr2:g.120951351C>T|cg12928622,GLI2,-0.0008682381012048435,A[C>T]G,destroyed,371
2,chr7:g.50543912G>A|cg05346287,DDC,-0.1819572441262558,T4_SBS6_CpG_distance100,chr2:g.190962956C>T|cg24607686,GLS,0.00011180119852927106,C[C>T]G,destroyed,248
2,chr7:g.50543912G>A|cg05346287,DDC,-0.1819572441262558,T4_SBS6_CpG_distance100,chr20:g.62334264G>A|cg02498702,LAMA5,-0.007697325772411556,A[C>T]G,destroyed,311
2,chr7:g.50543912G>A|cg05346287,DDC,-0.1819572441262558,T4_SBS6_CpG_distance100,chr21:g.41836116G>A|cg08073527,PRDM15,-0.0002913145388059313,A[C>T]G,destroyed,356
2,chr7:g.50543912G>A|cg05346287,DDC,-0.1819572441262558,T4_SBS6_CpG_distance100,chr22:g.50288761G>A|cg03883640,PLXNB2,0.0026751532956803548,A[C>T]G,destroyed,176
2,chr7:g.50543912G>A|cg05346287,DDC,-0.1819572441262558,T4_SBS6_CpG_distance100,chr3:g.197522698G>A|cg09610644,BDH1,-0.018249514839575598,G[C>T]G,destroyed,295
2,chr7:g.50543912G>A|cg05346287,DDC,-0.1819572441262558,T4_SBS6_CpG_distance100,chr5:g.160349684G>A|cg00549609,C1QTNF2,0.0002168682662767596,A[C>T]G,destroyed,256
2,chr7:g.50543912G>A|cg05346287,DDC,-0.1819572441262558,T4_SBS6_CpG_distance100,chr6:g.56900577C>T|cg07800670,DST,-0.0038124722747132633,C[C>T]G,destroyed,288
2,chr7:g.50543912G>A|cg05346287,DDC,-0.1819572441262558,T4_SBS6_CpG_distance100,chr8:g.10726080G>A|cg05938889,SOX7,-0.0006354937169338326,C[C>T]G,destroyed,237
2,chr7:g.50543912G>A|cg05346287,DDC,-0.1819572441262558,T4_SBS6_CpG_distance100,chr9:g.83956171G>A|cg12975295,C9orf64,-0.0009113039751776353,T[C>T]G,destroyed,323
2,chr7:g.50543912G>A|cg05346287,DDC,-0.1819572441262558,T4_SBS6_CpG_distance100,chr9:g.136506840G>A|cg13537499,NOTCH1,-0.0014322530312358417,T[C>T]G,destroyed,269
3,chr1:g.6128067C>T|cg12135344,CHD5,-0.1606183787550376,T4_SBS6_CpG_distance100,chr1:g.1331929C>T|cg06802641,TAS1R3,0.0021207217342441576,T[C>T]A,unchanged,57
3,chr1:g.6128067C>T|cg12135344,CHD5,-0.1606183787550376,T4_SBS6_CpG_distance100,chr1:g.22576513G>A|cg23242509,EPHA8,0.000296951105403398,T[C>T]T,unchanged,65
3,chr1:g.6128067C>T|cg12135344,CHD5,-0.1606183787550376,T4_SBS6_CpG_distance100,chr1:g.27551615G>A|cg23931121,AHDC1,-0.10214020837730697,T[C>T]T,unchanged,32
3,chr1:g.6128067C>T|cg12135344,CHD5,-0.1606183787550376,T4_SBS6_CpG_distance100,chr1:g.31006009G>A|cg18327385,PUM1,-0.004225769944074531,T[C>T]A,unchanged,91
3,chr1:g.6128067C>T|cg12135344,CHD5,-0.1606183787550376,T4_SBS6_CpG_distance100,chr1:g.43619297G>A|cg15086746,PTPRF,0.0022243533453359943,C[C>T]A,unchanged,3
3,chr1:g.6128067C>T|cg12135344,CHD5,-0.1606183787550376,T4_SBS6_CpG_distance100,chr1:g.100539143C>T|cg16007456,GPR88,0.00030459236007472634,T[C>T]C,unchanged,61
3,chr1:g.6128067C>T|cg12135344,CHD5,-0.1606183787550376,T4_SBS6_CpG_distance100,chr1:g.161100107G>A|cg27582585,KLHDC9,0.0021537734460984614,T[C>T]C,unchanged,58
3,chr1:g.6128067C>T|cg12135344,CHD5,-0.1606183787550376,T4_SBS6_CpG_distance100,chr1:g.161505494G>A|cg27470554,FCGR2A,0.014960751820281004,T[C>T]T,unchanged,44
3,chr1:g.6128067C>T|cg12135344,CHD5,-0.1606183787550376,T4_SBS6_CpG_distance100,chr1:g.201999943C>T|cg20674658,RNPEP,0.015073196624263874,T[C>T]T,unchanged,59
3,chr1:g.6128067C>T|cg12135344,CHD5,-0.1606183787550376,T4_SBS6_CpG_distance100,chr1:g.202349083C>T|cg08990198,PPP1R12B,0.0007620175472086849,T[C>T]T,unchanged,16
3,chr1:g.6128067C>T|cg12135344,CHD5,-0.1606183787550376,T4_SBS6_CpG_distance100,chr1:g.204455996G>A|cg27047255,PIK3C2B,0.02102808766286257,G[C>T]A,unchanged,47
3,chr1:g.6128067C>T|cg12135344,CHD5,-0.1606183787550376,T4_SBS6_CpG_distance100,chr1:g.223752883G>A|cg12129117,CAPN2,0.009240993122953456,T[C>T]T,unchanged,71
3,chr1:g.6128067C>T|cg12135344,CHD5,-0.1606183787550376,T4_SBS6_CpG_distance100,chr1:g.226986479C>T|cg21157446,COQ8A,-0.008393993624942198,C[C>T]A,unchanged,104
3,chr1:g.6128067C>T|cg12135344,CHD5,-0.1606183787550376,T4_SBS6_CpG_distance100,chr1:g.228341190C>T|cg00532451,OBSCN,0.0029057536569960796,T[C>T]T,unchanged,22
3,chr1:g.6128067C>T|cg12135344,CHD5,-0.1606183787550376,T4_SBS6_CpG_distance100,chr1:g.230249239G>A|cg03961853,GALNT2,-0.028519572992056097,A[C>T]C,unchanged,4
3,chr1:g.6128067C>T|cg12135344,CHD5,-0.1606183787550376,T4_SBS6_CpG_distance100,chr1:g.240123297C>T|cg00816406,FMN2,-0.030079813872228883,T[C>T]A,unchanged,29
3,chr1:g.6128067C>T|cg12135344,CHD5,-0.1606183787550376,T4_SBS6_CpG_distance100,chr10:g.73498662G>A|cg08971769,USP54,0.0003143731264373395,T[C>T]A,unchanged,93
3,chr1:g.6128067C>T|cg12135344,CHD5,-0.1606183787550376,T4_SBS6_CpG_distance100,chr10:g.75029366G>A|cg05791881,KAT6B,0.00012367319026973522,G[C>T]T,unchanged,90
3,chr1:g.6128067C>T|cg12135344,CHD5,-0.1606183787550376,T4_SBS6_CpG_distance100,chr10:g.91630479C>T|cg18354248,PPP1R3C,-0.00521948886824708,T[C>T]A,unchanged,75
3,chr1:g.6128067C>T|cg12135344,CHD5,-0.1606183787550376,T4_SBS6_CpG_distance100,chr10:g.99330752G>A|cg15019541,CNNM1,-0.04569503724921842,T[C>T]T,unchanged,38
3,chr1:g.6128067C>T|cg12135344,CHD5,-0.1606183787550376,T4_SBS6_CpG_distance100,chr10:g.102108153G>A|cg09828580,LDB1,0.0017397716149890607,G[C>T]A,unchanged,97
3,chr1:g.6128067C>T|cg12135344,CHD5,-0.1606183787550376,T4_SBS6_CpG_distance100,chr10:g.111079229C>T|cg05329352,ADRA2A,0.0005328705154191427,T[C>T]A,unchanged,4
3,chr1:g.6128067C>T|cg12135344,CHD5,-0.1606183787550376,T4_SBS6_CpG_distance100,chr11:g.792901C>T|cg19262958,SLC25A22,-0.0004100481400494127,T[C>T]A,unchanged,40
3,chr1:g.6128067C>T|cg12135344,CHD5,-0.1606183787550376,T4_SBS6_CpG_distance100,chr11:g.1445598C>T|cg19494188,BRSK2,0.0051242160452690255,T[C>T]C,unchanged,48
3,chr1:g.6128067C>T|cg12135344,CHD5,-0.1606183787550376,T4_SBS6_CpG_distance100,chr11:g.1841186C>T|cg05258834,TNNI2,-0.012372573083476057,T[C>T]A,unchanged,61
3,chr1:g.6128067C>T|cg12135344,CHD5,-0.1606183787550376,T4_SBS6_CpG_distance100,chr11:g.34139425C>T|cg09508189,NAT10,0.002228118996849271,T[C>T]A,unchanged,77
3,chr1:g.6128067C>T|cg12135344,CHD5,-0.1606183787550376,T4_SBS6_CpG_distance100,chr11:g.34139416C>T|cg09508189,NAT10,-0.010647944779844654,C[C>T]T,unchanged,86
3,chr1:g.6128067C>T|cg12135344,CHD5,-0.1606183787550376,T4_SBS6_CpG_distance100,chr11:g.64859966G>A|cg01151584,EHD1,0.005203479034866287,T[C>T]A,unchanged,90
3,chr1:g.6128067C>T|cg12135344,CHD5,-0.1606183787550376,T4_SBS6_CpG_distance100,chr11:g.125626790G>A|cg00554702,CHEK1,0.0002606713451371867,T[C>T]T,unchanged,40
3,chr1:g.6128067C>T|cg12135344,CHD5,-0.1606183787550376,T4_SBS6_CpG_distance100,chr12:g.6621081C>T|cg16119239,LPAR5,-0.007501825717325938,C[C>T]A,unchanged,62
3,chr1:g.6128067C>T|cg12135344,CHD5,-0.1606183787550376,T4_SBS6_CpG_distance100,chr12:g.7128270G>A|cg14672128,RBP5,-0.0009438878048879662,A[C>T]C,unchanged,46
3,chr1:g.6128067C>T|cg12135344,CHD5,-0.1606183787550376,T4_SBS6_CpG_distance100,chr12:g.12465632G>A|cg06534724,BORCS5,0.0029596715426645215,T[C>T]A,unchanged,25
3,chr1:g.6128067C>T|cg12135344,CHD5,-0.1606183787550376,T4_SBS6_CpG_distance100,chr12:g.41573437G>A|cg15235614,PDZRN4,0.004462669761035598,T[C>T]T,unchanged,37
3,chr1:g.6128067C>T|cg12135344,CHD5,-0.1606183787550376,T4_SBS6_CpG_distance100,chr12:g.57475607C>T|cg05584759,ARHGAP9,-0.00034042169586544213,T[C>T]T,unchanged,31
3,chr1:g.6128067C>T|cg12135344,CHD5,-0.1606183787550376,T4_SBS6_CpG_distance100,chr12:g.101830636G>A|cg06554542,GNPTAB,-0.0020808373971148847,C[C>T]T,unchanged,39
3,chr1:g.6128067C>T|cg12135344,CHD5,-0.1606183787550376,T4_SBS6_CpG_distance100,chr12:g.121509621C>T|cg20395646,KDM2B,-0.03190686788669739,T[C>T]T,unchanged,9
3,chr1:g.6128067C>T|cg12135344,CHD5,-0.1606183787550376,T4_SBS6_CpG_distance100,chr12:g.128814957G>A|cg24410690,SLC15A4,-0.018033923535071716,T[C>T]A,unchanged,21
3,chr1:g.6128067C>T|cg12135344,CHD5,-0.1606183787550376,T4_SBS6_CpG_distance100,chr12:g.131939241C>T|cg14510688,PUS1,0.0014695940074315184,T[C>T]A,unchanged,60
3,chr1:g.6128067C>T|cg12135344,CHD5,-0.1606183787550376,T4_SBS6_CpG_distance100,chr13:g.106567653C>T|cg20524972,ARGLU1,0.0004566621492245737,T[C>T]A,unchanged,106
3,chr1:g.6128067C>T|cg12135344,CHD5,-0.1606183787550376,T4_SBS6_CpG_distance100,chr13:g.113326000C>T|cg26133126,GRTP1,-0.05138647430210819,T[C>T]A,unchanged,28
3,chr1:g.6128067C>T|cg12135344,CHD5,-0.1606183787550376,T4_SBS6_CpG_distance100,chr14:g.51094229G>A|cg06601633,TRIM9,0.0015022878579864785,A[C>T]A,unchanged,73
3,chr1:g.6128067C>T|cg12135344,CHD5,-0.1606183787550376,T4_SBS6_CpG_distance100,chr14:g.80211371G>A|cg00217795,DIO2,0.005075250297930101,T[C>T]A,unchanged,26
3,chr1:g.6128067C>T|cg12135344,CHD5,-0.1606183787550376,T4_SBS6_CpG_distance100,chr14:g.89412237G>A|cg10976706,FOXN3,0.00037169437951867224,T[C>T]C,unchanged,3
3,chr1:g.6128067C>T|cg12135344,CHD5,-0.1606183787550376,T4_SBS6_CpG_distance100,chr14:g.96241012G>A|cg14032667,BDKRB2,0.008971929674768897,T[C>T]A,unchanged,78
3,chr1:g.6128067C>T|cg12135344,CHD5,-0.1606183787550376,T4_SBS6_CpG_distance100,chr14:g.96241309C>T|cg05050072,BDKRB2,-0.0016965873473330229,T[C>T]A,unchanged,92
3,chr1:g.6128067C>T|cg12135344,CHD5,-0.1606183787550376,T4_SBS6_CpG_distance100,chr14:g.99652469C>T|cg26055840,HHIPL1,-0.002286771002543042,T[C>T]A,unchanged,27
3,chr1:g.6128067C>T|cg12135344,CHD5,-0.1606183787550376,T4_SBS6_CpG_distance100,chr14:g.103132761G>A|cg08301307,TNFAIP2,-0.02569022145545441,T[C>T]T,unchanged,106
3,chr1:g.6128067C>T|cg12135344,CHD5,-0.1606183787550376,T4_SBS6_CpG_distance100,chr15:g.22823780C>T|cg15159661,NIPA1,0.00010813189545921809,T[C>T]T,unchanged,104
3,chr1:g.6128067C>T|cg12135344,CHD5,-0.1606183787550376,T4_SBS6_CpG_distance100,chr15:g.39593172C>T|cg15161296,THBS1,-0.007063846760455794,G[C>T]C,unchanged,48
3,chr1:g.6128067C>T|cg12135344,CHD5,-0.1606183787550376,T4_SBS6_CpG_distance100,chr15:g.42730735C>T|cg11163383,CDAN1,0.023901347688779717,G[C>T]A,unchanged,104
3,chr1:g.6128067C>T|cg12135344,CHD5,-0.1606183787550376,T4_SBS6_CpG_distance100,chr15:g.45114644G>A|cg02550961,DUOXA2,-0.03230983686777343,G[C>T]T,unchanged,24
3,chr1:g.6128067C>T|cg12135344,CHD5,-0.1606183787550376,T4_SBS6_CpG_distance100,chr15:g.68291209C>T|cg02389877,FEM1B,0.004808818490083522,C[C>T]A,unchanged,53
3,chr1:g.6128067C>T|cg12135344,CHD5,-0.1606183787550376,T4_SBS6_CpG_distance100,chr15:g.74175356C>T|cg16926502,ISLR,-0.00034707171204217957,T[C>T]A,unchanged,12
3,chr1:g.6128067C>T|cg12135344,CHD5,-0.1606183787550376,T4_SBS6_CpG_distance100,chr15:g.89483184G>A|cg24382063,RHCG,0.01712933001226713,T[C>T]T,unchanged,82
3,chr1:g.6128067C>T|cg12135344,CHD5,-0.1606183787550376,T4_SBS6_CpG_distance100,chr16:g.293607G>A|cg01444501,AXIN1,-0.0023379289911326095,T[C>T]A,unchanged,99
3,chr1:g.6128067C>T|cg12135344,CHD5,-0.1606183787550376,T4_SBS6_CpG_distance100,chr16:g.672563G>A|cg27336518,RHOT2,0.004149446760018827,T[C>T]A,unchanged,48
3,chr1:g.6128067C>T|cg12135344,CHD5,-0.1606183787550376,T4_SBS6_CpG_distance100,chr16:g.1450620G>A|cg01852063,CLCN7,0.002674764394274276,T[C>T]T,unchanged,54
3,chr1:g.6128067C>T|cg12135344,CHD5,-0.1606183787550376,T4_SBS6_CpG_distance100,chr16:g.1507646C>T|cg04517903,TELO2,0.014900683314260643,T[C>T]A,unchanged,42
3,chr1:g.6128067C>T|cg12135344,CHD5,-0.1606183787550376,T4_SBS6_CpG_distance100,chr16:g.1673943C>T|cg05337607,CRAMP1,0.010708274484214186,T[C>T]A,unchanged,40
3,chr1:g.6128067C>T|cg12135344,CHD5,-0.1606183787550376,T4_SBS6_CpG_distance100,chr16:g.3582492C>T|cg02981752,SLX4,-0.0020024323767655616,T[C>T]A,unchanged,19
3,chr1:g.6128067C>T|cg12135344,CHD5,-0.1606183787550376,T4_SBS6_CpG_distance100,chr16:g.3966693C>T|cg09152120,ADCY9,-0.012943537565058949,T[C>T]T,unchanged,25
3,chr1:g.6128067C>T|cg12135344,CHD5,-0.1606183787550376,T4_SBS6_CpG_distance100,chr16:g.3983263G>A|cg07628416,ADCY9,-0.02273826434268067,G[C>T]T,unchanged,33
3,chr1:g.6128067C>T|cg12135344,CHD5,-0.1606183787550376,T4_SBS6_CpG_distance100,chr16:g.8796351C>T|cg05869585,TMEM186,-0.002083616643225983,T[C>T]A,unchanged,25
3,chr1:g.6128067C>T|cg12135344,CHD5,-0.1606183787550376,T4_SBS6_CpG_distance100,chr16:g.19872621G>A|cg02384338,GPRC5B,0.0029181944958611705,T[C>T]A,unchanged,26
3,chr1:g.6128067C>T|cg12135344,CHD5,-0.1606183787550376,T4_SBS6_CpG_distance100,chr16:g.20418118C>T|cg27514874,ACSM5,-0.020363746468686217,T[C>T]A,unchanged,66
3,chr1:g.6128067C>T|cg12135344,CHD5,-0.1606183787550376,T4_SBS6_CpG_distance100,chr16:g.30583151G>A|cg08103107,ZNF785,-0.0007348585510348338,T[C>T]T,unchanged,4
3,chr1:g.6128067C>T|cg12135344,CHD5,-0.1606183787550376,T4_SBS6_CpG_distance100,chr16:g.31062238C>T|cg01509715,ZNF668,-0.0065219915150595,T[C>T]C,unchanged,8
3,chr1:g.6128067C>T|cg12135344,CHD5,-0.1606183787550376,T4_SBS6_CpG_distance100,chr16:g.66922316G>A|cg15482422,RRAD,-0.048490702918924655,T[C>T]A,unchanged,21
3,chr1:g.6128067C>T|cg12135344,CHD5,-0.1606183787550376,T4_SBS6_CpG_distance100,chr16:g.87851755G>A|cg05911082,SLC7A5,-0.01179459090118673,T[C>T]A,unchanged,26
3,chr1:g.6128067C>T|cg12135344,CHD5,-0.1606183787550376,T4_SBS6_CpG_distance100,chr17:g.1109063C>T|cg01555791,ABR,0.0002057536723661102,C[C>T]T,unchanged,15
3,chr1:g.6128067C>T|cg12135344,CHD5,-0.1606183787550376,T4_SBS6_CpG_distance100,chr17:g.10632005G>A|cg11239366,MYH3,-0.0014747213487827926,T[C>T]C,unchanged,20
3,chr1:g.6128067C>T|cg12135344,CHD5,-0.1606183787550376,T4_SBS6_CpG_distance100,chr17:g.30090616G>A|cg02947670,EFCAB5,0.007459259693325171,C[C>T]A,unchanged,69
3,chr1:g.6128067C>T|cg12135344,CHD5,-0.1606183787550376,T4_SBS6_CpG_distance100,chr17:g.39665443G>A|cg08345719,TCAP,0.019343340216854688,T[C>T]A,unchanged,35
3,chr1:g.6128067C>T|cg12135344,CHD5,-0.1606183787550376,T4_SBS6_CpG_distance100,chr17:g.42784054C>T|cg05614735,WNK4,0.016097215536249765,T[C>T]A,unchanged,6
3,chr1:g.6128067C>T|cg12135344,CHD5,-0.1606183787550376,T4_SBS6_CpG_distance100,chr17:g.47733877C>T|cg03639783,TBX21,0.005206164158418056,T[C>T]A,unchanged,4
3,chr1:g.6128067C>T|cg12135344,CHD5,-0.1606183787550376,T4_SBS6_CpG_distance100,chr17:g.58279384G>A|cg08058156,MPO,0.000913416068417161,G[C>T]T,unchanged,107
3,chr1:g.6128067C>T|cg12135344,CHD5,-0.1606183787550376,T4_SBS6_CpG_distance100,chr17:g.59682694C>T|cg22624697,CLTC,0.0025925702928799588,C[C>T]A,unchanged,10
3,chr1:g.6128067C>T|cg12135344,CHD5,-0.1606183787550376,T4_SBS6_CpG_distance100,chr17:g.63534125C>T|cg18975662,KCNH6,0.006176954468299911,T[C>T]A,unchanged,3
3,chr1:g.6128067C>T|cg12135344,CHD5,-0.1606183787550376,T4_SBS6_CpG_distance100,chr17:g.63832958G>A|cg11885555,SMARCD2,0.005693060929494398,G[C>T]T,unchanged,99
3,chr1:g.6128067C>T|cg12135344,CHD5,-0.1606183787550376,T4_SBS6_CpG_distance100,chr17:g.76476898C>T|cg27605355,RHBDF2,-0.004029541563563832,T[C>T]A,unchanged,17
3,chr1:g.6128067C>T|cg12135344,CHD5,-0.1606183787550376,T4_SBS6_CpG_distance100,chr17:g.80221704G>A|cg07675682,SLC26A11,-0.030116719885122767,T[C>T]A,unchanged,12
3,chr1:g.6128067C>T|cg12135344,CHD5,-0.1606183787550376,T4_SBS6_CpG_distance100,chr17:g.81282258C>T|cg00248875,SLC38A10,-0.029816567002872385,T[C>T]C,unchanged,86
3,chr1:g.6128067C>T|cg12135344,CHD5,-0.1606183787550376,T4_SBS6_CpG_distance100,chr18:g.48040016C>T|cg24352393,ZBTB7C,0.003044312928991766,G[C>T]T,unchanged,37
3,chr1:g.6128067C>T|cg12135344,CHD5,-0.1606183787550376,T4_SBS6_CpG_distance100,chr18:g.80159825G>A|cg13590055,PARD6G,0.021828208802005533,G[C>T]C,unchanged,61
3,chr1:g.6128067C>T|cg12135344,CHD5,-0.1606183787550376,T4_SBS6_CpG_distance100,chr19:g.1083182G>A|cg19307500,ARHGAP45,0.006817318983924792,T[C>T]C,unchanged,12
3,chr1:g.6128067C>T|cg12135344,CHD5,-0.1606183787550376,T4_SBS6_CpG_distance100,chr19:g.1482993G>A|cg01091751,PCSK4,0.0160375257888149,A[C>T]A,unchanged,52
3,chr1:g.6128067C>T|cg12135344,CHD5,-0.1606183787550376,T4_SBS6_CpG_distance100,chr19:g.3575620G>A|cg13437146,HMG20B,0.0378550896181955,T[C>T]T,unchanged,80
3,chr1:g.6128067C>T|cg12135344,CHD5,-0.1606183787550376,T4_SBS6_CpG_distance100,chr19:g.4652139C>T|cg22754389,TNFAIP8L1,0.004597464470720292,T[C>T]C,unchanged,47
3,chr1:g.6128067C>T|cg12135344,CHD5,-0.1606183787550376,T4_SBS6_CpG_distance100,chr19:g.5914680G>A|cg16992787,CAPS,0.03265497859100608,T[C>T]C,unchanged,22
3,chr1:g.6128067C>T|cg12135344,CHD5,-0.1606183787550376,T4_SBS6_CpG_distance100,chr19:g.6007770G>A|cg25793425,RFX2,0.0034956406691442066,T[C>T]C,unchanged,61
3,chr1:g.6128067C>T|cg12135344,CHD5,-0.1606183787550376,T4_SBS6_CpG_distance100,chr19:g.7934224G>A|cg17682949,TIMM44,-0.032138558652506366,T[C>T]A,unchanged,16
3,chr1:g.6128067C>T|cg12135344,CHD5,-0.1606183787550376,T4_SBS6_CpG_distance100,chr19:g.9160218G>A|cg01914743,ZNF317,0.0005756789347606261,T[C>T]T,unchanged,13
3,chr1:g.6128067C>T|cg12135344,CHD5,-0.1606183787550376,T4_SBS6_CpG_distance100,chr19:g.14972733G>A|cg06192619,SLC1A6,-0.0015747793263816146,T[C>T]T,unchanged,71
3,chr1:g.6128067C>T|cg12135344,CHD5,-0.1606183787550376,T4_SBS6_CpG_distance100,chr19:g.15113783C>T|cg20100671,SYDE1,-0.0077738801891341636,A[C>T]C,unchanged,21
3,chr1:g.6128067C>T|cg12135344,CHD5,-0.1606183787550376,T4_SBS6_CpG_distance100,chr19:g.32980029G>A|cg22062383,RHPN2,0.07651402960787035,T[C>T]A,unchanged,83
3,chr1:g.6128067C>T|cg12135344,CHD5,-0.1606183787550376,T4_SBS6_CpG_distance100,chr19:g.37669660G>A|cg24851318,ZNF781,-0.0031202997501914576,T[C>T]A,unchanged,83
3,chr1:g.6128067C>T|cg12135344,CHD5,-0.1606183787550376,T4_SBS6_CpG_distance100,chr19:g.37669729C>T|cg24851318,ZNF781,0.0005677273778749159,T[C>T]A,unchanged,14
3,chr1:g.6128067C>T|cg12135344,CHD5,-0.1606183787550376,T4_SBS6_CpG_distance100,chr19:g.39498980C>T|cg21718857,DLL3,0.0036545597461262666,T[C>T]T,unchanged,28
3,chr1:g.6128067C>T|cg12135344,CHD5,-0.1606183787550376,T4_SBS6_CpG_distance100,chr19:g.39872229C>T|cg00398728,FCGBP,0.016233853814950905,T[C>T]A,unchanged,59
3,chr1:g.6128067C>T|cg12135344,CHD5,-0.1606183787550376,T4_SBS6_CpG_distance100,chr19:g.42095557C>T|cg06178887,POU2F2,-0.013375052793018094,T[C>T]T,unchanged,78
3,chr1:g.6128067C>T|cg12135344,CHD5,-0.1606183787550376,T4_SBS6_CpG_distance100,chr19:g.45494665C>T|cg19038042,RTN2,0.001850598754817967,T[C>T]A,unchanged,35
3,chr1:g.6128067C>T|cg12135344,CHD5,-0.1606183787550376,T4_SBS6_CpG_distance100,chr19:g.45712707G>A|cg00756648,FBXO46,-0.0237866640219061,T[C>T]C,unchanged,107
3,chr1:g.6128067C>T|cg12135344,CHD5,-0.1606183787550376,T4_SBS6_CpG_distance100,chr19:g.51368536G>A|cg22065498,CLDND2,-0.014736115812326478,T[C>T]A,unchanged,101
3,chr1:g.6128067C>T|cg12135344,CHD5,-0.1606183787550376,T4_SBS6_CpG_distance100,chr19:g.53892569G>A|cg08391709,PRKCG,-0.046193694132314334,T[C>T]C,unchanged,2
3,chr1:g.6128067C>T|cg12135344,CHD5,-0.1606183787550376,T4_SBS6_CpG_distance100,chr2:g.1676937G>A|cg24767423,PXDN,0.011205740654932628,G[C>T]T,unchanged,30
3,chr1:g.6128067C>T|cg12135344,CHD5,-0.1606183787550376,T4_SBS6_CpG_distance100,chr2:g.10058928C>T|cg00283742,CYS1,-0.0010052528608669453,T[C>T]T,unchanged,96
3,chr1:g.6128067C>T|cg12135344,CHD5,-0.1606183787550376,T4_SBS6_CpG_distance100,chr2:g.27309931C>T|cg23967616,MPV17,0.0016345644613192656,C[C>T]A,unchanged,74
3,chr1:g.6128067C>T|cg12135344,CHD5,-0.1606183787550376,T4_SBS6_CpG_distance100,chr2:g.74250415G>A|cg01272428,SLC4A5,-0.012899591625800566,T[C>T]A,unchanged,86
3,chr1:g.6128067C>T|cg12135344,CHD5,-0.1606183787550376,T4_SBS6_CpG_distance100,chr2:g.74515651C>T|cg19656282,TLX2,-0.01759653672060693,T[C>T]T,unchanged,8
3,chr1:g.6128067C>T|cg12135344,CHD5,-0.1606183787550376,T4_SBS6_CpG_distance100,chr2:g.88067960C>T|cg03704645,SMYD1,0.015557966745436191,T[C>T]A,unchanged,24
3,chr1:g.6128067C>T|cg12135344,CHD5,-0.1606183787550376,T4_SBS6_CpG_distance100,chr2:g.178722127C>T|cg20701897,TTN,0.00019039157692912756,T[C>T]T,unchanged,93
3,chr1:g.6128067C>T|cg12135344,CHD5,-0.1606183787550376,T4_SBS6_CpG_distance100,chr2:g.215384891C>T|cg25099021,FN1,0.005151036854065927,T[C>T]A,unchanged,48
3,chr1:g.6128067C>T|cg12135344,CHD5,-0.1606183787550376,T4_SBS6_CpG_distance100,chr2:g.237374800C>T|cg14556851,COL6A3,-0.016134667187345242,G[C>T]T,unchanged,11
3,chr1:g.6128067C>T|cg12135344,CHD5,-0.1606183787550376,T4_SBS6_CpG_distance100,chr2:g.241210521C>T|cg19838074,ANO7,0.00018013389770443755,T[C>T]A,unchanged,71
3,chr1:g.6128067C>T|cg12135344,CHD5,-0.1606183787550376,T4_SBS6_CpG_distance100,chr20:g.3234309C>T|cg21907993,SLC4A11,0.0033617044792825235,T[C>T]A,unchanged,29
3,chr1:g.6128067C>T|cg12135344,CHD5,-0.1606183787550376,T4_SBS6_CpG_distance100,chr20:g.17970015C>T|cg26273886,MGME1,0.00020182635155974182,A[C>T]T,unchanged,36
3,chr1:g.6128067C>T|cg12135344,CHD5,-0.1606183787550376,T4_SBS6_CpG_distance100,chr20:g.19935149G>A|cg04466743,RIN2,0.0045606432884557485,G[C>T]A,unchanged,1
3,chr1:g.6128067C>T|cg12135344,CHD5,-0.1606183787550376,T4_SBS6_CpG_distance100,chr20:g.38161439G>A|cg26604799,TGM2,0.005668414552815526,T[C>T]A,unchanged,20
3,chr1:g.6128067C>T|cg12135344,CHD5,-0.1606183787550376,T4_SBS6_CpG_distance100,chr20:g.46008941G>A|cg10505873,MMP9,0.00946558174688425,G[C>T]T,unchanged,69
3,chr1:g.6128067C>T|cg12135344,CHD5,-0.1606183787550376,T4_SBS6_CpG_distance100,chr20:g.46563483G>A|cg12760968,SLC13A3,0.014446821215592376,T[C>T]A,unchanged,61
3,chr1:g.6128067C>T|cg12135344,CHD5,-0.1606183787550376,T4_SBS6_CpG_distance100,chr20:g.59939101G>A|cg00400263,PPP1R3D,-0.010959845569636806,T[C>T]A,unchanged,45
3,chr1:g.6128067C>T|cg12135344,CHD5,-0.1606183787550376,T4_SBS6_CpG_distance100,chr20:g.62216651G>A|cg04752263,HRH3,0.01527801027398501,T[C>T]C,unchanged,10
3,chr1:g.6128067C>T|cg12135344,CHD5,-0.1606183787550376,T4_SBS6_CpG_distance100,chr20:g.62911130C>T|cg11152033,DIDO1,0.0033563811566134083,T[C>T]A,unchanged,14
3,chr1:g.6128067C>T|cg12135344,CHD5,-0.1606183787550376,T4_SBS6_CpG_distance100,chr21:g.28992794C>T|cg08249556,LTN1,0.00028971467077733987,T[C>T]T,unchanged,11
3,chr1:g.6128067C>T|cg12135344,CHD5,-0.1606183787550376,T4_SBS6_CpG_distance100,chr21:g.30215821G>A|cg04052038,CLDN8,0.0006271648338748159,T[C>T]A,unchanged,16
3,chr1:g.6128067C>T|cg12135344,CHD5,-0.1606183787550376,T4_SBS6_CpG_distance100,chr22:g.26499377G>A|cg00365963,TFIP11,0.0018070929965890992,T[C>T]T,unchanged,19
3,chr1:g.6128067C>T|cg12135344,CHD5,-0.1606183787550376,T4_SBS6_CpG_distance100,chr22:g.46289513C>T|cg04392554,TTC38,0.0012176027624047903,T[C>T]C,unchanged,62
3,chr1:g.6128067C>T|cg12135344,CHD5,-0.1606183787550376,T4_SBS6_CpG_distance100,chr22:g.46534699G>A|cg07223632,CELSR1,0.0006019740963831843,T[C>T]A,unchanged,97
3,chr1:g.6128067C>T|cg12135344,CHD5,-0.1606183787550376,T4_SBS6_CpG_distance100,chr22:g.49884259C>T|cg05080787,ZBED4,0.0012179792392751354,T[C>T]A,unchanged,41
3,chr1:g.6128067C>T|cg12135344,CHD5,-0.1606183787550376,T4_SBS6_CpG_distance100,chr22:g.50281953G>A|cg00243272,PLXNB2,-0.004475852610343889,T[C>T]A,unchanged,86
3,chr1:g.6128067C>T|cg12135344,CHD5,-0.1606183787550376,T4_SBS6_CpG_distance100,chr22:g.50528599G>A|cg06345736,TYMP,0.015076576929235808,T[C>T]A,unchanged,92
3,chr1:g.6128067C>T|cg12135344,CHD5,-0.1606183787550376,T4_SBS6_CpG_distance100,chr3:g.15074684G>A|cg04428799,RBSN,0.006933168816761204,T[C>T]T,unchanged,27
3,chr1:g.6128067C>T|cg12135344,CHD5,-0.1606183787550376,T4_SBS6_CpG_distance100,chr3:g.52690608G>A|cg00447581,GNL3,-0.0007685867330951002,T[C>T]T,unchanged,46
3,chr1:g.6128067C>T|cg12135344,CHD5,-0.1606183787550376,T4_SBS6_CpG_distance100,chr3:g.122922265G>A|cg10783060,SEMA5B,-0.10821286778162481,T[C>T]T,unchanged,32
3,chr1:g.6128067C>T|cg12135344,CHD5,-0.1606183787550376,T4_SBS6_CpG_distance100,chr3:g.123734093C>T|cg17787502,MYLK,0.04339254922010105,T[C>T]T,unchanged,54
3,chr1:g.6128067C>T|cg12135344,CHD5,-0.1606183787550376,T4_SBS6_CpG_distance100,chr3:g.139476406C>T|cg17778120,RBP2,-0.001524809521675996,C[C>T]T,unchanged,71
3,chr1:g.6128067C>T|cg12135344,CHD5,-0.1606183787550376,T4_SBS6_CpG_distance100,chr3:g.141778644G>A|cg27638148,GRK7,0.0010044326828045902,T[C>T]C,unchanged,5
3,chr1:g.6128067C>T|cg12135344,CHD5,-0.1606183787550376,T4_SBS6_CpG_distance100,chr3:g.141778662C>T|cg27638148,GRK7,-0.016022209692329703,T[C>T]A,unchanged,13
3,chr1:g.6128067C>T|cg12135344,CHD5,-0.1606183787550376,T4_SBS6_CpG_distance100,chr3:g.185586497G>A|cg02872623,SENP2,-0.0006528921081591851,T[C>T]T,unchanged,106
3,chr1:g.6128067C>T|cg12135344,CHD5,-0.1606183787550376,T4_SBS6_CpG_distance100,chr4:g.3233330C>T|cg06609182,HTT,-0.0008359752824131927,T[C>T]T,unchanged,57
3,chr1:g.6128067C>T|cg12135344,CHD5,-0.1606183787550376,T4_SBS6_CpG_distance100,chr4:g.40438135G>A|cg16642517,RBM47,-0.0021896851772380543,T[C>T]A,unchanged,7
3,chr1:g.6128067C>T|cg12135344,CHD5,-0.1606183787550376,T4_SBS6_CpG_distance100,chr5:g.447583C>T|cg18430034,EXOC3,-0.007309669785209749,T[C>T]C,unchanged,48
3,chr1:g.6128067C>T|cg12135344,CHD5,-0.1606183787550376,T4_SBS6_CpG_distance100,chr5:g.1073669G>A|cg05636015,SLC12A7,-0.01722847841542363,A[C>T]C,unchanged,3
3,chr1:g.6128067C>T|cg12135344,CHD5,-0.1606183787550376,T4_SBS6_CpG_distance100,chr5:g.34042967C>T|cg03934354,C1QTNF3,-0.007380475485242677,T[C>T]C,unchanged,68
3,chr1:g.6128067C>T|cg12135344,CHD5,-0.1606183787550376,T4_SBS6_CpG_distance100,chr5:g.34043039C>T|cg03934354,C1QTNF3,-0.0012402761600223133,T[C>T]A,unchanged,4
3,chr1:g.6128067C>T|cg12135344,CHD5,-0.1606183787550376,T4_SBS6_CpG_distance100,chr5:g.100902905C>T|cg13320626,ST8SIA4,-0.0001212723542022981,T[C>T]A,unchanged,46
3,chr1:g.6128067C>T|cg12135344,CHD5,-0.1606183787550376,T4_SBS6_CpG_distance100,chr5:g.131988132G>A|cg24786495,ACSL6,0.0003958707776897663,T[C>T]A,unchanged,93
3,chr1:g.6128067C>T|cg12135344,CHD5,-0.1606183787550376,T4_SBS6_CpG_distance100,chr5:g.132866923G>A|cg05040447,UQCRQ,0.00030892651418906736,T[C>T]A,unchanged,20
3,chr1:g.6128067C>T|cg12135344,CHD5,-0.1606183787550376,T4_SBS6_CpG_distance100,chr5:g.135008969C>T|cg07335603,CATSPER3,-0.0016651705310559706,T[C>T]A,unchanged,89
3,chr1:g.6128067C>T|cg12135344,CHD5,-0.1606183787550376,T4_SBS6_CpG_distance100,chr5:g.138345517G>A|cg01099252,FAM53C,0.0,T[C>T]A,unchanged,15
3,chr1:g.6128067C>T|cg12135344,CHD5,-0.1606183787550376,T4_SBS6_CpG_distance100,chr5:g.140643929G>A|cg27658391,TMCO6,0.005345033278905009,G[C>T]A,unchanged,41
3,chr1:g.6128067C>T|cg12135344,CHD5,-0.1606183787550376,T4_SBS6_CpG_distance100,chr5:g.141388712G>A|cg09570348,PCDHGB4,-0.0014088606322176789,T[C>T]T,unchanged,28
3,chr1:g.6128067C>T|cg12135344,CHD5,-0.1606183787550376,T4_SBS6_CpG_distance100,chr5:g.141511158G>A|cg15004405,PCDHGA12,-0.018146722237764923,T[C>T]T,unchanged,7
3,chr1:g.6128067C>T|cg12135344,CHD5,-0.1606183787550376,T4_SBS6_CpG_distance100,chr5:g.168883282G>A|cg05457620,SLIT3,0.00827961732111604,T[C>T]A,unchanged,21
3,chr1:g.6128067C>T|cg12135344,CHD5,-0.1606183787550376,T4_SBS6_CpG_distance100,chr5:g.171456682G>A|cg13396201,FGF18,-0.001909746787596145,T[C>T]T,unchanged,5
3,chr1:g.6128067C>T|cg12135344,CHD5,-0.1606183787550376,T4_SBS6_CpG_distance100,chr5:g.177455157C>T|cg00971676,PRR7,-0.0015374710817218848,T[C>T]T,unchanged,101
3,chr1:g.6128067C>T|cg12135344,CHD5,-0.1606183787550376,T4_SBS6_CpG_distance100,chr5:g.179853390C>T|cg01213455,MRNIP,-0.006772001734608124,A[C>T]T,unchanged,45
3,chr1:g.6128067C>T|cg12135344,CHD5,-0.1606183787550376,T4_SBS6_CpG_distance100,chr6:g.10410135C>T|cg02181847,TFAP2A,-0.008441070863479914,T[C>T]A,unchanged,84
3,chr1:g.6128067C>T|cg12135344,CHD5,-0.1606183787550376,T4_SBS6_CpG_distance100,chr6:g.16327991G>A|cg00436183,ATXN1,0.005469828277478661,G[C>T]C,unchanged,22
3,chr1:g.6128067C>T|cg12135344,CHD5,-0.1606183787550376,T4_SBS6_CpG_distance100,chr6:g.26055880C>T|cg07750111,H1-2,0.0024555601243260727,T[C>T]T,unchanged,60
3,chr1:g.6128067C>T|cg12135344,CHD5,-0.1606183787550376,T4_SBS6_CpG_distance100,chr6:g.27810226G>A|cg15410276,H3C10,0.0002638594543173181,T[C>T]T,unchanged,72
3,chr1:g.6128067C>T|cg12135344,CHD5,-0.1606183787550376,T4_SBS6_CpG_distance100,chr6:g.33200447G>A|cg18144707,RXRB,-0.0006375710766849604,T[C>T]C,unchanged,13
3,chr1:g.6128067C>T|cg12135344,CHD5,-0.1606183787550376,T4_SBS6_CpG_distance100,chr6:g.33679986C>T|cg18842187,ITPR3,0.01827630289382154,A[C>T]A,unchanged,63
3,chr1:g.6128067C>T|cg12135344,CHD5,-0.1606183787550376,T4_SBS6_CpG_distance100,chr6:g.40432561G>A|cg24851166,LRFN2,0.01239667294310387,G[C>T]T,unchanged,58
3,chr1:g.6128067C>T|cg12135344,CHD5,-0.1606183787550376,T4_SBS6_CpG_distance100,chr6:g.52504700G>A|cg14279151,TRAM2,0.006756048721260066,T[C>T]A,unchanged,4
3,chr1:g.6128067C>T|cg12135344,CHD5,-0.1606183787550376,T4_SBS6_CpG_distance100,chr6:g.134949937C>T|cg02396253,ALDH8A1,0.010594456994025503,G[C>T]A,unchanged,19
3,chr1:g.6128067C>T|cg12135344,CHD5,-0.1606183787550376,T4_SBS6_CpG_distance100,chr6:g.138335101G>A|cg20291636,ARFGEF3,0.0069242084542341376,G[C>T]T,unchanged,70
3,chr1:g.6128067C>T|cg12135344,CHD5,-0.1606183787550376,T4_SBS6_CpG_distance100,chr6:g.160122004C>T|cg13466809,SLC22A1,0.010559761716170568,T[C>T]A,unchanged,92
3,chr1:g.6128067C>T|cg12135344,CHD5,-0.1606183787550376,T4_SBS6_CpG_distance100,chr6:g.165661969C>T|cg04326854,PDE10A,-0.010069830076784247,T[C>T]A,unchanged,4
3,chr1:g.6128067C>T|cg12135344,CHD5,-0.1606183787550376,T4_SBS6_CpG_distance100,chr7:g.195707C>T|cg24504854,FAM20C,0.004664660301429757,T[C>T]A,unchanged,28
3,chr1:g.6128067C>T|cg12135344,CHD5,-0.1606183787550376,T4_SBS6_CpG_distance100,chr7:g.1493863C>T|cg01705214,INTS1,0.0034153672400859536,T[C>T]A,unchanged,3
3,chr1:g.6128067C>T|cg12135344,CHD5,-0.1606183787550376,T4_SBS6_CpG_distance100,chr7:g.30504617G>A|cg05142115,GGCT,0.0006441725443335003,T[C>T]C,unchanged,68
3,chr1:g.6128067C>T|cg12135344,CHD5,-0.1606183787550376,T4_SBS6_CpG_distance100,chr7:g.48041395C>T|cg00731958,C7orf57,-0.015283934561651003,C[C>T]C,unchanged,39
3,chr1:g.6128067C>T|cg12135344,CHD5,-0.1606183787550376,T4_SBS6_CpG_distance100,chr7:g.51028888C>T|cg27325833,COBL,0.007519691237304782,C[C>T]A,unchanged,28
3,chr1:g.6128067C>T|cg12135344,CHD5,-0.1606183787550376,T4_SBS6_CpG_distance100,chr7:g.120856704G>A|cg03913921,TSPAN12,-0.02328439642188046,T[C>T]T,unchanged,69
3,chr1:g.6128067C>T|cg12135344,CHD5,-0.1606183787550376,T4_SBS6_CpG_distance100,chr7:g.149104740C>T|cg24392299,ZNF425,-0.0009413817144880987,T[C>T]T,unchanged,24
3,chr1:g.6128067C>T|cg12135344,CHD5,-0.1606183787550376,T4_SBS6_CpG_distance100,chr7:g.151076177G>A|cg20898078,SLC4A2,-0.007655356918440659,T[C>T]T,unchanged,38
3,chr1:g.6128067C>T|cg12135344,CHD5,-0.1606183787550376,T4_SBS6_CpG_distance100,chr8:g.41696412G>A|cg09897002,ANK1,0.0020022874917712263,C[C>T]T,unchanged,25
3,chr1:g.6128067C>T|cg12135344,CHD5,-0.1606183787550376,T4_SBS6_CpG_distance100,chr8:g.64581594G>A|cg17307479,BHLHE22,-0.024275956768702422,T[C>T]A,unchanged,50
3,chr1:g.6128067C>T|cg12135344,CHD5,-0.1606183787550376,T4_SBS6_CpG_distance100,chr8:g.66127283G>A|cg04145765,TRIM55,0.026990012410912922,T[C>T]A,unchanged,57
3,chr1:g.6128067C>T|cg12135344,CHD5,-0.1606183787550376,T4_SBS6_CpG_distance100,chr8:g.88327195G>A|cg11536457,MMP16,-0.010243229853390122,T[C>T]A,unchanged,20
3,chr1:g.6128067C>T|cg12135344,CHD5,-0.1606183787550376,T4_SBS6_CpG_distance100,chr8:g.116755669G>A|cg02735071,EIF3H,0.0,G[C>T]C,unchanged,34
3,chr1:g.6128067C>T|cg12135344,CHD5,-0.1606183787550376,T4_SBS6_CpG_distance100,chr8:g.122952068C>T|cg08789073,ZHX2,-0.001488701152510541,T[C>T]A,unchanged,19
3,chr1:g.6128067C>T|cg12135344,CHD5,-0.1606183787550376,T4_SBS6_CpG_distance100,chr8:g.122953574G>A|cg18191087,ZHX2,-0.016730186270892955,T[C>T]A,unchanged,44
3,chr1:g.6128067C>T|cg12135344,CHD5,-0.1606183787550376,T4_SBS6_CpG_distance100,chr8:g.143810740G>A|cg27246991,SCRIB,0.00135154808468807,T[C>T]C,unchanged,48
3,chr1:g.6128067C>T|cg12135344,CHD5,-0.1606183787550376,T4_SBS6_CpG_distance100,chr9:g.6015410C>T|cg08689940,RANBP6,0.0003070405869895973,T[C>T]A,unchanged,29
3,chr1:g.6128067C>T|cg12135344,CHD5,-0.1606183787550376,T4_SBS6_CpG_distance100,chr9:g.35869721C>T|cg14276698,OR13J1,-0.00018268314994895896,C[C>T]C,unchanged,78
3,chr1:g.6128067C>T|cg12135344,CHD5,-0.1606183787550376,T4_SBS6_CpG_distance100,chr9:g.99069811G>A|cg14424210,COL15A1,0.0,T[C>T]T,unchanged,49
3,chr1:g.6128067C>T|cg12135344,CHD5,-0.1606183787550376,T4_SBS6_CpG_distance100,chr9:g.114096399G>A|cg10091458,KIF12,0.0067253628763991324,T[C>T]A,unchanged,45
3,chr1:g.6128067C>T|cg12135344,CHD5,-0.1606183787550376,T4_SBS6_CpG_distance100,chr9:g.122209695C>T|cg14093012,LHX6,0.006322698204225596,G[C>T]A,unchanged,31
3,chr1:g.6128067C>T|cg12135344,CHD5,-0.1606183787550376,T4_SBS6_CpG_distance100,chr9:g.122226983C>T|cg21213617,LHX6,0.08326869955117783,C[C>T]T,unchanged,21
4,chr19:g.4048232C>T|cg21206277,ZBTB7A,-0.12495033640604358,T2_SBS96_CpG_distance50,chr1:g.26346316C>T|cg00830850,CRYBG2,0.0009744214423793585,T[C>T]A,unchanged,158
4,chr19:g.4048232C>T|cg21206277,ZBTB7A,-0.12495033640604358,T2_SBS96_CpG_distance50,chr1:g.153638310G>A|cg02482497,CHTOP,-0.013853806242566935,T[C>T]A,unchanged,114
4,chr19:g.4048232C>T|cg21206277,ZBTB7A,-0.12495033640604358,T2_SBS96_CpG_distance50,chr1:g.154869641G>A|cg01963297,KCNN3,0.05268971621348137,T[C>T]A,unchanged,137
4,chr19:g.4048232C>T|cg21206277,ZBTB7A,-0.12495033640604358,T2_SBS96_CpG_distance50,chr1:g.201808720G>A|cg02616186,NAV1,0.005293011479868492,T[C>T]A,unchanged,133
4,chr19:g.4048232C>T|cg21206277,ZBTB7A,-0.12495033640604358,T2_SBS96_CpG_distance50,chr11:g.7653161C>T|cg06416026,PPFIBP2,0.0023004746890930017,T[C>T]A,unchanged,143
4,chr19:g.4048232C>T|cg21206277,ZBTB7A,-0.12495033640604358,T2_SBS96_CpG_distance50,chr11:g.62690862C>T|cg13835337,BSCL2,0.015053017990691586,T[C>T]A,unchanged,111
4,chr19:g.4048232C>T|cg21206277,ZBTB7A,-0.12495033640604358,T2_SBS96_CpG_distance50,chr11:g.66848950C>T|cg08924969,PC,-0.0024716229281910307,T[C>T]A,unchanged,194
4,chr19:g.4048232C>T|cg21206277,ZBTB7A,-0.12495033640604358,T2_SBS96_CpG_distance50,chr11:g.67429165G>A|cg26457823,RPS6KB2,-0.0020639960030646026,T[C>T]A,unchanged,130
4,chr19:g.4048232C>T|cg21206277,ZBTB7A,-0.12495033640604358,T2_SBS96_CpG_distance50,chr12:g.117330785G>A|cg11854928,NOS1,-0.0006629373351642043,T[C>T]A,unchanged,164
4,chr19:g.4048232C>T|cg21206277,ZBTB7A,-0.12495033640604358,T2_SBS96_CpG_distance50,chr13:g.51771287G>A|cg07285641,DHRS12,-0.0005350288094644329,T[C>T]A,unchanged,121
4,chr19:g.4048232C>T|cg21206277,ZBTB7A,-0.12495033640604358,T2_SBS96_CpG_distance50,chr13:g.98688302G>A|cg20568691,SLC15A1,-0.005172663212008266,T[C>T]A,unchanged,158
4,chr19:g.4048232C>T|cg21206277,ZBTB7A,-0.12495033640604358,T2_SBS96_CpG_distance50,chr13:g.106567653C>T|cg20524972,ARGLU1,0.0004566621492245737,T[C>T]A,unchanged,106
4,chr19:g.4048232C>T|cg21206277,ZBTB7A,-0.12495033640604358,T2_SBS96_CpG_distance50,chr15:g.75676390C>T|cg00683665,CSPG4,0.0008407564525191313,T[C>T]A,unchanged,145
4,chr19:g.4048232C>T|cg21206277,ZBTB7A,-0.12495033640604358,T2_SBS96_CpG_distance50,chr16:g.2281099C>T|cg02124920,ABCA3,-0.0010676606760736673,T[C>T]A,unchanged,165
4,chr19:g.4048232C>T|cg21206277,ZBTB7A,-0.12495033640604358,T2_SBS96_CpG_distance50,chr16:g.67378687G>A|cg02210621,LRRC36,0.0,T[C>T]A,unchanged,159
4,chr19:g.4048232C>T|cg21206277,ZBTB7A,-0.12495033640604358,T2_SBS96_CpG_distance50,chr17:g.7017264G>A|cg17415576,C17orf49,0.015482150504484538,T[C>T]A,unchanged,115
4,chr19:g.4048232C>T|cg21206277,ZBTB7A,-0.12495033640604358,T2_SBS96_CpG_distance50,chr17:g.18246397G>A|cg09922349,FLII,-0.008484873494749468,T[C>T]A,unchanged,179
4,chr19:g.4048232C>T|cg21206277,ZBTB7A,-0.12495033640604358,T2_SBS96_CpG_distance50,chr18:g.62979185G>A|cg13381110,PHLPP1,-0.024775720701081638,T[C>T]A,unchanged,196
4,chr19:g.4048232C>T|cg21206277,ZBTB7A,-0.12495033640604358,T2_SBS96_CpG_distance50,chr19:g.4054876C>T|cg27301596,ZBTB7A,-0.06338956176652089,T[C>T]A,unchanged,112
4,chr19:g.4048232C>T|cg21206277,ZBTB7A,-0.12495033640604358,T2_SBS96_CpG_distance50,chr19:g.48282400G>A|cg00843019,ZNF114,0.0004474880675315873,T[C>T]A,unchanged,127
4,chr19:g.4048232C>T|cg21206277,ZBTB7A,-0.12495033640604358,T2_SBS96_CpG_distance50,chr2:g.38070998G>A|cg14407177,CYP1B1,-0.007068972348047042,T[C>T]A,unchanged,118
4,chr19:g.4048232C>T|cg21206277,ZBTB7A,-0.12495033640604358,T2_SBS96_CpG_distance50,chr2:g.88091035C>T|cg18115724,SMYD1,-0.00023715127912216083,T[C>T]A,unchanged,178
4,chr19:g.4048232C>T|cg21206277,ZBTB7A,-0.12495033640604358,T2_SBS96_CpG_distance50,chr2:g.127559734C>T|cg14302612,MYO7B,-0.04925470095086426,T[C>T]A,unchanged,139
4,chr19:g.4048232C>T|cg21206277,ZBTB7A,-0.12495033640604358,T2_SBS96_CpG_distance50,chr2:g.127590136C>T|cg23898305,MYO7B,-0.035056762467170266,T[C>T]A,unchanged,190
4,chr19:g.4048232C>T|cg21206277,ZBTB7A,-0.12495033640604358,T2_SBS96_CpG_distance50,chr22:g.39743763C>T|cg11757326,ENTHD1,-0.0030456426183270713,T[C>T]A,unchanged,142
4,chr19:g.4048232C>T|cg21206277,ZBTB7A,-0.12495033640604358,T2_SBS96_CpG_distance50,chr22:g.49884145G>A|cg05080787,ZBED4,0.0015188596575120838,T[C>T]A,unchanged,155
4,chr19:g.4048232C>T|cg21206277,ZBTB7A,-0.12495033640604358,T2_SBS96_CpG_distance50,chr3:g.50182954G>A|cg19929403,SEMA3F,0.00018034290958079957,T[C>T]A,unchanged,182
4,chr19:g.4048232C>T|cg21206277,ZBTB7A,-0.12495033640604358,T2_SBS96_CpG_distance50,chr3:g.52372956G>A|cg14092988,DNAH1,-0.02782411156332587,T[C>T]A,unchanged,109
4,chr19:g.4048232C>T|cg21206277,ZBTB7A,-0.12495033640604358,T2_SBS96_CpG_distance50,chr3:g.192917724G>A|cg07933199,MB21D2,0.0029481695474255706,T[C>T]A,unchanged,123
4,chr19:g.4048232C>T|cg21206277,ZBTB7A,-0.12495033640604358,T2_SBS96_CpG_distance50,chr4:g.48341832G>A|cg13323912,SLAIN2,-0.0005627046585785153,T[C>T]A,unchanged,200
4,chr19:g.4048232C>T|cg21206277,ZBTB7A,-0.12495033640604358,T2_SBS96_CpG_distance50,chr5:g.140342661C>T|cg26306638,HBEGF,0.011401364764345834,T[C>T]A,unchanged,148
4,chr19:g.4048232C>T|cg21206277,ZBTB7A,-0.12495033640604358,T2_SBS96_CpG_distance50,chr6:g.47286542G>A|cg11209008,TNFRSF21,0.0006262753397162646,T[C>T]A,unchanged,109
4,chr19:g.4048232C>T|cg21206277,ZBTB7A,-0.12495033640604358,T2_SBS96_CpG_distance50,chr6:g.159819002C>T|cg21162003,PNLDC1,0.0024026952007158986,T[C>T]A,unchanged,204
4,chr19:g.4048232C>T|cg21206277,ZBTB7A,-0.12495033640604358,T2_SBS96_CpG_distance50,chr6:g.169248813G>A|cg16806245,THBS2,-0.0009222247876828904,T[C>T]A,unchanged,138
4,chr19:g.4048232C>T|cg21206277,ZBTB7A,-0.12495033640604358,T2_SBS96_CpG_distance50,chr7:g.37740441G>A|cg24995381,GPR141,0.00019082901554723364,T[C>T]A,unchanged,113
4,chr19:g.4048232C>T|cg21206277,ZBTB7A,-0.12495033640604358,T2_SBS96_CpG_distance50,chr7:g.100456950C>T|cg12283819,C7orf61,-0.004601958625886304,T[C>T]A,unchanged,131
4,chr19:g.4048232C>T|cg21206277,ZBTB7A,-0.12495033640604358,T2_SBS96_CpG_distance50,chr8:g.31032390C>T|cg02006610,PURG,-0.10418308914512608,T[C>T]A,unchanged,188
4,chr19:g.4048232C>T|cg21206277,ZBTB7A,-0.12495033640604358,T2_SBS96_CpG_distance50,chr8:g.79765266C>T|cg04101874,HEY1,0.007275765624823238,T[C>T]A,unchanged,120
4,chr19:g.4048232C>T|cg21206277,ZBTB7A,-0.12495033640604358,T2_SBS96_CpG_distance50,chr8:g.141228216C>T|cg09238000,SLC45A4,-0.002865522599440229,T[C>T]A,unchanged,137
4,chr19:g.4048232C>T|cg21206277,ZBTB7A,-0.12495033640604358,T2_SBS96_CpG_distance50,chr9:g.91724322G>A|cg01303059,ROR2,-0.002478748125562036,T[C>T]A,unchanged,114
5,chr3:g.122922265G>A|cg10783060,SEMA5B,-0.10821286778162481,T2_SBS96_CpG_distance50,chr1:g.22576513G>A|cg23242509,EPHA8,0.000296951105403398,T[C>T]T,unchanged,65
5,chr3:g.122922265G>A|cg10783060,SEMA5B,-0.10821286778162481,T2_SBS96_CpG_distance50,chr1:g.27551615G>A|cg23931121,AHDC1,-0.10214020837730697,T[C>T]T,unchanged,32
5,chr3:g.122922265G>A|cg10783060,SEMA5B,-0.10821286778162481,T2_SBS96_CpG_distance50,chr1:g.161505494G>A|cg27470554,FCGR2A,0.014960751820281004,T[C>T]T,unchanged,44
5,chr3:g.122922265G>A|cg10783060,SEMA5B,-0.10821286778162481,T2_SBS96_CpG_distance50,chr1:g.201999943C>T|cg20674658,RNPEP,0.015073196624263874,T[C>T]T,unchanged,59
5,chr3:g.122922265G>A|cg10783060,SEMA5B,-0.10821286778162481,T2_SBS96_CpG_distance50,chr1:g.202349083C>T|cg08990198,PPP1R12B,0.0007620175472086849,T[C>T]T,unchanged,16
5,chr3:g.122922265G>A|cg10783060,SEMA5B,-0.10821286778162481,T2_SBS96_CpG_distance50,chr1:g.223752883G>A|cg12129117,CAPN2,0.009240993122953456,T[C>T]T,unchanged,71
5,chr3:g.122922265G>A|cg10783060,SEMA5B,-0.10821286778162481,T2_SBS96_CpG_distance50,chr1:g.228341190C>T|cg00532451,OBSCN,0.0029057536569960796,T[C>T]T,unchanged,22
5,chr3:g.122922265G>A|cg10783060,SEMA5B,-0.10821286778162481,T2_SBS96_CpG_distance50,chr10:g.99330752G>A|cg15019541,CNNM1,-0.04569503724921842,T[C>T]T,unchanged,38
5,chr3:g.122922265G>A|cg10783060,SEMA5B,-0.10821286778162481,T2_SBS96_CpG_distance50,chr11:g.125626790G>A|cg00554702,CHEK1,0.0002606713451371867,T[C>T]T,unchanged,40
5,chr3:g.122922265G>A|cg10783060,SEMA5B,-0.10821286778162481,T2_SBS96_CpG_distance50,chr12:g.41573437G>A|cg15235614,PDZRN4,0.004462669761035598,T[C>T]T,unchanged,37
5,chr3:g.122922265G>A|cg10783060,SEMA5B,-0.10821286778162481,T2_SBS96_CpG_distance50,chr12:g.57475607C>T|cg05584759,ARHGAP9,-0.00034042169586544213,T[C>T]T,unchanged,31
5,chr3:g.122922265G>A|cg10783060,SEMA5B,-0.10821286778162481,T2_SBS96_CpG_distance50,chr12:g.121509621C>T|cg20395646,KDM2B,-0.03190686788669739,T[C>T]T,unchanged,9
5,chr3:g.122922265G>A|cg10783060,SEMA5B,-0.10821286778162481,T2_SBS96_CpG_distance50,chr15:g.89483184G>A|cg24382063,RHCG,0.01712933001226713,T[C>T]T,unchanged,82
5,chr3:g.122922265G>A|cg10783060,SEMA5B,-0.10821286778162481,T2_SBS96_CpG_distance50,chr16:g.1450620G>A|cg01852063,CLCN7,0.002674764394274276,T[C>T]T,unchanged,54
5,chr3:g.122922265G>A|cg10783060,SEMA5B,-0.10821286778162481,T2_SBS96_CpG_distance50,chr16:g.3966693C>T|cg09152120,ADCY9,-0.012943537565058949,T[C>T]T,unchanged,25
5,chr3:g.122922265G>A|cg10783060,SEMA5B,-0.10821286778162481,T2_SBS96_CpG_distance50,chr16:g.30583151G>A|cg08103107,ZNF785,-0.0007348585510348338,T[C>T]T,unchanged,4
5,chr3:g.122922265G>A|cg10783060,SEMA5B,-0.10821286778162481,T2_SBS96_CpG_distance50,chr19:g.3575620G>A|cg13437146,HMG20B,0.0378550896181955,T[C>T]T,unchanged,80
5,chr3:g.122922265G>A|cg10783060,SEMA5B,-0.10821286778162481,T2_SBS96_CpG_distance50,chr19:g.9160218G>A|cg01914743,ZNF317,0.0005756789347606261,T[C>T]T,unchanged,13
5,chr3:g.122922265G>A|cg10783060,SEMA5B,-0.10821286778162481,T2_SBS96_CpG_distance50,chr19:g.14972733G>A|cg06192619,SLC1A6,-0.0015747793263816146,T[C>T]T,unchanged,71
5,chr3:g.122922265G>A|cg10783060,SEMA5B,-0.10821286778162481,T2_SBS96_CpG_distance50,chr19:g.39498980C>T|cg21718857,DLL3,0.0036545597461262666,T[C>T]T,unchanged,28
5,chr3:g.122922265G>A|cg10783060,SEMA5B,-0.10821286778162481,T2_SBS96_CpG_distance50,chr19:g.42095557C>T|cg06178887,POU2F2,-0.013375052793018094,T[C>T]T,unchanged,78
5,chr3:g.122922265G>A|cg10783060,SEMA5B,-0.10821286778162481,T2_SBS96_CpG_distance50,chr2:g.74515651C>T|cg19656282,TLX2,-0.01759653672060693,T[C>T]T,unchanged,8
5,chr3:g.122922265G>A|cg10783060,SEMA5B,-0.10821286778162481,T2_SBS96_CpG_distance50,chr21:g.28992794C>T|cg08249556,LTN1,0.00028971467077733987,T[C>T]T,unchanged,11
5,chr3:g.122922265G>A|cg10783060,SEMA5B,-0.10821286778162481,T2_SBS96_CpG_distance50,chr22:g.26499377G>A|cg00365963,TFIP11,0.0018070929965890992,T[C>T]T,unchanged,19
5,chr3:g.122922265G>A|cg10783060,SEMA5B,-0.10821286778162481,T2_SBS96_CpG_distance50,chr3:g.15074684G>A|cg04428799,RBSN,0.006933168816761204,T[C>T]T,unchanged,27
5,chr3:g.122922265G>A|cg10783060,SEMA5B,-0.10821286778162481,T2_SBS96_CpG_distance50,chr3:g.52690608G>A|cg00447581,GNL3,-0.0007685867330951002,T[C>T]T,unchanged,46
5,chr3:g.122922265G>A|cg10783060,SEMA5B,-0.10821286778162481,T2_SBS96_CpG_distance50,chr3:g.123734093C>T|cg17787502,MYLK,0.04339254922010105,T[C>T]T,unchanged,54
5,chr3:g.122922265G>A|cg10783060,SEMA5B,-0.10821286778162481,T2_SBS96_CpG_distance50,chr4:g.3233330C>T|cg06609182,HTT,-0.0008359752824131927,T[C>T]T,unchanged,57
5,chr3:g.122922265G>A|cg10783060,SEMA5B,-0.10821286778162481,T2_SBS96_CpG_distance50,chr5:g.141388712G>A|cg09570348,PCDHGB4,-0.0014088606322176789,T[C>T]T,unchanged,28
5,chr3:g.122922265G>A|cg10783060,SEMA5B,-0.10821286778162481,T2_SBS96_CpG_distance50,chr5:g.141511158G>A|cg15004405,PCDHGA12,-0.018146722237764923,T[C>T]T,unchanged,7
5,chr3:g.122922265G>A|cg10783060,SEMA5B,-0.10821286778162481,T2_SBS96_CpG_distance50,chr5:g.171456682G>A|cg13396201,FGF18,-0.001909746787596145,T[C>T]T,unchanged,5
5,chr3:g.122922265G>A|cg10783060,SEMA5B,-0.10821286778162481,T2_SBS96_CpG_distance50,chr6:g.26055880C>T|cg07750111,H1-2,0.0024555601243260727,T[C>T]T,unchanged,60
5,chr3:g.122922265G>A|cg10783060,SEMA5B,-0.10821286778162481,T2_SBS96_CpG_distance50,chr6:g.27810226G>A|cg15410276,H3C10,0.0002638594543173181,T[C>T]T,unchanged,72
5,chr3:g.122922265G>A|cg10783060,SEMA5B,-0.10821286778162481,T2_SBS96_CpG_distance50,chr7:g.120856704G>A|cg03913921,TSPAN12,-0.02328439642188046,T[C>T]T,unchanged,69
5,chr3:g.122922265G>A|cg10783060,SEMA5B,-0.10821286778162481,T2_SBS96_CpG_distance50,chr7:g.149104740C>T|cg24392299,ZNF425,-0.0009413817144880987,T[C>T]T,unchanged,24
5,chr3:g.122922265G>A|cg10783060,SEMA5B,-0.10821286778162481,T2_SBS96_CpG_distance50,chr7:g.151076177G>A|cg20898078,SLC4A2,-0.007655356918440659,T[C>T]T,unchanged,38
5,chr3:g.122922265G>A|cg10783060,SEMA5B,-0.10821286778162481,T2_SBS96_CpG_distance50,chr9:g.99069811G>A|cg14424210,COL15A1,0.0,T[C>T]T,unchanged,49
6,chr8:g.31032390C>T|cg02006610,PURG,-0.10418308914512608,T2_SBS96_CpG_distance50,chr1:g.26346316C>T|cg00830850,CRYBG2,0.0009744214423793585,T[C>T]A,unchanged,158
6,chr8:g.31032390C>T|cg02006610,PURG,-0.10418308914512608,T2_SBS96_CpG_distance50,chr1:g.205770789G>A|cg05364141,RAB29,-8.652194524805257e-05,T[C>T]A,unchanged,235
6,chr8:g.31032390C>T|cg02006610,PURG,-0.10418308914512608,T2_SBS96_CpG_distance50,chr10:g.104314999C>T|cg03588966,ITPRIP,-0.0006214300384295157,T[C>T]A,unchanged,217
6,chr8:g.31032390C>T|cg02006610,PURG,-0.10418308914512608,T2_SBS96_CpG_distance50,chr11:g.7653161C>T|cg06416026,PPFIBP2,0.0023004746890930017,T[C>T]A,unchanged,143
6,chr8:g.31032390C>T|cg02006610,PURG,-0.10418308914512608,T2_SBS96_CpG_distance50,chr11:g.66848950C>T|cg08924969,PC,-0.0024716229281910307,T[C>T]A,unchanged,194
6,chr8:g.31032390C>T|cg02006610,PURG,-0.10418308914512608,T2_SBS96_CpG_distance50,chr11:g.116957017C>T|cg19006628,SIK3,0.00010538167166984636,T[C>T]A,unchanged,217
6,chr8:g.31032390C>T|cg02006610,PURG,-0.10418308914512608,T2_SBS96_CpG_distance50,chr11:g.122851829G>A|cg01659052,CRTAM,0.01390793344996999,T[C>T]A,unchanged,225
6,chr8:g.31032390C>T|cg02006610,PURG,-0.10418308914512608,T2_SBS96_CpG_distance50,chr12:g.117330785G>A|cg11854928,NOS1,-0.0006629373351642043,T[C>T]A,unchanged,164
6,chr8:g.31032390C>T|cg02006610,PURG,-0.10418308914512608,T2_SBS96_CpG_distance50,chr13:g.98688302G>A|cg20568691,SLC15A1,-0.005172663212008266,T[C>T]A,unchanged,158
6,chr8:g.31032390C>T|cg02006610,PURG,-0.10418308914512608,T2_SBS96_CpG_distance50,chr15:g.75676390C>T|cg00683665,CSPG4,0.0008407564525191313,T[C>T]A,unchanged,145
6,chr8:g.31032390C>T|cg02006610,PURG,-0.10418308914512608,T2_SBS96_CpG_distance50,chr15:g.101721269C>T|cg14588686,TARS3,0.007034875166480936,T[C>T]A,unchanged,221
6,chr8:g.31032390C>T|cg02006610,PURG,-0.10418308914512608,T2_SBS96_CpG_distance50,chr16:g.2281099C>T|cg02124920,ABCA3,-0.0010676606760736673,T[C>T]A,unchanged,165
6,chr8:g.31032390C>T|cg02006610,PURG,-0.10418308914512608,T2_SBS96_CpG_distance50,chr16:g.67378687G>A|cg02210621,LRRC36,0.0,T[C>T]A,unchanged,159
6,chr8:g.31032390C>T|cg02006610,PURG,-0.10418308914512608,T2_SBS96_CpG_distance50,chr17:g.18246397G>A|cg09922349,FLII,-0.008484873494749468,T[C>T]A,unchanged,179
6,chr8:g.31032390C>T|cg02006610,PURG,-0.10418308914512608,T2_SBS96_CpG_distance50,chr18:g.62979185G>A|cg13381110,PHLPP1,-0.024775720701081638,T[C>T]A,unchanged,196
6,chr8:g.31032390C>T|cg02006610,PURG,-0.10418308914512608,T2_SBS96_CpG_distance50,chr19:g.4048232C>T|cg21206277,ZBTB7A,-0.12495033640604358,T[C>T]A,unchanged,155
6,chr8:g.31032390C>T|cg02006610,PURG,-0.10418308914512608,T2_SBS96_CpG_distance50,chr19:g.49808614C>T|cg19856145,FUZ,-0.00538536674727999,T[C>T]A,unchanged,237
6,chr8:g.31032390C>T|cg02006610,PURG,-0.10418308914512608,T2_SBS96_CpG_distance50,chr2:g.88091035C>T|cg18115724,SMYD1,-0.00023715127912216083,T[C>T]A,unchanged,178
6,chr8:g.31032390C>T|cg02006610,PURG,-0.10418308914512608,T2_SBS96_CpG_distance50,chr2:g.127559734C>T|cg14302612,MYO7B,-0.04925470095086426,T[C>T]A,unchanged,139
6,chr8:g.31032390C>T|cg02006610,PURG,-0.10418308914512608,T2_SBS96_CpG_distance50,chr2:g.127590136C>T|cg23898305,MYO7B,-0.035056762467170266,T[C>T]A,unchanged,190
6,chr8:g.31032390C>T|cg02006610,PURG,-0.10418308914512608,T2_SBS96_CpG_distance50,chr22:g.39743763C>T|cg11757326,ENTHD1,-0.0030456426183270713,T[C>T]A,unchanged,142
6,chr8:g.31032390C>T|cg02006610,PURG,-0.10418308914512608,T2_SBS96_CpG_distance50,chr22:g.49884145G>A|cg05080787,ZBED4,0.0015188596575120838,T[C>T]A,unchanged,155
6,chr8:g.31032390C>T|cg02006610,PURG,-0.10418308914512608,T2_SBS96_CpG_distance50,chr3:g.50182954G>A|cg19929403,SEMA3F,0.00018034290958079957,T[C>T]A,unchanged,182
6,chr8:g.31032390C>T|cg02006610,PURG,-0.10418308914512608,T2_SBS96_CpG_distance50,chr3:g.98532234G>A|cg19859270,GPR15,0.0011125487663666833,T[C>T]A,unchanged,216
6,chr8:g.31032390C>T|cg02006610,PURG,-0.10418308914512608,T2_SBS96_CpG_distance50,chr4:g.48341832G>A|cg13323912,SLAIN2,-0.0005627046585785153,T[C>T]A,unchanged,200
6,chr8:g.31032390C>T|cg02006610,PURG,-0.10418308914512608,T2_SBS96_CpG_distance50,chr5:g.140342661C>T|cg26306638,HBEGF,0.011401364764345834,T[C>T]A,unchanged,148
6,chr8:g.31032390C>T|cg02006610,PURG,-0.10418308914512608,T2_SBS96_CpG_distance50,chr6:g.159819002C>T|cg21162003,PNLDC1,0.0024026952007158986,T[C>T]A,unchanged,204
6,chr8:g.31032390C>T|cg02006610,PURG,-0.10418308914512608,T2_SBS96_CpG_distance50,chr6:g.169248813G>A|cg16806245,THBS2,-0.0009222247876828904,T[C>T]A,unchanged,138
6,chr8:g.31032390C>T|cg02006610,PURG,-0.10418308914512608,T2_SBS96_CpG_distance50,chr7:g.152121587G>A|cg19231743,GALNT11,0.0015126897162931474,T[C>T]A,unchanged,218
6,chr8:g.31032390C>T|cg02006610,PURG,-0.10418308914512608,T2_SBS96_CpG_distance50,chr8:g.41265320G>A|cg16667459,SFRP1,-0.00041470357481887543,T[C>T]A,unchanged,226
6,chr8:g.31032390C>T|cg02006610,PURG,-0.10418308914512608,T2_SBS96_CpG_distance50,chr8:g.144096617C>T|cg03576425,CYC1,0.0018006213786085912,T[C>T]A,unchanged,235
6,chr8:g.31032390C>T|cg02006610,PURG,-0.10418308914512608,T2_SBS96_CpG_distance50,chr9:g.133789296C>T|cg13754665,VAV2,0.006573307202660139,T[C>T]A,unchanged,213
6,chr8:g.31032390C>T|cg02006610,PURG,-0.10418308914512608,T2_SBS96_CpG_distance50,chr9:g.135822459G>A|cg14020379,CAMSAP1,0.002613103385245341,T[C>T]A,unchanged,215
7,chr1:g.27551615G>A|cg23931121,AHDC1,-0.10214020837730697,T2_SBS96_CpG_distance50,chr1:g.22576513G>A|cg23242509,EPHA8,0.000296951105403398,T[C>T]T,unchanged,65
7,chr1:g.27551615G>A|cg23931121,AHDC1,-0.10214020837730697,T2_SBS96_CpG_distance50,chr1:g.161505494G>A|cg27470554,FCGR2A,0.014960751820281004,T[C>T]T,unchanged,44
7,chr1:g.27551615G>A|cg23931121,AHDC1,-0.10214020837730697,T2_SBS96_CpG_distance50,chr1:g.201999943C>T|cg20674658,RNPEP,0.015073196624263874,T[C>T]T,unchanged,59
7,chr1:g.27551615G>A|cg23931121,AHDC1,-0.10214020837730697,T2_SBS96_CpG_distance50,chr1:g.202349083C>T|cg08990198,PPP1R12B,0.0007620175472086849,T[C>T]T,unchanged,16
7,chr1:g.27551615G>A|cg23931121,AHDC1,-0.10214020837730697,T2_SBS96_CpG_distance50,chr1:g.223752883G>A|cg12129117,CAPN2,0.009240993122953456,T[C>T]T,unchanged,71
7,chr1:g.27551615G>A|cg23931121,AHDC1,-0.10214020837730697,T2_SBS96_CpG_distance50,chr1:g.228341190C>T|cg00532451,OBSCN,0.0029057536569960796,T[C>T]T,unchanged,22
7,chr1:g.27551615G>A|cg23931121,AHDC1,-0.10214020837730697,T2_SBS96_CpG_distance50,chr10:g.99330752G>A|cg15019541,CNNM1,-0.04569503724921842,T[C>T]T,unchanged,38
7,chr1:g.27551615G>A|cg23931121,AHDC1,-0.10214020837730697,T2_SBS96_CpG_distance50,chr11:g.125626790G>A|cg00554702,CHEK1,0.0002606713451371867,T[C>T]T,unchanged,40
7,chr1:g.27551615G>A|cg23931121,AHDC1,-0.10214020837730697,T2_SBS96_CpG_distance50,chr12:g.41573437G>A|cg15235614,PDZRN4,0.004462669761035598,T[C>T]T,unchanged,37
7,chr1:g.27551615G>A|cg23931121,AHDC1,-0.10214020837730697,T2_SBS96_CpG_distance50,chr12:g.57475607C>T|cg05584759,ARHGAP9,-0.00034042169586544213,T[C>T]T,unchanged,31
7,chr1:g.27551615G>A|cg23931121,AHDC1,-0.10214020837730697,T2_SBS96_CpG_distance50,chr12:g.121509621C>T|cg20395646,KDM2B,-0.03190686788669739,T[C>T]T,unchanged,9
7,chr1:g.27551615G>A|cg23931121,AHDC1,-0.10214020837730697,T2_SBS96_CpG_distance50,chr15:g.89483184G>A|cg24382063,RHCG,0.01712933001226713,T[C>T]T,unchanged,82
7,chr1:g.27551615G>A|cg23931121,AHDC1,-0.10214020837730697,T2_SBS96_CpG_distance50,chr16:g.1450620G>A|cg01852063,CLCN7,0.002674764394274276,T[C>T]T,unchanged,54
7,chr1:g.27551615G>A|cg23931121,AHDC1,-0.10214020837730697,T2_SBS96_CpG_distance50,chr16:g.3966693C>T|cg09152120,ADCY9,-0.012943537565058949,T[C>T]T,unchanged,25
7,chr1:g.27551615G>A|cg23931121,AHDC1,-0.10214020837730697,T2_SBS96_CpG_distance50,chr16:g.30583151G>A|cg08103107,ZNF785,-0.0007348585510348338,T[C>T]T,unchanged,4
7,chr1:g.27551615G>A|cg23931121,AHDC1,-0.10214020837730697,T2_SBS96_CpG_distance50,chr19:g.3575620G>A|cg13437146,HMG20B,0.0378550896181955,T[C>T]T,unchanged,80
7,chr1:g.27551615G>A|cg23931121,AHDC1,-0.10214020837730697,T2_SBS96_CpG_distance50,chr19:g.9160218G>A|cg01914743,ZNF317,0.0005756789347606261,T[C>T]T,unchanged,13
7,chr1:g.27551615G>A|cg23931121,AHDC1,-0.10214020837730697,T2_SBS96_CpG_distance50,chr19:g.14972733G>A|cg06192619,SLC1A6,-0.0015747793263816146,T[C>T]T,unchanged,71
7,chr1:g.27551615G>A|cg23931121,AHDC1,-0.10214020837730697,T2_SBS96_CpG_distance50,chr19:g.39498980C>T|cg21718857,DLL3,0.0036545597461262666,T[C>T]T,unchanged,28
7,chr1:g.27551615G>A|cg23931121,AHDC1,-0.10214020837730697,T2_SBS96_CpG_distance50,chr19:g.42095557C>T|cg06178887,POU2F2,-0.013375052793018094,T[C>T]T,unchanged,78
7,chr1:g.27551615G>A|cg23931121,AHDC1,-0.10214020837730697,T2_SBS96_CpG_distance50,chr2:g.74515651C>T|cg19656282,TLX2,-0.01759653672060693,T[C>T]T,unchanged,8
7,chr1:g.27551615G>A|cg23931121,AHDC1,-0.10214020837730697,T2_SBS96_CpG_distance50,chr21:g.28992794C>T|cg08249556,LTN1,0.00028971467077733987,T[C>T]T,unchanged,11
7,chr1:g.27551615G>A|cg23931121,AHDC1,-0.10214020837730697,T2_SBS96_CpG_distance50,chr22:g.26499377G>A|cg00365963,TFIP11,0.0018070929965890992,T[C>T]T,unchanged,19
7,chr1:g.27551615G>A|cg23931121,AHDC1,-0.10214020837730697,T2_SBS96_CpG_distance50,chr3:g.15074684G>A|cg04428799,RBSN,0.006933168816761204,T[C>T]T,unchanged,27
7,chr1:g.27551615G>A|cg23931121,AHDC1,-0.10214020837730697,T2_SBS96_CpG_distance50,chr3:g.52690608G>A|cg00447581,GNL3,-0.0007685867330951002,T[C>T]T,unchanged,46
7,chr1:g.27551615G>A|cg23931121,AHDC1,-0.10214020837730697,T2_SBS96_CpG_distance50,chr3:g.122922265G>A|cg10783060,SEMA5B,-0.10821286778162481,T[C>T]T,unchanged,32
7,chr1:g.27551615G>A|cg23931121,AHDC1,-0.10214020837730697,T2_SBS96_CpG_distance50,chr3:g.123734093C>T|cg17787502,MYLK,0.04339254922010105,T[C>T]T,unchanged,54
7,chr1:g.27551615G>A|cg23931121,AHDC1,-0.10214020837730697,T2_SBS96_CpG_distance50,chr4:g.3233330C>T|cg06609182,HTT,-0.0008359752824131927,T[C>T]T,unchanged,57
7,chr1:g.27551615G>A|cg23931121,AHDC1,-0.10214020837730697,T2_SBS96_CpG_distance50,chr5:g.141388712G>A|cg09570348,PCDHGB4,-0.0014088606322176789,T[C>T]T,unchanged,28
7,chr1:g.27551615G>A|cg23931121,AHDC1,-0.10214020837730697,T2_SBS96_CpG_distance50,chr5:g.141511158G>A|cg15004405,PCDHGA12,-0.018146722237764923,T[C>T]T,unchanged,7
7,chr1:g.27551615G>A|cg23931121,AHDC1,-0.10214020837730697,T2_SBS96_CpG_distance50,chr5:g.171456682G>A|cg13396201,FGF18,-0.001909746787596145,T[C>T]T,unchanged,5
7,chr1:g.27551615G>A|cg23931121,AHDC1,-0.10214020837730697,T2_SBS96_CpG_distance50,chr6:g.26055880C>T|cg07750111,H1-2,0.0024555601243260727,T[C>T]T,unchanged,60
7,chr1:g.27551615G>A|cg23931121,AHDC1,-0.10214020837730697,T2_SBS96_CpG_distance50,chr6:g.27810226G>A|cg15410276,H3C10,0.0002638594543173181,T[C>T]T,unchanged,72
7,chr1:g.27551615G>A|cg23931121,AHDC1,-0.10214020837730697,T2_SBS96_CpG_distance50,chr7:g.120856704G>A|cg03913921,TSPAN12,-0.02328439642188046,T[C>T]T,unchanged,69
7,chr1:g.27551615G>A|cg23931121,AHDC1,-0.10214020837730697,T2_SBS96_CpG_distance50,chr7:g.149104740C>T|cg24392299,ZNF425,-0.0009413817144880987,T[C>T]T,unchanged,24
7,chr1:g.27551615G>A|cg23931121,AHDC1,-0.10214020837730697,T2_SBS96_CpG_distance50,chr7:g.151076177G>A|cg20898078,SLC4A2,-0.007655356918440659,T[C>T]T,unchanged,38
7,chr1:g.27551615G>A|cg23931121,AHDC1,-0.10214020837730697,T2_SBS96_CpG_distance50,chr9:g.99069811G>A|cg14424210,COL15A1,0.0,T[C>T]T,unchanged,49
8,chr11:g.64207400C>T|cg20136100,FERMT3,-0.0960944559745106,T3_SBS96_CpG_distance100,chr1:g.16986484G>A|cg20792826,ATP13A2,-0.0063086381770107725,T[C>T]G,destroyed,69
8,chr11:g.64207400C>T|cg20136100,FERMT3,-0.0960944559745106,T3_SBS96_CpG_distance100,chr1:g.235993778G>A|cg07578215,NID1,-0.009746302554171304,T[C>T]G,destroyed,36
8,chr11:g.64207400C>T|cg20136100,FERMT3,-0.0960944559745106,T3_SBS96_CpG_distance100,chr1:g.236744762C>T|cg15578091,ACTN2,-0.0018725325840646123,T[C>T]G,destroyed,2
8,chr11:g.64207400C>T|cg20136100,FERMT3,-0.0960944559745106,T3_SBS96_CpG_distance100,chr10:g.101829188C>T|cg04368939,KCNIP2,-0.06351585140913463,T[C>T]G,destroyed,31
8,chr11:g.64207400C>T|cg20136100,FERMT3,-0.0960944559745106,T3_SBS96_CpG_distance100,chr12:g.54000353C>T|cg25456468,HOXC9,0.001839131826942328,T[C>T]G,destroyed,21
8,chr11:g.64207400C>T|cg20136100,FERMT3,-0.0960944559745106,T3_SBS96_CpG_distance100,chr15:g.63277677C>T|cg19574017,APH1B,0.002014086760734321,T[C>T]G,destroyed,42
8,chr11:g.64207400C>T|cg20136100,FERMT3,-0.0960944559745106,T3_SBS96_CpG_distance100,chr17:g.7447082C>T|cg19440264,CHRNB1,-0.025525188217326855,T[C>T]G,destroyed,12
8,chr11:g.64207400C>T|cg20136100,FERMT3,-0.0960944559745106,T3_SBS96_CpG_distance100,chr19:g.31279298G>A|cg03555203,TSHZ3,-0.001661108265230471,T[C>T]G,destroyed,16
8,chr11:g.64207400C>T|cg20136100,FERMT3,-0.0960944559745106,T3_SBS96_CpG_distance100,chr2:g.230046367G>A|cg21540962,SLC16A14,-0.003161123364017304,T[C>T]G,destroyed,79
8,chr11:g.64207400C>T|cg20136100,FERMT3,-0.0960944559745106,T3_SBS96_CpG_distance100,chr20:g.49257606G>A|cg01332882,ZNFX1,-0.008926778184903617,T[C>T]G,destroyed,12
8,chr11:g.64207400C>T|cg20136100,FERMT3,-0.0960944559745106,T3_SBS96_CpG_distance100,chr22:g.37207471G>A|cg07002295,SSTR3,0.00010538167166984636,T[C>T]G,destroyed,72
8,chr11:g.64207400C>T|cg20136100,FERMT3,-0.0960944559745106,T3_SBS96_CpG_distance100,chr22:g.50312184G>A|cg22016859,DENND6B,-0.06874895799201608,T[C>T]G,destroyed,64
8,chr11:g.64207400C>T|cg20136100,FERMT3,-0.0960944559745106,T3_SBS96_CpG_distance100,chr3:g.32570741G>A|cg18602811,DYNC1LI1,0.003154518515047784,T[C>T]G,destroyed,20
8,chr11:g.64207400C>T|cg20136100,FERMT3,-0.0960944559745106,T3_SBS96_CpG_distance100,chr3:g.56755032G>A|cg12835118,ARHGEF3,0.02180861613999907,T[C>T]G,destroyed,50
8,chr11:g.64207400C>T|cg20136100,FERMT3,-0.0960944559745106,T3_SBS96_CpG_distance100,chr3:g.141443168G>A|cg03582793,ZBTB38,0.0,T[C>T]G,destroyed,10
8,chr11:g.64207400C>T|cg20136100,FERMT3,-0.0960944559745106,T3_SBS96_CpG_distance100,chr3:g.155853587G>A|cg21538020,SLC33A1,0.0,T[C>T]G,destroyed,5
8,chr11:g.64207400C>T|cg20136100,FERMT3,-0.0960944559745106,T3_SBS96_CpG_distance100,chr5:g.37370888G>A|cg07841463,NUP155,0.0066021071859396,T[C>T]G,destroyed,23
8,chr11:g.64207400C>T|cg20136100,FERMT3,-0.0960944559745106,T3_SBS96_CpG_distance100,chr5:g.141173516C>T|cg01228941,PCDHB7,0.046604040692042936,T[C>T]G,destroyed,6
8,chr11:g.64207400C>T|cg20136100,FERMT3,-0.0960944559745106,T3_SBS96_CpG_distance100,chr6:g.36368953G>A|cg20447038,ETV7,0.0076764123570050025,T[C>T]G,destroyed,95
8,chr11:g.64207400C>T|cg20136100,FERMT3,-0.0960944559745106,T3_SBS96_CpG_distance100,chr7:g.74174395C>T|cg06739182,EIF4H,-0.00016590449739643798,T[C>T]G,destroyed,23
8,chr11:g.64207400C>T|cg20136100,FERMT3,-0.0960944559745106,T3_SBS96_CpG_distance100,chr8:g.38176288G>A|cg27087572,LSM1,0.0005048339101298809,T[C>T]G,destroyed,79
9,chr9:g.122226983C>T|cg21213617,LHX6,0.08326869955117783,T4_SBS6_CpG_distance100,chr1:g.1331929C>T|cg06802641,TAS1R3,0.0021207217342441576,T[C>T]A,unchanged,57
9,chr9:g.122226983C>T|cg21213617,LHX6,0.08326869955117783,T4_SBS6_CpG_distance100,chr1:g.6128067C>T|cg12135344,CHD5,-0.1606183787550376,C[C>T]A,unchanged,7
9,chr9:g.122226983C>T|cg21213617,LHX6,0.08326869955117783,T4_SBS6_CpG_distance100,chr1:g.22576513G>A|cg23242509,EPHA8,0.000296951105403398,T[C>T]T,unchanged,65
9,chr9:g.122226983C>T|cg21213617,LHX6,0.08326869955117783,T4_SBS6_CpG_distance100,chr1:g.27551615G>A|cg23931121,AHDC1,-0.10214020837730697,T[C>T]T,unchanged,32
9,chr9:g.122226983C>T|cg21213617,LHX6,0.08326869955117783,T4_SBS6_CpG_distance100,chr1:g.31006009G>A|cg18327385,PUM1,-0.004225769944074531,T[C>T]A,unchanged,91
9,chr9:g.122226983C>T|cg21213617,LHX6,0.08326869955117783,T4_SBS6_CpG_distance100,chr1:g.43619297G>A|cg15086746,PTPRF,0.0022243533453359943,C[C>T]A,unchanged,3
9,chr9:g.122226983C>T|cg21213617,LHX6,0.08326869955117783,T4_SBS6_CpG_distance100,chr1:g.100539143C>T|cg16007456,GPR88,0.00030459236007472634,T[C>T]C,unchanged,61
9,chr9:g.122226983C>T|cg21213617,LHX6,0.08326869955117783,T4_SBS6_CpG_distance100,chr1:g.153638310G>A|cg02482497,CHTOP,-0.013853806242566935,T[C>T]A,unchanged,114
9,chr9:g.122226983C>T|cg21213617,LHX6,0.08326869955117783,T4_SBS6_CpG_distance100,chr1:g.161100107G>A|cg27582585,KLHDC9,0.0021537734460984614,T[C>T]C,unchanged,58
9,chr9:g.122226983C>T|cg21213617,LHX6,0.08326869955117783,T4_SBS6_CpG_distance100,chr1:g.161505494G>A|cg27470554,FCGR2A,0.014960751820281004,T[C>T]T,unchanged,44
9,chr9:g.122226983C>T|cg21213617,LHX6,0.08326869955117783,T4_SBS6_CpG_distance100,chr1:g.201999943C>T|cg20674658,RNPEP,0.015073196624263874,T[C>T]T,unchanged,59
9,chr9:g.122226983C>T|cg21213617,LHX6,0.08326869955117783,T4_SBS6_CpG_distance100,chr1:g.202349083C>T|cg08990198,PPP1R12B,0.0007620175472086849,T[C>T]T,unchanged,16
9,chr9:g.122226983C>T|cg21213617,LHX6,0.08326869955117783,T4_SBS6_CpG_distance100,chr1:g.204455996G>A|cg27047255,PIK3C2B,0.02102808766286257,G[C>T]A,unchanged,47
9,chr9:g.122226983C>T|cg21213617,LHX6,0.08326869955117783,T4_SBS6_CpG_distance100,chr1:g.223752883G>A|cg12129117,CAPN2,0.009240993122953456,T[C>T]T,unchanged,71
9,chr9:g.122226983C>T|cg21213617,LHX6,0.08326869955117783,T4_SBS6_CpG_distance100,chr1:g.226986479C>T|cg21157446,COQ8A,-0.008393993624942198,C[C>T]A,unchanged,104
9,chr9:g.122226983C>T|cg21213617,LHX6,0.08326869955117783,T4_SBS6_CpG_distance100,chr1:g.228341190C>T|cg00532451,OBSCN,0.0029057536569960796,T[C>T]T,unchanged,22
9,chr9:g.122226983C>T|cg21213617,LHX6,0.08326869955117783,T4_SBS6_CpG_distance100,chr1:g.230249239G>A|cg03961853,GALNT2,-0.028519572992056097,A[C>T]C,unchanged,4
9,chr9:g.122226983C>T|cg21213617,LHX6,0.08326869955117783,T4_SBS6_CpG_distance100,chr1:g.240123297C>T|cg00816406,FMN2,-0.030079813872228883,T[C>T]A,unchanged,29
9,chr9:g.122226983C>T|cg21213617,LHX6,0.08326869955117783,T4_SBS6_CpG_distance100,chr10:g.73498662G>A|cg08971769,USP54,0.0003143731264373395,T[C>T]A,unchanged,93
9,chr9:g.122226983C>T|cg21213617,LHX6,0.08326869955117783,T4_SBS6_CpG_distance100,chr10:g.75029366G>A|cg05791881,KAT6B,0.00012367319026973522,G[C>T]T,unchanged,90
9,chr9:g.122226983C>T|cg21213617,LHX6,0.08326869955117783,T4_SBS6_CpG_distance100,chr10:g.91630479C>T|cg18354248,PPP1R3C,-0.00521948886824708,T[C>T]A,unchanged,75
9,chr9:g.122226983C>T|cg21213617,LHX6,0.08326869955117783,T4_SBS6_CpG_distance100,chr10:g.99330752G>A|cg15019541,CNNM1,-0.04569503724921842,T[C>T]T,unchanged,38
9,chr9:g.122226983C>T|cg21213617,LHX6,0.08326869955117783,T4_SBS6_CpG_distance100,chr10:g.102108153G>A|cg09828580,LDB1,0.0017397716149890607,G[C>T]A,unchanged,97
9,chr9:g.122226983C>T|cg21213617,LHX6,0.08326869955117783,T4_SBS6_CpG_distance100,chr10:g.111079229C>T|cg05329352,ADRA2A,0.0005328705154191427,T[C>T]A,unchanged,4
9,chr9:g.122226983C>T|cg21213617,LHX6,0.08326869955117783,T4_SBS6_CpG_distance100,chr11:g.792901C>T|cg19262958,SLC25A22,-0.0004100481400494127,T[C>T]A,unchanged,40
9,chr9:g.122226983C>T|cg21213617,LHX6,0.08326869955117783,T4_SBS6_CpG_distance100,chr11:g.1445598C>T|cg19494188,BRSK2,0.0051242160452690255,T[C>T]C,unchanged,48
9,chr9:g.122226983C>T|cg21213617,LHX6,0.08326869955117783,T4_SBS6_CpG_distance100,chr11:g.1558979G>A|cg02248763,DUSP8,-0.019580810376433222,T[C>T]T,unchanged,111
9,chr9:g.122226983C>T|cg21213617,LHX6,0.08326869955117783,T4_SBS6_CpG_distance100,chr11:g.1841186C>T|cg05258834,TNNI2,-0.012372573083476057,T[C>T]A,unchanged,61
9,chr9:g.122226983C>T|cg21213617,LHX6,0.08326869955117783,T4_SBS6_CpG_distance100,chr11:g.34139425C>T|cg09508189,NAT10,0.002228118996849271,T[C>T]A,unchanged,77
9,chr9:g.122226983C>T|cg21213617,LHX6,0.08326869955117783,T4_SBS6_CpG_distance100,chr11:g.34139416C>T|cg09508189,NAT10,-0.010647944779844654,C[C>T]T,unchanged,86
9,chr9:g.122226983C>T|cg21213617,LHX6,0.08326869955117783,T4_SBS6_CpG_distance100,chr11:g.62690862C>T|cg13835337,BSCL2,0.015053017990691586,T[C>T]A,unchanged,111
9,chr9:g.122226983C>T|cg21213617,LHX6,0.08326869955117783,T4_SBS6_CpG_distance100,chr11:g.64859966G>A|cg01151584,EHD1,0.005203479034866287,T[C>T]A,unchanged,90
9,chr9:g.122226983C>T|cg21213617,LHX6,0.08326869955117783,T4_SBS6_CpG_distance100,chr11:g.125626790G>A|cg00554702,CHEK1,0.0002606713451371867,T[C>T]T,unchanged,40
9,chr9:g.122226983C>T|cg21213617,LHX6,0.08326869955117783,T4_SBS6_CpG_distance100,chr12:g.6621081C>T|cg16119239,LPAR5,-0.007501825717325938,C[C>T]A,unchanged,62
9,chr9:g.122226983C>T|cg21213617,LHX6,0.08326869955117783,T4_SBS6_CpG_distance100,chr12:g.7128270G>A|cg14672128,RBP5,-0.0009438878048879662,A[C>T]C,unchanged,46
9,chr9:g.122226983C>T|cg21213617,LHX6,0.08326869955117783,T4_SBS6_CpG_distance100,chr12:g.12465632G>A|cg06534724,BORCS5,0.0029596715426645215,T[C>T]A,unchanged,25
9,chr9:g.122226983C>T|cg21213617,LHX6,0.08326869955117783,T4_SBS6_CpG_distance100,chr12:g.41573437G>A|cg15235614,PDZRN4,0.004462669761035598,T[C>T]T,unchanged,37
9,chr9:g.122226983C>T|cg21213617,LHX6,0.08326869955117783,T4_SBS6_CpG_distance100,chr12:g.57475607C>T|cg05584759,ARHGAP9,-0.00034042169586544213,T[C>T]T,unchanged,31
9,chr9:g.122226983C>T|cg21213617,LHX6,0.08326869955117783,T4_SBS6_CpG_distance100,chr12:g.101830636G>A|cg06554542,GNPTAB,-0.0020808373971148847,C[C>T]T,unchanged,39
9,chr9:g.122226983C>T|cg21213617,LHX6,0.08326869955117783,T4_SBS6_CpG_distance100,chr12:g.121509621C>T|cg20395646,KDM2B,-0.03190686788669739,T[C>T]T,unchanged,9
9,chr9:g.122226983C>T|cg21213617,LHX6,0.08326869955117783,T4_SBS6_CpG_distance100,chr12:g.128814957G>A|cg24410690,SLC15A4,-0.018033923535071716,T[C>T]A,unchanged,21
9,chr9:g.122226983C>T|cg21213617,LHX6,0.08326869955117783,T4_SBS6_CpG_distance100,chr12:g.131939241C>T|cg14510688,PUS1,0.0014695940074315184,T[C>T]A,unchanged,60
9,chr9:g.122226983C>T|cg21213617,LHX6,0.08326869955117783,T4_SBS6_CpG_distance100,chr13:g.26759489C>T|cg15726245,GPR12,0.013326059184196493,G[C>T]T,unchanged,120
9,chr9:g.122226983C>T|cg21213617,LHX6,0.08326869955117783,T4_SBS6_CpG_distance100,chr13:g.51771287G>A|cg07285641,DHRS12,-0.0005350288094644329,T[C>T]A,unchanged,121
9,chr9:g.122226983C>T|cg21213617,LHX6,0.08326869955117783,T4_SBS6_CpG_distance100,chr13:g.106567653C>T|cg20524972,ARGLU1,0.0004566621492245737,T[C>T]A,unchanged,106
9,chr9:g.122226983C>T|cg21213617,LHX6,0.08326869955117783,T4_SBS6_CpG_distance100,chr13:g.113326000C>T|cg26133126,GRTP1,-0.05138647430210819,T[C>T]A,unchanged,28
9,chr9:g.122226983C>T|cg21213617,LHX6,0.08326869955117783,T4_SBS6_CpG_distance100,chr14:g.51094229G>A|cg06601633,TRIM9,0.0015022878579864785,A[C>T]A,unchanged,73
9,chr9:g.122226983C>T|cg21213617,LHX6,0.08326869955117783,T4_SBS6_CpG_distance100,chr14:g.80211371G>A|cg00217795,DIO2,0.005075250297930101,T[C>T]A,unchanged,26
9,chr9:g.122226983C>T|cg21213617,LHX6,0.08326869955117783,T4_SBS6_CpG_distance100,chr14:g.89412237G>A|cg10976706,FOXN3,0.00037169437951867224,T[C>T]C,unchanged,3
9,chr9:g.122226983C>T|cg21213617,LHX6,0.08326869955117783,T4_SBS6_CpG_distance100,chr14:g.96241012G>A|cg14032667,BDKRB2,0.008971929674768897,T[C>T]A,unchanged,78
9,chr9:g.122226983C>T|cg21213617,LHX6,0.08326869955117783,T4_SBS6_CpG_distance100,chr14:g.96241309C>T|cg05050072,BDKRB2,-0.0016965873473330229,T[C>T]A,unchanged,92
9,chr9:g.122226983C>T|cg21213617,LHX6,0.08326869955117783,T4_SBS6_CpG_distance100,chr14:g.99652469C>T|cg26055840,HHIPL1,-0.002286771002543042,T[C>T]A,unchanged,27
9,chr9:g.122226983C>T|cg21213617,LHX6,0.08326869955117783,T4_SBS6_CpG_distance100,chr14:g.103132761G>A|cg08301307,TNFAIP2,-0.02569022145545441,T[C>T]T,unchanged,106
9,chr9:g.122226983C>T|cg21213617,LHX6,0.08326869955117783,T4_SBS6_CpG_distance100,chr15:g.22823780C>T|cg15159661,NIPA1,0.00010813189545921809,T[C>T]T,unchanged,104
9,chr9:g.122226983C>T|cg21213617,LHX6,0.08326869955117783,T4_SBS6_CpG_distance100,chr15:g.39593172C>T|cg15161296,THBS1,-0.007063846760455794,G[C>T]C,unchanged,48
9,chr9:g.122226983C>T|cg21213617,LHX6,0.08326869955117783,T4_SBS6_CpG_distance100,chr15:g.40900234C>T|cg23775236,VPS18,-0.0029033112833306562,T[C>T]C,unchanged,108
9,chr9:g.122226983C>T|cg21213617,LHX6,0.08326869955117783,T4_SBS6_CpG_distance100,chr15:g.42730735C>T|cg11163383,CDAN1,0.023901347688779717,G[C>T]A,unchanged,104
9,chr9:g.122226983C>T|cg21213617,LHX6,0.08326869955117783,T4_SBS6_CpG_distance100,chr15:g.45114644G>A|cg02550961,DUOXA2,-0.03230983686777343,G[C>T]T,unchanged,24
9,chr9:g.122226983C>T|cg21213617,LHX6,0.08326869955117783,T4_SBS6_CpG_distance100,chr15:g.68291209C>T|cg02389877,FEM1B,0.004808818490083522,C[C>T]A,unchanged,53
9,chr9:g.122226983C>T|cg21213617,LHX6,0.08326869955117783,T4_SBS6_CpG_distance100,chr15:g.74175356C>T|cg16926502,ISLR,-0.00034707171204217957,T[C>T]A,unchanged,12
9,chr9:g.122226983C>T|cg21213617,LHX6,0.08326869955117783,T4_SBS6_CpG_distance100,chr15:g.89483184G>A|cg24382063,RHCG,0.01712933001226713,T[C>T]T,unchanged,82
9,chr9:g.122226983C>T|cg21213617,LHX6,0.08326869955117783,T4_SBS6_CpG_distance100,chr16:g.293607G>A|cg01444501,AXIN1,-0.0023379289911326095,T[C>T]A,unchanged,99
9,chr9:g.122226983C>T|cg21213617,LHX6,0.08326869955117783,T4_SBS6_CpG_distance100,chr16:g.672563G>A|cg27336518,RHOT2,0.004149446760018827,T[C>T]A,unchanged,48
9,chr9:g.122226983C>T|cg21213617,LHX6,0.08326869955117783,T4_SBS6_CpG_distance100,chr16:g.1450620G>A|cg01852063,CLCN7,0.002674764394274276,T[C>T]T,unchanged,54
9,chr9:g.122226983C>T|cg21213617,LHX6,0.08326869955117783,T4_SBS6_CpG_distance100,chr16:g.1507646C>T|cg04517903,TELO2,0.014900683314260643,T[C>T]A,unchanged,42
9,chr9:g.122226983C>T|cg21213617,LHX6,0.08326869955117783,T4_SBS6_CpG_distance100,chr16:g.1673943C>T|cg05337607,CRAMP1,0.010708274484214186,T[C>T]A,unchanged,40
9,chr9:g.122226983C>T|cg21213617,LHX6,0.08326869955117783,T4_SBS6_CpG_distance100,chr16:g.3582492C>T|cg02981752,SLX4,-0.0020024323767655616,T[C>T]A,unchanged,19
9,chr9:g.122226983C>T|cg21213617,LHX6,0.08326869955117783,T4_SBS6_CpG_distance100,chr16:g.3966693C>T|cg09152120,ADCY9,-0.012943537565058949,T[C>T]T,unchanged,25
9,chr9:g.122226983C>T|cg21213617,LHX6,0.08326869955117783,T4_SBS6_CpG_distance100,chr16:g.3983263G>A|cg07628416,ADCY9,-0.02273826434268067,G[C>T]T,unchanged,33
9,chr9:g.122226983C>T|cg21213617,LHX6,0.08326869955117783,T4_SBS6_CpG_distance100,chr16:g.8796351C>T|cg05869585,TMEM186,-0.002083616643225983,T[C>T]A,unchanged,25
9,chr9:g.122226983C>T|cg21213617,LHX6,0.08326869955117783,T4_SBS6_CpG_distance100,chr16:g.19872621G>A|cg02384338,GPRC5B,0.0029181944958611705,T[C>T]A,unchanged,26
9,chr9:g.122226983C>T|cg21213617,LHX6,0.08326869955117783,T4_SBS6_CpG_distance100,chr16:g.20418118C>T|cg27514874,ACSM5,-0.020363746468686217,T[C>T]A,unchanged,66
9,chr9:g.122226983C>T|cg21213617,LHX6,0.08326869955117783,T4_SBS6_CpG_distance100,chr16:g.30583151G>A|cg08103107,ZNF785,-0.0007348585510348338,T[C>T]T,unchanged,4
9,chr9:g.122226983C>T|cg21213617,LHX6,0.08326869955117783,T4_SBS6_CpG_distance100,chr16:g.31062238C>T|cg01509715,ZNF668,-0.0065219915150595,T[C>T]C,unchanged,8
9,chr9:g.122226983C>T|cg21213617,LHX6,0.08326869955117783,T4_SBS6_CpG_distance100,chr16:g.66922316G>A|cg15482422,RRAD,-0.048490702918924655,T[C>T]A,unchanged,21
9,chr9:g.122226983C>T|cg21213617,LHX6,0.08326869955117783,T4_SBS6_CpG_distance100,chr16:g.87851755G>A|cg05911082,SLC7A5,-0.01179459090118673,T[C>T]A,unchanged,26
9,chr9:g.122226983C>T|cg21213617,LHX6,0.08326869955117783,T4_SBS6_CpG_distance100,chr17:g.1109063C>T|cg01555791,ABR,0.0002057536723661102,C[C>T]T,unchanged,15
9,chr9:g.122226983C>T|cg21213617,LHX6,0.08326869955117783,T4_SBS6_CpG_distance100,chr17:g.7017264G>A|cg17415576,C17orf49,0.015482150504484538,T[C>T]A,unchanged,115
9,chr9:g.122226983C>T|cg21213617,LHX6,0.08326869955117783,T4_SBS6_CpG_distance100,chr17:g.10632005G>A|cg11239366,MYH3,-0.0014747213487827926,T[C>T]C,unchanged,20
9,chr9:g.122226983C>T|cg21213617,LHX6,0.08326869955117783,T4_SBS6_CpG_distance100,chr17:g.30090616G>A|cg02947670,EFCAB5,0.007459259693325171,C[C>T]A,unchanged,69
9,chr9:g.122226983C>T|cg21213617,LHX6,0.08326869955117783,T4_SBS6_CpG_distance100,chr17:g.39665443G>A|cg08345719,TCAP,0.019343340216854688,T[C>T]A,unchanged,35
9,chr9:g.122226983C>T|cg21213617,LHX6,0.08326869955117783,T4_SBS6_CpG_distance100,chr17:g.42784054C>T|cg05614735,WNK4,0.016097215536249765,T[C>T]A,unchanged,6
9,chr9:g.122226983C>T|cg21213617,LHX6,0.08326869955117783,T4_SBS6_CpG_distance100,chr17:g.47733877C>T|cg03639783,TBX21,0.005206164158418056,T[C>T]A,unchanged,4
9,chr9:g.122226983C>T|cg21213617,LHX6,0.08326869955117783,T4_SBS6_CpG_distance100,chr17:g.58279384G>A|cg08058156,MPO,0.000913416068417161,G[C>T]T,unchanged,107
9,chr9:g.122226983C>T|cg21213617,LHX6,0.08326869955117783,T4_SBS6_CpG_distance100,chr17:g.59682694C>T|cg22624697,CLTC,0.0025925702928799588,C[C>T]A,unchanged,10
9,chr9:g.122226983C>T|cg21213617,LHX6,0.08326869955117783,T4_SBS6_CpG_distance100,chr17:g.63534125C>T|cg18975662,KCNH6,0.006176954468299911,T[C>T]A,unchanged,3
9,chr9:g.122226983C>T|cg21213617,LHX6,0.08326869955117783,T4_SBS6_CpG_distance100,chr17:g.63832958G>A|cg11885555,SMARCD2,0.005693060929494398,G[C>T]T,unchanged,99
9,chr9:g.122226983C>T|cg21213617,LHX6,0.08326869955117783,T4_SBS6_CpG_distance100,chr17:g.76476898C>T|cg27605355,RHBDF2,-0.004029541563563832,T[C>T]A,unchanged,17
9,chr9:g.122226983C>T|cg21213617,LHX6,0.08326869955117783,T4_SBS6_CpG_distance100,chr17:g.80221704G>A|cg07675682,SLC26A11,-0.030116719885122767,T[C>T]A,unchanged,12
9,chr9:g.122226983C>T|cg21213617,LHX6,0.08326869955117783,T4_SBS6_CpG_distance100,chr17:g.81282258C>T|cg00248875,SLC38A10,-0.029816567002872385,T[C>T]C,unchanged,86
9,chr9:g.122226983C>T|cg21213617,LHX6,0.08326869955117783,T4_SBS6_CpG_distance100,chr18:g.48040016C>T|cg24352393,ZBTB7C,0.003044312928991766,G[C>T]T,unchanged,37
9,chr9:g.122226983C>T|cg21213617,LHX6,0.08326869955117783,T4_SBS6_CpG_distance100,chr18:g.80159825G>A|cg13590055,PARD6G,0.021828208802005533,G[C>T]C,unchanged,61
9,chr9:g.122226983C>T|cg21213617,LHX6,0.08326869955117783,T4_SBS6_CpG_distance100,chr19:g.1083182G>A|cg19307500,ARHGAP45,0.006817318983924792,T[C>T]C,unchanged,12
9,chr9:g.122226983C>T|cg21213617,LHX6,0.08326869955117783,T4_SBS6_CpG_distance100,chr19:g.1482993G>A|cg01091751,PCSK4,0.0160375257888149,A[C>T]A,unchanged,52
9,chr9:g.122226983C>T|cg21213617,LHX6,0.08326869955117783,T4_SBS6_CpG_distance100,chr19:g.3575620G>A|cg13437146,HMG20B,0.0378550896181955,T[C>T]T,unchanged,80
9,chr9:g.122226983C>T|cg21213617,LHX6,0.08326869955117783,T4_SBS6_CpG_distance100,chr19:g.4054876C>T|cg27301596,ZBTB7A,-0.06338956176652089,T[C>T]A,unchanged,112
9,chr9:g.122226983C>T|cg21213617,LHX6,0.08326869955117783,T4_SBS6_CpG_distance100,chr19:g.4652139C>T|cg22754389,TNFAIP8L1,0.004597464470720292,T[C>T]C,unchanged,47
9,chr9:g.122226983C>T|cg21213617,LHX6,0.08326869955117783,T4_SBS6_CpG_distance100,chr19:g.5914680G>A|cg16992787,CAPS,0.03265497859100608,T[C>T]C,unchanged,22
9,chr9:g.122226983C>T|cg21213617,LHX6,0.08326869955117783,T4_SBS6_CpG_distance100,chr19:g.6007770G>A|cg25793425,RFX2,0.0034956406691442066,T[C>T]C,unchanged,61
9,chr9:g.122226983C>T|cg21213617,LHX6,0.08326869955117783,T4_SBS6_CpG_distance100,chr19:g.7934224G>A|cg17682949,TIMM44,-0.032138558652506366,T[C>T]A,unchanged,16
9,chr9:g.122226983C>T|cg21213617,LHX6,0.08326869955117783,T4_SBS6_CpG_distance100,chr19:g.9160218G>A|cg01914743,ZNF317,0.0005756789347606261,T[C>T]T,unchanged,13
9,chr9:g.122226983C>T|cg21213617,LHX6,0.08326869955117783,T4_SBS6_CpG_distance100,chr19:g.14972733G>A|cg06192619,SLC1A6,-0.0015747793263816146,T[C>T]T,unchanged,71
9,chr9:g.122226983C>T|cg21213617,LHX6,0.08326869955117783,T4_SBS6_CpG_distance100,chr19:g.15113783C>T|cg20100671,SYDE1,-0.0077738801891341636,A[C>T]C,unchanged,21
9,chr9:g.122226983C>T|cg21213617,LHX6,0.08326869955117783,T4_SBS6_CpG_distance100,chr19:g.32980029G>A|cg22062383,RHPN2,0.07651402960787035,T[C>T]A,unchanged,83
9,chr9:g.122226983C>T|cg21213617,LHX6,0.08326869955117783,T4_SBS6_CpG_distance100,chr19:g.37669660G>A|cg24851318,ZNF781,-0.0031202997501914576,T[C>T]A,unchanged,83
9,chr9:g.122226983C>T|cg21213617,LHX6,0.08326869955117783,T4_SBS6_CpG_distance100,chr19:g.37669729C>T|cg24851318,ZNF781,0.0005677273778749159,T[C>T]A,unchanged,14
9,chr9:g.122226983C>T|cg21213617,LHX6,0.08326869955117783,T4_SBS6_CpG_distance100,chr19:g.39498980C>T|cg21718857,DLL3,0.0036545597461262666,T[C>T]T,unchanged,28
9,chr9:g.122226983C>T|cg21213617,LHX6,0.08326869955117783,T4_SBS6_CpG_distance100,chr19:g.39872229C>T|cg00398728,FCGBP,0.016233853814950905,T[C>T]A,unchanged,59
9,chr9:g.122226983C>T|cg21213617,LHX6,0.08326869955117783,T4_SBS6_CpG_distance100,chr19:g.42095557C>T|cg06178887,POU2F2,-0.013375052793018094,T[C>T]T,unchanged,78
9,chr9:g.122226983C>T|cg21213617,LHX6,0.08326869955117783,T4_SBS6_CpG_distance100,chr19:g.45494665C>T|cg19038042,RTN2,0.001850598754817967,T[C>T]A,unchanged,35
9,chr9:g.122226983C>T|cg21213617,LHX6,0.08326869955117783,T4_SBS6_CpG_distance100,chr19:g.45712707G>A|cg00756648,FBXO46,-0.0237866640219061,T[C>T]C,unchanged,107
9,chr9:g.122226983C>T|cg21213617,LHX6,0.08326869955117783,T4_SBS6_CpG_distance100,chr19:g.51368536G>A|cg22065498,CLDND2,-0.014736115812326478,T[C>T]A,unchanged,101
9,chr9:g.122226983C>T|cg21213617,LHX6,0.08326869955117783,T4_SBS6_CpG_distance100,chr19:g.51945539G>A|cg13657593,ZNF613,0.0013178551982686582,T[C>T]T,unchanged,110
9,chr9:g.122226983C>T|cg21213617,LHX6,0.08326869955117783,T4_SBS6_CpG_distance100,chr19:g.53892569G>A|cg08391709,PRKCG,-0.046193694132314334,T[C>T]C,unchanged,2
9,chr9:g.122226983C>T|cg21213617,LHX6,0.08326869955117783,T4_SBS6_CpG_distance100,chr2:g.1676937G>A|cg24767423,PXDN,0.011205740654932628,G[C>T]T,unchanged,30
9,chr9:g.122226983C>T|cg21213617,LHX6,0.08326869955117783,T4_SBS6_CpG_distance100,chr2:g.10058928C>T|cg00283742,CYS1,-0.0010052528608669453,T[C>T]T,unchanged,96
9,chr9:g.122226983C>T|cg21213617,LHX6,0.08326869955117783,T4_SBS6_CpG_distance100,chr2:g.27309931C>T|cg23967616,MPV17,0.0016345644613192656,C[C>T]A,unchanged,74
9,chr9:g.122226983C>T|cg21213617,LHX6,0.08326869955117783,T4_SBS6_CpG_distance100,chr2:g.38070998G>A|cg14407177,CYP1B1,-0.007068972348047042,T[C>T]A,unchanged,118
9,chr9:g.122226983C>T|cg21213617,LHX6,0.08326869955117783,T4_SBS6_CpG_distance100,chr2:g.74250415G>A|cg01272428,SLC4A5,-0.012899591625800566,T[C>T]A,unchanged,86
9,chr9:g.122226983C>T|cg21213617,LHX6,0.08326869955117783,T4_SBS6_CpG_distance100,chr2:g.74515651C>T|cg19656282,TLX2,-0.01759653672060693,T[C>T]T,unchanged,8
9,chr9:g.122226983C>T|cg21213617,LHX6,0.08326869955117783,T4_SBS6_CpG_distance100,chr2:g.88067960C>T|cg03704645,SMYD1,0.015557966745436191,T[C>T]A,unchanged,24
9,chr9:g.122226983C>T|cg21213617,LHX6,0.08326869955117783,T4_SBS6_CpG_distance100,chr2:g.136115730C>T|cg07784959,CXCR4,-0.002237465719877485,T[C>T]T,unchanged,109
9,chr9:g.122226983C>T|cg21213617,LHX6,0.08326869955117783,T4_SBS6_CpG_distance100,chr2:g.178722127C>T|cg20701897,TTN,0.00019039157692912756,T[C>T]T,unchanged,93
9,chr9:g.122226983C>T|cg21213617,LHX6,0.08326869955117783,T4_SBS6_CpG_distance100,chr2:g.215384891C>T|cg25099021,FN1,0.005151036854065927,T[C>T]A,unchanged,48
9,chr9:g.122226983C>T|cg21213617,LHX6,0.08326869955117783,T4_SBS6_CpG_distance100,chr2:g.237374800C>T|cg14556851,COL6A3,-0.016134667187345242,G[C>T]T,unchanged,11
9,chr9:g.122226983C>T|cg21213617,LHX6,0.08326869955117783,T4_SBS6_CpG_distance100,chr2:g.241210521C>T|cg19838074,ANO7,0.00018013389770443755,T[C>T]A,unchanged,71
9,chr9:g.122226983C>T|cg21213617,LHX6,0.08326869955117783,T4_SBS6_CpG_distance100,chr20:g.3234309C>T|cg21907993,SLC4A11,0.0033617044792825235,T[C>T]A,unchanged,29
9,chr9:g.122226983C>T|cg21213617,LHX6,0.08326869955117783,T4_SBS6_CpG_distance100,chr20:g.17970015C>T|cg26273886,MGME1,0.00020182635155974182,A[C>T]T,unchanged,36
9,chr9:g.122226983C>T|cg21213617,LHX6,0.08326869955117783,T4_SBS6_CpG_distance100,chr20:g.19935149G>A|cg04466743,RIN2,0.0045606432884557485,G[C>T]A,unchanged,1
9,chr9:g.122226983C>T|cg21213617,LHX6,0.08326869955117783,T4_SBS6_CpG_distance100,chr20:g.38161439G>A|cg26604799,TGM2,0.005668414552815526,T[C>T]A,unchanged,20
9,chr9:g.122226983C>T|cg21213617,LHX6,0.08326869955117783,T4_SBS6_CpG_distance100,chr20:g.46008941G>A|cg10505873,MMP9,0.00946558174688425,G[C>T]T,unchanged,69
9,chr9:g.122226983C>T|cg21213617,LHX6,0.08326869955117783,T4_SBS6_CpG_distance100,chr20:g.46563483G>A|cg12760968,SLC13A3,0.014446821215592376,T[C>T]A,unchanged,61
9,chr9:g.122226983C>T|cg21213617,LHX6,0.08326869955117783,T4_SBS6_CpG_distance100,chr20:g.59939101G>A|cg00400263,PPP1R3D,-0.010959845569636806,T[C>T]A,unchanged,45
9,chr9:g.122226983C>T|cg21213617,LHX6,0.08326869955117783,T4_SBS6_CpG_distance100,chr20:g.62216651G>A|cg04752263,HRH3,0.01527801027398501,T[C>T]C,unchanged,10
9,chr9:g.122226983C>T|cg21213617,LHX6,0.08326869955117783,T4_SBS6_CpG_distance100,chr20:g.62911130C>T|cg11152033,DIDO1,0.0033563811566134083,T[C>T]A,unchanged,14
9,chr9:g.122226983C>T|cg21213617,LHX6,0.08326869955117783,T4_SBS6_CpG_distance100,chr21:g.28992794C>T|cg08249556,LTN1,0.00028971467077733987,T[C>T]T,unchanged,11
9,chr9:g.122226983C>T|cg21213617,LHX6,0.08326869955117783,T4_SBS6_CpG_distance100,chr21:g.30215821G>A|cg04052038,CLDN8,0.0006271648338748159,T[C>T]A,unchanged,16
9,chr9:g.122226983C>T|cg21213617,LHX6,0.08326869955117783,T4_SBS6_CpG_distance100,chr22:g.26499377G>A|cg00365963,TFIP11,0.0018070929965890992,T[C>T]T,unchanged,19
9,chr9:g.122226983C>T|cg21213617,LHX6,0.08326869955117783,T4_SBS6_CpG_distance100,chr22:g.46289513C>T|cg04392554,TTC38,0.0012176027624047903,T[C>T]C,unchanged,62
9,chr9:g.122226983C>T|cg21213617,LHX6,0.08326869955117783,T4_SBS6_CpG_distance100,chr22:g.46534699G>A|cg07223632,CELSR1,0.0006019740963831843,T[C>T]A,unchanged,97
9,chr9:g.122226983C>T|cg21213617,LHX6,0.08326869955117783,T4_SBS6_CpG_distance100,chr22:g.49884259C>T|cg05080787,ZBED4,0.0012179792392751354,T[C>T]A,unchanged,41
9,chr9:g.122226983C>T|cg21213617,LHX6,0.08326869955117783,T4_SBS6_CpG_distance100,chr22:g.50177606G>A|cg06357843,PANX2,-0.0010545014854463908,A[C>T]A,unchanged,115
9,chr9:g.122226983C>T|cg21213617,LHX6,0.08326869955117783,T4_SBS6_CpG_distance100,chr22:g.50281953G>A|cg00243272,PLXNB2,-0.004475852610343889,T[C>T]A,unchanged,86
9,chr9:g.122226983C>T|cg21213617,LHX6,0.08326869955117783,T4_SBS6_CpG_distance100,chr22:g.50528599G>A|cg06345736,TYMP,0.015076576929235808,T[C>T]A,unchanged,92
9,chr9:g.122226983C>T|cg21213617,LHX6,0.08326869955117783,T4_SBS6_CpG_distance100,chr3:g.15074684G>A|cg04428799,RBSN,0.006933168816761204,T[C>T]T,unchanged,27
9,chr9:g.122226983C>T|cg21213617,LHX6,0.08326869955117783,T4_SBS6_CpG_distance100,chr3:g.52372956G>A|cg14092988,DNAH1,-0.02782411156332587,T[C>T]A,unchanged,109
9,chr9:g.122226983C>T|cg21213617,LHX6,0.08326869955117783,T4_SBS6_CpG_distance100,chr3:g.52690608G>A|cg00447581,GNL3,-0.0007685867330951002,T[C>T]T,unchanged,46
9,chr9:g.122226983C>T|cg21213617,LHX6,0.08326869955117783,T4_SBS6_CpG_distance100,chr3:g.122922265G>A|cg10783060,SEMA5B,-0.10821286778162481,T[C>T]T,unchanged,32
9,chr9:g.122226983C>T|cg21213617,LHX6,0.08326869955117783,T4_SBS6_CpG_distance100,chr3:g.123734093C>T|cg17787502,MYLK,0.04339254922010105,T[C>T]T,unchanged,54
9,chr9:g.122226983C>T|cg21213617,LHX6,0.08326869955117783,T4_SBS6_CpG_distance100,chr3:g.139476406C>T|cg17778120,RBP2,-0.001524809521675996,C[C>T]T,unchanged,71
9,chr9:g.122226983C>T|cg21213617,LHX6,0.08326869955117783,T4_SBS6_CpG_distance100,chr3:g.141778644G>A|cg27638148,GRK7,0.0010044326828045902,T[C>T]C,unchanged,5
9,chr9:g.122226983C>T|cg21213617,LHX6,0.08326869955117783,T4_SBS6_CpG_distance100,chr3:g.141778662C>T|cg27638148,GRK7,-0.016022209692329703,T[C>T]A,unchanged,13
9,chr9:g.122226983C>T|cg21213617,LHX6,0.08326869955117783,T4_SBS6_CpG_distance100,chr3:g.185586497G>A|cg02872623,SENP2,-0.0006528921081591851,T[C>T]T,unchanged,106
9,chr9:g.122226983C>T|cg21213617,LHX6,0.08326869955117783,T4_SBS6_CpG_distance100,chr3:g.196323892C>T|cg27088176,TM4SF19,0.005680480961889667,G[C>T]A,unchanged,118
9,chr9:g.122226983C>T|cg21213617,LHX6,0.08326869955117783,T4_SBS6_CpG_distance100,chr4:g.3233330C>T|cg06609182,HTT,-0.0008359752824131927,T[C>T]T,unchanged,57
9,chr9:g.122226983C>T|cg21213617,LHX6,0.08326869955117783,T4_SBS6_CpG_distance100,chr4:g.40438135G>A|cg16642517,RBM47,-0.0021896851772380543,T[C>T]A,unchanged,7
9,chr9:g.122226983C>T|cg21213617,LHX6,0.08326869955117783,T4_SBS6_CpG_distance100,chr5:g.447583C>T|cg18430034,EXOC3,-0.007309669785209749,T[C>T]C,unchanged,48
9,chr9:g.122226983C>T|cg21213617,LHX6,0.08326869955117783,T4_SBS6_CpG_distance100,chr5:g.1073669G>A|cg05636015,SLC12A7,-0.01722847841542363,A[C>T]C,unchanged,3
9,chr9:g.122226983C>T|cg21213617,LHX6,0.08326869955117783,T4_SBS6_CpG_distance100,chr5:g.34042967C>T|cg03934354,C1QTNF3,-0.007380475485242677,T[C>T]C,unchanged,68
9,chr9:g.122226983C>T|cg21213617,LHX6,0.08326869955117783,T4_SBS6_CpG_distance100,chr5:g.34043039C>T|cg03934354,C1QTNF3,-0.0012402761600223133,T[C>T]A,unchanged,4
9,chr9:g.122226983C>T|cg21213617,LHX6,0.08326869955117783,T4_SBS6_CpG_distance100,chr5:g.100902905C>T|cg13320626,ST8SIA4,-0.0001212723542022981,T[C>T]A,unchanged,46
9,chr9:g.122226983C>T|cg21213617,LHX6,0.08326869955117783,T4_SBS6_CpG_distance100,chr5:g.131988132G>A|cg24786495,ACSL6,0.0003958707776897663,T[C>T]A,unchanged,93
9,chr9:g.122226983C>T|cg21213617,LHX6,0.08326869955117783,T4_SBS6_CpG_distance100,chr5:g.132866923G>A|cg05040447,UQCRQ,0.00030892651418906736,T[C>T]A,unchanged,20
9,chr9:g.122226983C>T|cg21213617,LHX6,0.08326869955117783,T4_SBS6_CpG_distance100,chr5:g.135008969C>T|cg07335603,CATSPER3,-0.0016651705310559706,T[C>T]A,unchanged,89
9,chr9:g.122226983C>T|cg21213617,LHX6,0.08326869955117783,T4_SBS6_CpG_distance100,chr5:g.138345517G>A|cg01099252,FAM53C,0.0,T[C>T]A,unchanged,15
9,chr9:g.122226983C>T|cg21213617,LHX6,0.08326869955117783,T4_SBS6_CpG_distance100,chr5:g.140643929G>A|cg27658391,TMCO6,0.005345033278905009,G[C>T]A,unchanged,41
9,chr9:g.122226983C>T|cg21213617,LHX6,0.08326869955117783,T4_SBS6_CpG_distance100,chr5:g.141388712G>A|cg09570348,PCDHGB4,-0.0014088606322176789,T[C>T]T,unchanged,28
9,chr9:g.122226983C>T|cg21213617,LHX6,0.08326869955117783,T4_SBS6_CpG_distance100,chr5:g.141511158G>A|cg15004405,PCDHGA12,-0.018146722237764923,T[C>T]T,unchanged,7
9,chr9:g.122226983C>T|cg21213617,LHX6,0.08326869955117783,T4_SBS6_CpG_distance100,chr5:g.168883282G>A|cg05457620,SLIT3,0.00827961732111604,T[C>T]A,unchanged,21
9,chr9:g.122226983C>T|cg21213617,LHX6,0.08326869955117783,T4_SBS6_CpG_distance100,chr5:g.171456682G>A|cg13396201,FGF18,-0.001909746787596145,T[C>T]T,unchanged,5
9,chr9:g.122226983C>T|cg21213617,LHX6,0.08326869955117783,T4_SBS6_CpG_distance100,chr5:g.177455157C>T|cg00971676,PRR7,-0.0015374710817218848,T[C>T]T,unchanged,101
9,chr9:g.122226983C>T|cg21213617,LHX6,0.08326869955117783,T4_SBS6_CpG_distance100,chr5:g.179853390C>T|cg01213455,MRNIP,-0.006772001734608124,A[C>T]T,unchanged,45
9,chr9:g.122226983C>T|cg21213617,LHX6,0.08326869955117783,T4_SBS6_CpG_distance100,chr6:g.10410135C>T|cg02181847,TFAP2A,-0.008441070863479914,T[C>T]A,unchanged,84
9,chr9:g.122226983C>T|cg21213617,LHX6,0.08326869955117783,T4_SBS6_CpG_distance100,chr6:g.16327991G>A|cg00436183,ATXN1,0.005469828277478661,G[C>T]C,unchanged,22
9,chr9:g.122226983C>T|cg21213617,LHX6,0.08326869955117783,T4_SBS6_CpG_distance100,chr6:g.26055880C>T|cg07750111,H1-2,0.0024555601243260727,T[C>T]T,unchanged,60
9,chr9:g.122226983C>T|cg21213617,LHX6,0.08326869955117783,T4_SBS6_CpG_distance100,chr6:g.27810226G>A|cg15410276,H3C10,0.0002638594543173181,T[C>T]T,unchanged,72
9,chr9:g.122226983C>T|cg21213617,LHX6,0.08326869955117783,T4_SBS6_CpG_distance100,chr6:g.33200447G>A|cg18144707,RXRB,-0.0006375710766849604,T[C>T]C,unchanged,13
9,chr9:g.122226983C>T|cg21213617,LHX6,0.08326869955117783,T4_SBS6_CpG_distance100,chr6:g.33679986C>T|cg18842187,ITPR3,0.01827630289382154,A[C>T]A,unchanged,63
9,chr9:g.122226983C>T|cg21213617,LHX6,0.08326869955117783,T4_SBS6_CpG_distance100,chr6:g.40432561G>A|cg24851166,LRFN2,0.01239667294310387,G[C>T]T,unchanged,58
9,chr9:g.122226983C>T|cg21213617,LHX6,0.08326869955117783,T4_SBS6_CpG_distance100,chr6:g.47286542G>A|cg11209008,TNFRSF21,0.0006262753397162646,T[C>T]A,unchanged,109
9,chr9:g.122226983C>T|cg21213617,LHX6,0.08326869955117783,T4_SBS6_CpG_distance100,chr6:g.52504700G>A|cg14279151,TRAM2,0.006756048721260066,T[C>T]A,unchanged,4
9,chr9:g.122226983C>T|cg21213617,LHX6,0.08326869955117783,T4_SBS6_CpG_distance100,chr6:g.134949937C>T|cg02396253,ALDH8A1,0.010594456994025503,G[C>T]A,unchanged,19
9,chr9:g.122226983C>T|cg21213617,LHX6,0.08326869955117783,T4_SBS6_CpG_distance100,chr6:g.138335101G>A|cg20291636,ARFGEF3,0.0069242084542341376,G[C>T]T,unchanged,70
9,chr9:g.122226983C>T|cg21213617,LHX6,0.08326869955117783,T4_SBS6_CpG_distance100,chr6:g.160122004C>T|cg13466809,SLC22A1,0.010559761716170568,T[C>T]A,unchanged,92
9,chr9:g.122226983C>T|cg21213617,LHX6,0.08326869955117783,T4_SBS6_CpG_distance100,chr6:g.165661969C>T|cg04326854,PDE10A,-0.010069830076784247,T[C>T]A,unchanged,4
9,chr9:g.122226983C>T|cg21213617,LHX6,0.08326869955117783,T4_SBS6_CpG_distance100,chr7:g.195707C>T|cg24504854,FAM20C,0.004664660301429757,T[C>T]A,unchanged,28
9,chr9:g.122226983C>T|cg21213617,LHX6,0.08326869955117783,T4_SBS6_CpG_distance100,chr7:g.1493863C>T|cg01705214,INTS1,0.0034153672400859536,T[C>T]A,unchanged,3
9,chr9:g.122226983C>T|cg21213617,LHX6,0.08326869955117783,T4_SBS6_CpG_distance100,chr7:g.30504617G>A|cg05142115,GGCT,0.0006441725443335003,T[C>T]C,unchanged,68
9,chr9:g.122226983C>T|cg21213617,LHX6,0.08326869955117783,T4_SBS6_CpG_distance100,chr7:g.37740441G>A|cg24995381,GPR141,0.00019082901554723364,T[C>T]A,unchanged,113
9,chr9:g.122226983C>T|cg21213617,LHX6,0.08326869955117783,T4_SBS6_CpG_distance100,chr7:g.48041395C>T|cg00731958,C7orf57,-0.015283934561651003,C[C>T]C,unchanged,39
9,chr9:g.122226983C>T|cg21213617,LHX6,0.08326869955117783,T4_SBS6_CpG_distance100,chr7:g.51028888C>T|cg27325833,COBL,0.007519691237304782,C[C>T]A,unchanged,28
9,chr9:g.122226983C>T|cg21213617,LHX6,0.08326869955117783,T4_SBS6_CpG_distance100,chr7:g.120856704G>A|cg03913921,TSPAN12,-0.02328439642188046,T[C>T]T,unchanged,69
9,chr9:g.122226983C>T|cg21213617,LHX6,0.08326869955117783,T4_SBS6_CpG_distance100,chr7:g.149104740C>T|cg24392299,ZNF425,-0.0009413817144880987,T[C>T]T,unchanged,24
9,chr9:g.122226983C>T|cg21213617,LHX6,0.08326869955117783,T4_SBS6_CpG_distance100,chr7:g.151076177G>A|cg20898078,SLC4A2,-0.007655356918440659,T[C>T]T,unchanged,38
9,chr9:g.122226983C>T|cg21213617,LHX6,0.08326869955117783,T4_SBS6_CpG_distance100,chr8:g.41696412G>A|cg09897002,ANK1,0.0020022874917712263,C[C>T]T,unchanged,25
9,chr9:g.122226983C>T|cg21213617,LHX6,0.08326869955117783,T4_SBS6_CpG_distance100,chr8:g.64581594G>A|cg17307479,BHLHE22,-0.024275956768702422,T[C>T]A,unchanged,50
9,chr9:g.122226983C>T|cg21213617,LHX6,0.08326869955117783,T4_SBS6_CpG_distance100,chr8:g.66127283G>A|cg04145765,TRIM55,0.026990012410912922,T[C>T]A,unchanged,57
9,chr9:g.122226983C>T|cg21213617,LHX6,0.08326869955117783,T4_SBS6_CpG_distance100,chr8:g.79765266C>T|cg04101874,HEY1,0.007275765624823238,T[C>T]A,unchanged,120
9,chr9:g.122226983C>T|cg21213617,LHX6,0.08326869955117783,T4_SBS6_CpG_distance100,chr8:g.88327195G>A|cg11536457,MMP16,-0.010243229853390122,T[C>T]A,unchanged,20
9,chr9:g.122226983C>T|cg21213617,LHX6,0.08326869955117783,T4_SBS6_CpG_distance100,chr8:g.116755669G>A|cg02735071,EIF3H,0.0,G[C>T]C,unchanged,34
9,chr9:g.122226983C>T|cg21213617,LHX6,0.08326869955117783,T4_SBS6_CpG_distance100,chr8:g.122952068C>T|cg08789073,ZHX2,-0.001488701152510541,T[C>T]A,unchanged,19
9,chr9:g.122226983C>T|cg21213617,LHX6,0.08326869955117783,T4_SBS6_CpG_distance100,chr8:g.122953574G>A|cg18191087,ZHX2,-0.016730186270892955,T[C>T]A,unchanged,44
9,chr9:g.122226983C>T|cg21213617,LHX6,0.08326869955117783,T4_SBS6_CpG_distance100,chr8:g.143810740G>A|cg27246991,SCRIB,0.00135154808468807,T[C>T]C,unchanged,48
9,chr9:g.122226983C>T|cg21213617,LHX6,0.08326869955117783,T4_SBS6_CpG_distance100,chr9:g.6015410C>T|cg08689940,RANBP6,0.0003070405869895973,T[C>T]A,unchanged,29
9,chr9:g.122226983C>T|cg21213617,LHX6,0.08326869955117783,T4_SBS6_CpG_distance100,chr9:g.35869721C>T|cg14276698,OR13J1,-0.00018268314994895896,C[C>T]C,unchanged,78
9,chr9:g.122226983C>T|cg21213617,LHX6,0.08326869955117783,T4_SBS6_CpG_distance100,chr9:g.91724322G>A|cg01303059,ROR2,-0.002478748125562036,T[C>T]A,unchanged,114
9,chr9:g.122226983C>T|cg21213617,LHX6,0.08326869955117783,T4_SBS6_CpG_distance100,chr9:g.99069811G>A|cg14424210,COL15A1,0.0,T[C>T]T,unchanged,49
9,chr9:g.122226983C>T|cg21213617,LHX6,0.08326869955117783,T4_SBS6_CpG_distance100,chr9:g.114096399G>A|cg10091458,KIF12,0.0067253628763991324,T[C>T]A,unchanged,45
9,chr9:g.122226983C>T|cg21213617,LHX6,0.08326869955117783,T4_SBS6_CpG_distance100,chr9:g.122209695C>T|cg14093012,LHX6,0.006322698204225596,G[C>T]A,unchanged,31
10,chr11:g.64297154C>T|cg13881637,KCNK4,0.08275376416617708,T3_SBS96_CpG_distance100,chr1:g.3625459C>T|cg22697657,TPRG1L,-0.0030838114271920306,G[C>T]G,destroyed,165
10,chr11:g.64297154C>T|cg13881637,KCNK4,0.08275376416617708,T3_SBS96_CpG_distance100,chr1:g.203483487G>A|cg20961782,PRELP,-0.0261261696557753,G[C>T]G,destroyed,82
10,chr11:g.64297154C>T|cg13881637,KCNK4,0.08275376416617708,T3_SBS96_CpG_distance100,chr11:g.57543035G>A|cg04766618,SMTNL1,0.016147122866740138,G[C>T]G,destroyed,63
10,chr11:g.64297154C>T|cg13881637,KCNK4,0.08275376416617708,T3_SBS96_CpG_distance100,chr11:g.64854369C>T|cg13067095,EHD1,-0.003020061571896826,G[C>T]G,destroyed,74
10,chr11:g.64297154C>T|cg13881637,KCNK4,0.08275376416617708,T3_SBS96_CpG_distance100,chr11:g.94799670G>A|cg11429960,AMOTL1,0.00025594890648172886,G[C>T]G,destroyed,113
10,chr11:g.64297154C>T|cg13881637,KCNK4,0.08275376416617708,T3_SBS96_CpG_distance100,chr12:g.120098838G>A|cg02227969,RAB35,0.002095654473955433,G[C>T]G,destroyed,80
10,chr11:g.64297154C>T|cg13881637,KCNK4,0.08275376416617708,T3_SBS96_CpG_distance100,chr12:g.132643852G>A|cg22138822,POLE,-0.004059069382416736,G[C>T]G,destroyed,29
10,chr11:g.64297154C>T|cg13881637,KCNK4,0.08275376416617708,T3_SBS96_CpG_distance100,chr15:g.40368662C>T|cg27072603,DISP2,0.02650555238003116,G[C>T]G,destroyed,127
10,chr11:g.64297154C>T|cg13881637,KCNK4,0.08275376416617708,T3_SBS96_CpG_distance100,chr16:g.67163040G>A|cg03456938,FBXL8,0.08070752450199903,G[C>T]G,destroyed,141
10,chr11:g.64297154C>T|cg13881637,KCNK4,0.08275376416617708,T3_SBS96_CpG_distance100,chr17:g.76736996G>A|cg26815021,SRSF2,-0.001637843406895212,G[C>T]G,destroyed,94
10,chr11:g.64297154C>T|cg13881637,KCNK4,0.08275376416617708,T3_SBS96_CpG_distance100,chr17:g.80344012G>A|cg22194904,RNF213,-0.03016498028169634,G[C>T]G,destroyed,19
10,chr11:g.64297154C>T|cg13881637,KCNK4,0.08275376416617708,T3_SBS96_CpG_distance100,chr18:g.3879238G>A|cg25693099,DLGAP1,-0.012905539423425427,G[C>T]G,destroyed,65
10,chr11:g.64297154C>T|cg13881637,KCNK4,0.08275376416617708,T3_SBS96_CpG_distance100,chr2:g.174571878C>T|cg16707641,WIPF1,0.025751395727160897,G[C>T]G,destroyed,24
10,chr11:g.64297154C>T|cg13881637,KCNK4,0.08275376416617708,T3_SBS96_CpG_distance100,chr20:g.885235C>T|cg15229481,ANGPT4,0.051738512177404994,G[C>T]G,destroyed,49
10,chr11:g.64297154C>T|cg13881637,KCNK4,0.08275376416617708,T3_SBS96_CpG_distance100,chr20:g.44051473G>A|cg22457287,TOX2,0.020668786360932723,G[C>T]G,destroyed,115
10,chr11:g.64297154C>T|cg13881637,KCNK4,0.08275376416617708,T3_SBS96_CpG_distance100,chr21:g.46125789G>A|cg12329404,COL6A2,0.0010609066870115313,G[C>T]G,destroyed,79
10,chr11:g.64297154C>T|cg13881637,KCNK4,0.08275376416617708,T3_SBS96_CpG_distance100,chr3:g.10234521C>T|cg18716706,IRAK2,-0.003552350770868906,G[C>T]G,destroyed,75
10,chr11:g.64297154C>T|cg13881637,KCNK4,0.08275376416617708,T3_SBS96_CpG_distance100,chr5:g.1479654C>T|cg05145573,LPCAT1,0.013918008297862827,G[C>T]G,destroyed,142
10,chr11:g.64297154C>T|cg13881637,KCNK4,0.08275376416617708,T3_SBS96_CpG_distance100,chr5:g.33936923G>A|cg02305687,RXFP3,0.03513623582516845,G[C>T]G,destroyed,154
10,chr11:g.64297154C>T|cg13881637,KCNK4,0.08275376416617708,T3_SBS96_CpG_distance100,chr7:g.158192471G>A|cg19738802,PTPRN2,-0.003851183551185966,G[C>T]G,destroyed,8
