Variant_UID,Gene,Deterministic_Delta_Beta,Deterministic_Absolute_Rank,MC_Delta_Median,MC_Delta_P05,MC_Delta_P95,MC_Delta_STD,Sign_Consistency,MC_Rank_Median,MC_Rank_P05,MC_Rank_P95,Top10_Frequency,Top20_Frequency,Deterministic_WT_Sequence_Gate,Deterministic_WT_Epigenomic_Gate,Deterministic_Mutant_Sequence_Gate,Deterministic_Mutant_Epigenomic_Gate,WT_Sequence_Gate_Median,WT_Epigenomic_Gate_Median,WT_Sequence_Ratio_Median,Mutant_Sequence_Ratio_Median
chr8:g.10428264C>T|cg14264678,MSRA,0.24267578125,1,0.20043945,0.11643066,0.25598145,0.050212808,1.0,2.0,1.0,9.649999999999991,0.94,1.0,0.0196075439453125,0.0174407958984375,0.0194549560546875,0.0207672119140625,0.01777649,0.018577576,0.48360184,0.5083072
chr7:g.50543912G>A|cg05346287,DDC,-0.181640625,2,-0.12475586,-0.25048828,-0.079833984,0.05383453,1.0,5.0,1.0,17.64999999999999,0.82,0.98,0.02606201171875,0.01287078857421875,0.018096923828125,0.0127716064453125,0.026481628,0.012996674,0.6624438,0.5997081
chr1:g.6128067C>T|cg12135344,CHD5,-0.16064453125,3,-0.18835449,-0.28043213,-0.07913819,0.062272366,1.0,2.0,1.0,16.099999999999994,0.88,0.96,0.0284881591796875,0.006931304931640625,0.0411376953125,0.0078125,0.02532959,0.0075626373,0.77229965,0.8135163
chr19:g.4048232C>T|cg21206277,ZBTB7A,-0.125,4,-0.088378906,-0.1696045,-0.03647461,0.044945437,1.0,12.0,4.45,61.39999999999998,0.5,0.64,0.045440673828125,0.0261993408203125,0.0240478515625,0.015899658203125,0.045059204,0.02558899,0.63316333,0.6029509
chr3:g.122922265G>A|cg10783060,SEMA5B,-0.108154296875,5,-0.055908203,-0.1317749,0.0436035,0.055161573,0.84,31.0,5.45,392.19999999999976,0.2,0.34,0.022247314453125,0.0035247802734375,0.0225067138671875,0.0030994415283203125,0.023910522,0.0034294128,0.8742582,0.88509035
chr8:g.31032390C>T|cg02006610,PURG,-0.10400390625,6,-0.059814453,-0.117651366,-0.016357433,0.032009616,1.0,33.0,5.45,188.39999999999964,0.2,0.42,0.03173828125,0.00400543212890625,0.025421142578125,0.0032863616943359375,0.035614014,0.0048675537,0.88041025,0.87158287
chr1:g.27551615G>A|cg23931121,AHDC1,-0.10205078125,7,-0.08227539,-0.1517334,-0.023876954,0.04207521,1.0,17.5,3.0,106.04999999999997,0.38,0.56,0.0197601318359375,0.015777587890625,0.017913818359375,0.014007568359375,0.02735138,0.018585205,0.5953083,0.57388633
chr11:g.64207400C>T|cg20136100,FERMT3,-0.095703125,8,-0.05517578,-0.11452637,-0.019653322,0.029038351,1.0,33.0,8.45,122.44999999999995,0.14,0.24,0.034088134765625,0.022247314453125,0.0232391357421875,0.01837158203125,0.03614807,0.022712708,0.6137748,0.58355004
chr9:g.122226983C>T|cg21213617,LHX6,0.083251953125,9,0.08544922,-0.07276611,0.18066405,0.09242797,0.8,11.5,2.0,415.3499999999997,0.48,0.6,0.039276123046875,0.002414703369140625,0.030792236328125,0.0023136138916015625,0.031707764,0.0023918152,0.92380804,0.9167931
chr11:g.64297154C>T|cg13881637,KCNK4,0.08251953125,10,0.048339844,0.009985352,0.084228516,0.023079887,1.0,43.5,15.8,234.64999999999992,0.02,0.08,0.0231475830078125,0.01450347900390625,0.03167724609375,0.0165863037109375,0.02696228,0.015457153,0.6393156,0.67042935
chr16:g.67163040G>A|cg03456938,FBXL8,0.08056640625,11,0.09753418,0.061694335,0.13005371,0.02316913,1.0,10.0,4.0,32.19999999999999,0.58,0.9,0.0236968994140625,0.01363372802734375,0.02288818359375,0.01384735107421875,0.025878906,0.014228821,0.6378832,0.61914456
chr19:g.32980029G>A|cg22062383,RHPN2,0.07666015625,12,0.0715332,0.04362793,0.09677734,0.017767917,1.0,20.0,10.0,45.55,0.08,0.5,0.0162200927734375,0.029205322265625,0.021209716796875,0.03460693359375,0.016189575,0.031143188,0.34735858,0.37979943
chr12:g.57225741C>T|cg05441768,NXPH4,0.07177734375,13,0.072509766,0.055517577,0.09411621,0.012205745,1.0,19.0,12.45,32.55,0.02,0.58,0.0247039794921875,0.01094818115234375,0.0224151611328125,0.011505126953125,0.02709198,0.010990143,0.7161578,0.68090117
chr22:g.50312184G>A|cg22016859,DENND6B,-0.06884765625,14,-0.053466797,-0.0770752,-0.022851564,0.019615958,1.0,38.5,17.45,114.09999999999994,0.0,0.16,0.0250396728515625,0.01229095458984375,0.0217437744140625,0.0119171142578125,0.024612427,0.012924194,0.6599332,0.641698
chr19:g.4054876C>T|cg27301596,ZBTB7A,-0.0634765625,15,-0.05810547,-0.11198731,-0.009985352,0.037242115,0.96,32.5,6.0,226.14999999999998,0.12,0.32,0.018341064453125,0.0259552001953125,0.0162200927734375,0.02508544921875,0.020469666,0.026733398,0.43091708,0.41657203
chr10:g.101829188C>T|cg04368939,KCNIP2,-0.0634765625,16,-0.05871582,-0.14576416,0.01787109,0.052993026,0.92,31.0,4.0,260.4,0.26,0.4,0.0302734375,0.0121002197265625,0.029754638671875,0.01073455810546875,0.030960083,0.010818481,0.74344176,0.7531073
chr20:g.58854229C>G|cg21988465,GNAS,0.0625,17,0.05883789,-0.013525391,0.13502197,0.045958422,0.9,27.5,6.0,207.5499999999999,0.22,0.36,0.06085205078125,0.007518768310546875,0.0546875,0.00766754150390625,0.068603516,0.007575989,0.90131605,0.8888426
chr7:g.140425917C>T|cg16106080,RAB19,0.06201171875,18,0.029296875,-0.044921875,0.13505858,0.05565395,0.8,62.0,5.45,289.2499999999998,0.16,0.26,0.01751708984375,0.01395416259765625,0.0202484130859375,0.01525115966796875,0.021469116,0.015602112,0.5848868,0.59291047
chr17:g.50479754G>A|cg06900229,RSAD1,-0.057373046875,19,-0.06555176,-0.08513184,-0.041076668,0.012989783,1.0,25.0,14.0,48.64999999999999,0.0,0.3,0.017303466796875,0.02203369140625,0.0222015380859375,0.0220794677734375,0.015335083,0.02167511,0.41411042,0.45521438
chr1:g.13782466C>G|cg27544405,PRDM2,0.054931640625,20,0.06665039,0.027880859,0.13446045,0.03262029,1.0,25.0,4.45,85.04999999999997,0.24,0.42,0.0303802490234375,0.03131103515625,0.0261077880859375,0.0309600830078125,0.028572083,0.029647827,0.48962367,0.4469008
chr13:g.36125982G>A|cg16766613,DCLK1,0.0546875,21,0.049316406,-0.0022705076,0.20256348,0.06658652,0.9,42.5,2.45,561.5499999999998,0.26,0.36,0.0282135009765625,0.0207977294921875,0.033203125,0.02630615234375,0.041030884,0.028923035,0.59348667,0.59841406
chr12:g.130163956C>T|cg22347212,FZD10,0.05322265625,22,0.057006836,0.037768554,0.08256836,0.015175396,1.0,33.0,14.0,62.55,0.02,0.18,0.019195556640625,0.0024051666259765625,0.0182952880859375,0.002368927001953125,0.018058777,0.0028448105,0.8656436,0.85871917
chr1:g.154869641G>A|cg01963297,KCNN3,0.052734375,23,0.033691406,-0.01118164,0.10120849,0.03290682,0.9,69.5,9.45,268.65,0.08,0.16,0.03314208984375,0.0167236328125,0.02685546875,0.01763916015625,0.029899597,0.015716553,0.65247977,0.6078329
chr20:g.885235C>T|cg15229481,ANGPT4,0.0517578125,24,0.06213379,-0.0020874022,0.12673339,0.04257945,0.94,25.5,4.45,338.1,0.24,0.46,0.04345703125,0.0197906494140625,0.0390625,0.0207672119140625,0.0388031,0.02002716,0.6619177,0.6176846
chr13:g.113326000C>T|cg26133126,GRTP1,-0.05126953125,25,-0.039794922,-0.07524414,-0.022363283,0.015817942,1.0,50.5,19.9,117.79999999999995,0.0,0.06,0.027008056640625,0.017913818359375,0.0223236083984375,0.01554107666015625,0.028816223,0.01966095,0.6025243,0.5884368
chr5:g.181234694C>T|cg08956008,TRIM41,-0.04931640625,26,-0.03955078,-0.09237061,-0.005700688,0.0285034,0.96,60.0,11.45,288.89999999999986,0.02,0.16,0.0156707763671875,0.007289886474609375,0.01406097412109375,0.007038116455078125,0.01701355,0.009376526,0.6557623,0.6338756
chr2:g.127559734C>T|cg14302612,MYO7B,-0.04931640625,27,-0.044189453,-0.07590332,-0.01169434,0.020222707,1.0,49.0,17.45,220.5999999999998,0.0,0.08,0.0234222412109375,0.0144500732421875,0.02001953125,0.0142822265625,0.02319336,0.014503479,0.6149729,0.58699006
chr16:g.66922316G>A|cg15482422,RRAD,-0.04833984375,28,-0.044921875,-0.06499024,-0.025878906,0.012524472,1.0,47.0,28.45,98.0,0.0,0.0,0.0181884765625,0.0188751220703125,0.0167236328125,0.017181396484375,0.021743774,0.022415161,0.5078796,0.50043654
chr9:g.133206381C>T|cg14600041,OBP2B,0.0478515625,29,0.041015625,0.033374023,0.064697266,0.0117819775,1.0,55.0,26.35,75.1,0.0,0.04,0.0268096923828125,0.0154266357421875,0.03253173828125,0.0164642333984375,0.028274536,0.016532898,0.6218351,0.6523342
chr5:g.141173516C>T|cg01228941,PCDHB7,0.046630859375,30,0.03491211,-0.022973632,0.08355102,0.033851724,0.8,69.5,16.9,476.4999999999999,0.04,0.1,0.04107666015625,0.00916290283203125,0.03338623046875,0.0082855224609375,0.03857422,0.009231567,0.8063446,0.7891156
chr19:g.53892569G>A|cg08391709,PRKCG,-0.0458984375,31,-0.03857422,-0.10063477,-0.0017089881,0.033059753,0.94,56.5,9.0,408.95,0.08,0.2,0.0311431884765625,0.004299163818359375,0.0294189453125,0.00397491455078125,0.03388977,0.005344391,0.8662152,0.86414385
chr10:g.99330752G>A|cg15019541,CNNM1,-0.0458984375,32,-0.022705078,-0.111010745,0.05776367,0.05470235,0.62,61.0,7.45,472.9999999999997,0.08,0.16,0.0222015380859375,0.0101318359375,0.022247314453125,0.009857177734375,0.025352478,0.011577606,0.69516146,0.6781299
chr3:g.123734093C>T|cg17787502,MYLK,0.04345703125,33,0.05029297,0.0003662114,0.07875976,0.024652565,0.94,40.5,16.0,364.89999999999975,0.04,0.16,0.01238250732421875,0.004573822021484375,0.01337432861328125,0.00453948974609375,0.012996674,0.005428314,0.70260584,0.7193499
chr6:g.100449390G>A|cg26099134,SIM1,0.04296875,34,0.045166016,-0.047827147,0.14997558,0.06492159,0.78,31.0,4.0,229.69999999999996,0.3,0.42,0.0199432373046875,0.00734710693359375,0.0200958251953125,0.0078125,0.021881104,0.008934021,0.7120121,0.70287263
chr11:g.66592365G>A|cg20158826,CCDC87,0.0419921875,35,0.03466797,-0.0171875,0.076806635,0.03010337,0.86,68.0,20.8,328.0999999999999,0.02,0.06,0.0160980224609375,0.006072998046875,0.0169219970703125,0.006313323974609375,0.01838684,0.0074882507,0.7080724,0.7174408
chr18:g.60372131C>T|cg02037013,MC4R,0.0419921875,36,0.04559326,-0.0023315423,0.09675293,0.031247316,0.94,48.0,11.45,173.6999999999999,0.04,0.28,0.01322174072265625,0.011505126953125,0.0120086669921875,0.01078033447265625,0.012599945,0.012264252,0.5150075,0.51489925
chr2:g.65344845G>T|cg07588875,SPRED2,-0.04150390625,37,-0.034179688,-0.049804688,-0.015161136,0.011108454,1.0,71.0,37.0,174.7499999999999,0.0,0.0,0.0215301513671875,0.0272674560546875,0.02203369140625,0.026611328125,0.023086548,0.03149414,0.42351222,0.43240017
chr12:g.120766278C>T|cg02419362,SPPL3,0.04150390625,38,0.041259766,-0.031347655,0.1424194,0.048345547,0.78,51.0,4.3500000000000005,434.89999999999975,0.08,0.16,0.0303802490234375,0.0271759033203125,0.029144287109375,0.02838134765625,0.024353027,0.02722168,0.46746206,0.4495691
chr17:g.58279879C>T|cg02668773,MPO,0.04150390625,39,0.031677246,0.011962891,0.051904295,0.012187329,1.0,77.5,35.9,208.39999999999998,0.0,0.0,0.060089111328125,0.0033626556396484375,0.052703857421875,0.0032100677490234375,0.060195923,0.003317833,0.94965875,0.945274
chr4:g.133152765C>T|cg06667761,PCDH10,-0.039794921875,40,-0.030090332,-0.073431395,-0.013177492,0.019277198,1.0,79.5,19.45,191.54999999999995,0.0,0.12,0.0496826171875,0.0032978057861328125,0.053497314453125,0.0033111572265625,0.039093018,0.0033636093,0.9172435,0.9207188
chr19:g.3575620G>A|cg13437146,HMG20B,0.0380859375,41,0.02734375,-0.013891601,0.056518555,0.021528108,0.84,91.5,32.9,500.4499999999996,0.0,0.0,0.0194549560546875,0.0135345458984375,0.0221099853515625,0.01406097412109375,0.02017212,0.013954163,0.593117,0.6077695
chr6:g.107069202C>T|cg14658630,BEND3,-0.037109375,42,-0.028869629,-0.078826904,0.040808104,0.038762588,0.74,71.0,17.0,276.5999999999998,0.0,0.12,0.02630615234375,0.0090179443359375,0.0282745361328125,0.00881195068359375,0.028869629,0.009838104,0.7411902,0.7560275
chr17:g.65902182T>C|cg21388553,CEP112,0.037109375,43,0.037109375,-0.0248291,0.08303222,0.03607333,0.84,59.0,14.350000000000001,491.54999999999995,0.02,0.14,0.01142120361328125,0.024993896484375,0.012969970703125,0.0274810791015625,0.011688232,0.026504517,0.31035155,0.31694186
chr16:g.67395027C>G|cg13973436,ZDHHC1,-0.03662109375,44,-0.052001953,-0.08083496,-0.022485355,0.01803185,1.0,36.0,17.0,110.04999999999997,0.0,0.12,0.0216522216796875,0.0153656005859375,0.02203369140625,0.01525115966796875,0.021720886,0.015075684,0.59366333,0.6027554
chr3:g.48990898C>G|cg09610987,P4HTM,-0.03570556640625,45,-0.01626587,-0.046624757,0.0023864727,0.015132984,0.9,158.0,46.7,456.0999999999999,0.0,0.0,0.042572021484375,0.0160980224609375,0.04302978515625,0.01751708984375,0.04348755,0.01777649,0.7058304,0.6998211
chr5:g.33936923G>A|cg02305687,RXFP3,0.03515625,46,0.041015625,-0.06938477,0.15356445,0.065929666,0.74,40.5,1.9000000000000004,462.74999999999966,0.16,0.3,0.01763916015625,0.00600433349609375,0.0194549560546875,0.0066680908203125,0.018302917,0.0058784485,0.7548528,0.74489164
chr2:g.127590136C>T|cg23898305,MYO7B,-0.03515625,47,-0.027832031,-0.055664062,0.001391599,0.01634164,0.94,91.0,33.0,374.6499999999997,0.0,0.0,0.0311431884765625,0.0169830322265625,0.0278472900390625,0.0169219970703125,0.030303955,0.017242432,0.6392218,0.607262
chr10:g.116979301G>A|cg13467135,SHTN1,0.03466796875,48,0.025878906,0.01574707,0.0465332,0.010277539,1.0,96.5,42.45,166.34999999999997,0.0,0.0,0.02801513671875,0.03289794921875,0.03326416015625,0.03289794921875,0.029312134,0.032989502,0.47155577,0.51584834
chr19:g.5914680G>A|cg16992787,CAPS,0.03271484375,49,0.02368164,0.0059082033,0.04675293,0.015254636,0.96,108.0,45.35,234.69999999999996,0.0,0.02,0.02276611328125,0.01302337646484375,0.024932861328125,0.013275146484375,0.024772644,0.013637543,0.6405878,0.6585815
chr19:g.7934224G>A|cg17682949,TIMM44,-0.0322265625,50,-0.033935547,-0.09233399,0.02021484,0.038099147,0.88,63.5,11.350000000000001,452.2999999999997,0.06,0.2,0.0301055908203125,0.02203369140625,0.0262603759765625,0.02056884765625,0.027793884,0.020645142,0.5759867,0.55931664
chr15:g.45114644G>A|cg02550961,DUOXA2,-0.0322265625,51,-0.018737793,-0.044772338,-0.00694275,0.012145146,1.0,135.0,47.75,308.79999999999995,0.0,0.0,0.060302734375,0.01132965087890625,0.05877685546875,0.01009368896484375,0.060516357,0.011268616,0.8434789,0.8513572
chr4:g.41260715C>T|cg09270434,UCHL1,0.0322265625,52,0.0078125,-0.029321289,0.03876953,0.02494914,0.66,166.0,36.900000000000006,491.24999999999994,0.0,0.04,0.01433563232421875,0.019378662109375,0.0150146484375,0.02001953125,0.015075684,0.0206604,0.4238152,0.42442423
chr12:g.121509621C>T|cg20395646,KDM2B,-0.03173828125,53,-0.022949219,-0.05131836,-0.011181641,0.012528418,0.98,112.0,37.300000000000004,225.1,0.0,0.0,0.02685546875,0.0289306640625,0.023284912109375,0.0276336669921875,0.027824402,0.028160095,0.48816764,0.4724517
chr11:g.57301894T>C|cg11414415,TNKS1BP1,0.03076171875,54,0.021484375,0.016113281,0.035375968,0.006873707,1.0,119.5,65.35000000000001,157.1,0.0,0.0,0.0301055908203125,0.0287017822265625,0.03521728515625,0.0299835205078125,0.032043457,0.029006958,0.524564,0.5500928
chr7:g.27108443G>A|cg19048532,HOXA3,0.0306396484375,55,0.028656006,-0.055792235,0.14257202,0.067078516,0.66,47.5,3.45,360.3999999999997,0.18,0.4,0.04510498046875,0.00731658935546875,0.040924072265625,0.006412506103515625,0.044815063,0.0072898865,0.85827476,0.8638452
chr17:g.80221704G>A|cg07675682,SLC26A11,-0.0302734375,56,-0.015380859,-0.023486327,-0.0072753914,0.005357406,1.0,170.0,102.45,303.99999999999994,0.0,0.0,0.0296478271484375,0.0069580078125,0.0265045166015625,0.006641387939453125,0.031921387,0.0079193115,0.79372585,0.78630817
chr17:g.80344012G>A|cg22194904,RNF213,-0.0302734375,57,-0.021972656,-0.033251952,-0.0140625015,0.0059714466,1.0,114.5,73.25,186.89999999999995,0.0,0.0,0.0345458984375,0.040252685546875,0.0278472900390625,0.0374755859375,0.035980225,0.04145813,0.46707708,0.4447984
chr2:g.157443877C>T|cg12177677,CYTIP,0.0302734375,58,0.020507812,0.008251953,0.048681635,0.012592955,1.0,121.5,41.35,291.6499999999999,0.0,0.0,0.0266571044921875,0.00963592529296875,0.02947998046875,0.009521484375,0.02758789,0.009433746,0.73843884,0.7543617
chr1:g.240123297C>T|cg00816406,FMN2,-0.030029296875,59,-0.029052734,-0.07349853,0.0060974113,0.027846606,0.82,79.0,21.45,637.1499999999999,0.0,0.04,0.0297088623046875,0.00971221923828125,0.0345458984375,0.00933837890625,0.023536682,0.010738373,0.6915988,0.73346084
chr17:g.81282258C>T|cg00248875,SLC38A10,-0.02978515625,60,-0.020019531,-0.030810546,-0.013671875,0.0048726476,1.0,129.5,77.45,187.1,0.0,0.0,0.043701171875,0.0238189697265625,0.03656005859375,0.0226287841796875,0.04208374,0.023376465,0.64365673,0.6207242
chr7:g.99394113T>C|cg22729543,ARPC1B,0.029296875,61,0.022705078,-0.0006347655,0.054956056,0.019999411,0.94,114.5,32.9,544.9999999999999,0.0,0.02,0.0165252685546875,0.0179901123046875,0.017181396484375,0.0184326171875,0.017341614,0.019294739,0.47815138,0.4825775
chr19:g.17376980C>A|cg18102633,PLVAP,-0.029296875,62,-0.026367188,-0.061547853,-0.003100587,0.019533243,0.96,97.5,27.35,441.75,0.0,0.02,0.0384521484375,0.01861572265625,0.034088134765625,0.0184783935546875,0.03642273,0.018630981,0.6638732,0.64525396
chr10:g.48451013G>A|cg16696043,ARHGAP22,0.029296875,63,0.040771484,0.009448242,0.08361816,0.02651679,0.98,55.0,13.350000000000001,228.1,0.0,0.2,0.0240936279296875,0.01678466796875,0.0272674560546875,0.0177764892578125,0.02128601,0.015602112,0.57885945,0.5949115
chr11:g.315068C>G|cg23570810,IFITM1,0.02880859375,64,0.017822266,-0.018920898,0.07495117,0.029341917,0.82,115.0,21.45,476.2499999999999,0.0,0.04,0.029754638671875,0.00847625732421875,0.0311431884765625,0.00864410400390625,0.029312134,0.009304047,0.74135095,0.7464784
chr1:g.230249239G>A|cg03961853,GALNT2,-0.0283203125,65,-0.02709961,-0.057666015,-0.0011962894,0.017378287,0.96,98.5,33.45,524.6499999999997,0.0,0.02,0.0213623046875,0.01495361328125,0.019989013671875,0.0144500732421875,0.023605347,0.016815186,0.5841919,0.5716678
chr3:g.52372956G>A|cg14092988,DNAH1,-0.02783203125,66,-0.01928711,-0.058984376,0.025708007,0.025070941,0.84,105.5,32.2,444.75,0.0,0.04,0.0278472900390625,0.00763702392578125,0.0268096923828125,0.0070953369140625,0.0287323,0.007984161,0.7753165,0.7804119
chr8:g.66127283G>A|cg04145765,TRIM55,0.02685546875,67,0.025390625,-0.019213866,0.06540527,0.026636599,0.84,92.5,25.9,373.5499999999998,0.0,0.02,0.017181396484375,0.0131683349609375,0.01751708984375,0.01348114013671875,0.017677307,0.01392746,0.5588194,0.55626464
chr15:g.40368662C>T|cg27072603,DISP2,0.02685546875,68,0.017578125,-0.04008789,0.07485351,0.03615972,0.66,73.5,16.9,579.5999999999999,0.0,0.08,0.021209716796875,0.00518035888671875,0.0214080810546875,0.005260467529296875,0.022369385,0.005935669,0.78743005,0.78626907
chr10:g.92692378A>C|cg03330490,HHEX,-0.026611328125,69,-0.06237793,-0.14995117,0.120043874,0.08822063,0.74,18.0,3.0,232.09999999999988,0.42,0.54,0.015716552734375,0.007694244384765625,0.017181396484375,0.0083465576171875,0.016403198,0.0077552795,0.6830201,0.68508923
chr1:g.203483487G>A|cg20961782,PRELP,-0.0263671875,70,-0.023925781,-0.039868165,-0.014111329,0.009010706,1.0,106.0,58.8,178.64999999999998,0.0,0.0,0.046722412109375,0.01142120361328125,0.041839599609375,0.011199951171875,0.047164917,0.012550354,0.79448104,0.77948403
chr12:g.112869775G>A|cg02305353,RPH3A,0.0263671875,71,0.024414062,0.0040283203,0.05300293,0.015783096,0.98,103.0,37.25,361.5,0.0,0.02,0.029541015625,0.0048675537109375,0.0325927734375,0.00490570068359375,0.030380249,0.0057411194,0.84032655,0.84914815
chr2:g.174571878C>T|cg16707641,WIPF1,0.02587890625,72,0.028076172,0.002685547,0.07824706,0.02397662,0.96,90.5,16.8,463.3999999999994,0.0,0.08,0.029815673828125,0.0225830078125,0.036773681640625,0.022369384765625,0.027275085,0.021949768,0.55698556,0.6126393
chr14:g.103132761G>A|cg08301307,TNFAIP2,-0.025390625,73,-0.022216797,-0.04543457,-0.009716798,0.01088728,1.0,111.5,51.9,248.04999999999995,0.0,0.0,0.027008056640625,0.026458740234375,0.024566650390625,0.0256195068359375,0.02722168,0.026985168,0.5071472,0.4933154
chr17:g.7447082C>T|cg19440264,CHRNB1,-0.025390625,74,-0.028320312,-0.09857178,0.015551755,0.034716327,0.88,84.5,10.45,534.3999999999999,0.06,0.16,0.0169830322265625,0.004486083984375,0.0165252685546875,0.00441741943359375,0.016464233,0.004415512,0.7900284,0.7885207
chr19:g.17228886C>T|cg13782532,OCEL1,-0.025390625,75,-0.018554688,-0.051049806,0.011059569,0.02011701,0.8,134.5,39.15,539.8499999999998,0.0,0.02,0.027801513671875,0.017181396484375,0.02484130859375,0.017303466796875,0.029281616,0.017478943,0.62458557,0.6037186
chr19:g.8066180G>A|cg15742116,FBN3,0.025390625,76,0.012451172,-0.016870117,0.04550781,0.020040644,0.78,162.5,49.35,558.05,0.0,0.0,0.0271759033203125,0.0092315673828125,0.0264129638671875,0.0092315673828125,0.02748108,0.010753632,0.72623336,0.7229731
chr18:g.62979185G>A|cg13381110,PHLPP1,-0.02490234375,77,-0.020507812,-0.053686522,0.014843747,0.02168666,0.82,126.5,33.8,395.24999999999994,0.0,0.0,0.0135345458984375,0.01009368896484375,0.0125732421875,0.00997161865234375,0.015544891,0.011463165,0.5587934,0.54844576
chr7:g.151071708G>A|cg04824535,SLC4A2,-0.0244140625,78,-0.026611328,-0.04489746,-0.016186526,0.008606474,1.0,93.5,50.9,162.64999999999992,0.0,0.0,0.0236053466796875,0.016021728515625,0.0226287841796875,0.01512908935546875,0.024253845,0.016189575,0.6031166,0.6042439
chr8:g.64581594G>A|cg17307479,BHLHE22,-0.0242919921875,79,-0.028564453,-0.08572388,0.0009979231,0.028019208,0.94,86.0,13.350000000000001,460.0999999999999,0.04,0.1,0.0504150390625,0.004627227783203125,0.055816650390625,0.00455474853515625,0.049865723,0.0049915314,0.90638566,0.9177816
chr15:g.42730735C>T|cg11163383,CDAN1,0.02392578125,80,0.017089844,-0.055493165,0.07236328,0.040117476,0.7,60.0,19.25,391.5499999999999,0.0,0.06,0.0177764892578125,0.0177154541015625,0.017852783203125,0.0180511474609375,0.017913818,0.017745972,0.500846,0.5019381
chr5:g.141344471G>A|cg04438558,PCDHGA3,0.0234375,81,0.023071289,-0.018933106,0.068603516,0.029056106,0.82,94.0,23.6,533.65,0.02,0.06,0.023468017578125,0.00844573974609375,0.0236968994140625,0.00926971435546875,0.02709198,0.008968353,0.74830896,0.7360002
chr2:g.135809944G>A|cg15123519,LCT,-0.0234375,82,-0.022949219,-0.04018555,-0.008251954,0.009913481,0.98,113.5,54.9,278.04999999999995,0.0,0.0,0.049041748046875,0.019989013671875,0.04302978515625,0.018646240234375,0.048538208,0.02027893,0.7057433,0.6923709
chr19:g.45712707G>A|cg00756648,FBXO46,-0.0234375,83,-0.009765625,-0.028881837,-0.00021972694,0.009007114,0.94,249.0,88.15,626.4999999999998,0.0,0.0,0.0221099853515625,0.01666259765625,0.021820068359375,0.016021728515625,0.021965027,0.015930176,0.5787776,0.58173954
chr7:g.120856704G>A|cg03913921,TSPAN12,-0.023193359375,84,-0.030273438,-0.09415283,0.057641596,0.052704915,0.62,54.5,9.45,390.94999999999993,0.08,0.16,0.0179901123046875,0.0202484130859375,0.019866943359375,0.0182647705078125,0.019378662,0.020118713,0.49270165,0.51667994
chr16:g.3983263G>A|cg07628416,ADCY9,-0.02294921875,85,-0.013427734,-0.047460936,0.02280273,0.02210719,0.72,153.5,45.0,507.5499999999997,0.0,0.02,0.0194549560546875,0.00579833984375,0.0184783935546875,0.00579833984375,0.023170471,0.006904602,0.7609714,0.7602402
chr10:g.133293184C>T|cg24861866,TUBGCP2,0.0224609375,86,0.020263672,-0.0004638671,0.04401855,0.014043447,0.94,132.0,43.6,510.04999999999995,0.0,0.0,0.028594970703125,0.01090240478515625,0.030670166015625,0.01094818115234375,0.028678894,0.012195587,0.7093363,0.7208835
chr13:g.112826873C>A|cg15077546,ATP11A,-0.0224609375,87,-0.016845703,-0.025366211,-0.008471681,0.0058695055,1.0,154.0,104.35,282.5499999999999,0.0,0.0,0.043212890625,0.030670166015625,0.03704833984375,0.0303802490234375,0.044189453,0.029846191,0.60152674,0.5706165
chr3:g.56755032G>A|cg12835118,ARHGEF3,0.02197265625,88,0.012451172,-0.021972656,0.046435546,0.02034946,0.78,184.0,48.7,586.2499999999997,0.0,0.0,0.0279541015625,0.03173828125,0.03314208984375,0.033203125,0.028678894,0.032043457,0.47148454,0.48839664
chr18:g.80159825G>A|cg13590055,PARD6G,0.021484375,89,0.02331543,-0.04107666,0.08425293,0.043389093,0.62,67.0,11.45,535.0499999999998,0.04,0.14,0.034698486328125,0.0191650390625,0.03289794921875,0.0182952880859375,0.035003662,0.019386292,0.6491629,0.6442653
chr1:g.204455996G>A|cg27047255,PIK3C2B,0.02099609375,90,0.018798828,0.009497071,0.028100586,0.005483331,1.0,139.5,89.0,253.39999999999998,0.0,0.0,0.0374755859375,0.0284423828125,0.043121337890625,0.0284881591796875,0.036865234,0.028923035,0.5539241,0.59255755
chr20:g.44051473G>A|cg22457287,TOX2,0.0205078125,91,0.0146484375,-0.040942382,0.07934569,0.040370237,0.78,96.0,12.350000000000001,518.1499999999999,0.04,0.08,0.017852783203125,0.01016998291015625,0.017852783203125,0.01049041748046875,0.018814087,0.010990143,0.6321278,0.62510073
chr19:g.54939196C>T|cg18778097,NLRP7,-0.02001953125,92,-0.056152344,-0.17055663,0.046118155,0.06369893,0.76,29.5,3.0,333.7999999999997,0.18,0.34,0.023101806640625,0.010009765625,0.02191162109375,0.0099334716796875,0.021865845,0.009231567,0.6965201,0.6913489
chr16:g.20418118C>T|cg27514874,ACSM5,-0.02001953125,93,-0.022705078,-0.055786133,0.016650382,0.021493206,0.86,113.0,32.45,518.3499999999996,0.0,0.0,0.019378662109375,0.0264129638671875,0.0180511474609375,0.0255126953125,0.01977539,0.026763916,0.4232911,0.4157983
chr11:g.62690663C>T|cg13835337,BSCL2,-0.01953125,94,-0.012939453,-0.047338866,0.010351561,0.017981095,0.78,188.5,42.25,519.55,0.0,0.0,0.0239105224609375,0.0223236083984375,0.0221099853515625,0.021697998046875,0.024589539,0.022743225,0.52256775,0.50677526
chr17:g.39665443G>A|cg08345719,TCAP,0.01953125,95,0.021972656,0.017797852,0.030541992,0.0041462085,1.0,116.5,77.0,154.49999999999997,0.0,0.0,0.0230712890625,0.0154876708984375,0.0239105224609375,0.0154876708984375,0.023124695,0.015777588,0.595505,0.606061
chr11:g.1558979G>A|cg02248763,DUSP8,-0.01953125,96,-0.01953125,-0.04432373,0.009057617,0.016648492,0.9,132.0,47.0,417.4499999999998,0.0,0.0,0.01433563232421875,0.006931304931640625,0.01406097412109375,0.006877899169921875,0.015365601,0.0068645477,0.68556726,0.6843537
chr5:g.97094892G>T|cg24555286,LIX1,0.01904296875,97,0.013671875,-0.0053466796,0.0328125,0.013131947,0.88,189.0,73.15,590.4,0.0,0.0,0.028167724609375,0.0164642333984375,0.0295867919921875,0.0165252685546875,0.028785706,0.01675415,0.6273012,0.63702404
chr1:g.151520256C>T|cg24398933,CGN,-0.01904296875,98,-0.016601562,-0.04951172,0.012255859,0.017839937,0.84,151.5,44.0,520.0999999999999,0.0,0.0,0.023468017578125,0.011688232421875,0.0222930908203125,0.01177978515625,0.026153564,0.012825012,0.68024194,0.6630336
chr16:g.2586864G>A|cg00976532,PDPK1,-0.01904296875,99,-0.018798828,-0.07143555,0.020043941,0.029188871,0.76,105.5,23.700000000000003,509.55,0.0,0.04,0.0220794677734375,0.021575927734375,0.021484375,0.020965576171875,0.023086548,0.022605896,0.5052138,0.50118566
chr5:g.140850166C>T|cg24792717,PCDHA9,-0.01904296875,100,-0.0048828125,-0.042456053,0.02939453,0.028325116,0.62,204.5,31.85,553.3999999999997,0.02,0.04,0.0218658447265625,0.02630615234375,0.01898193359375,0.0252685546875,0.028709412,0.029510498,0.48938346,0.46356612
chr14:g.99398754G>C|cg19947357,SETD3,0.01904296875,101,0.006591797,-0.023046875,0.06933593,0.031617858,0.58,124.0,20.35,500.6999999999996,0.0,0.06,0.0246124267578125,0.0248870849609375,0.0263519287109375,0.0251312255859375,0.024841309,0.025367737,0.49690711,0.5087228
chr6:g.41736858G>A|cg23678165,PGC,-0.0185546875,102,-0.025390625,-0.036450196,-0.014868164,0.0075626764,1.0,97.0,65.35,173.0,0.0,0.0,0.036773681640625,0.01395416259765625,0.03424072265625,0.0141754150390625,0.03742981,0.014144897,0.7240733,0.6965475
chr9:g.128949234G>C|cg14105018,NUP188,0.0185546875,103,0.016601562,0.007446289,0.032006837,0.008056016,1.0,161.0,73.35,307.59999999999985,0.0,0.0,0.0221099853515625,0.033721923828125,0.0235137939453125,0.035064697265625,0.022010803,0.036315918,0.38130194,0.3898676
chr19:g.10567151G>A|cg17491564,CDKN2D,-0.0185546875,104,-0.021484375,-0.061303712,0.022827147,0.027013896,0.74,110.0,26.35,476.04999999999995,0.0,0.04,0.01483917236328125,0.0121002197265625,0.0142822265625,0.01238250732421875,0.015014648,0.012599945,0.54327834,0.52410233
chr5:g.141511158G>A|cg15004405,PCDHGA12,-0.0185546875,105,-0.016113281,-0.035839844,0.0010253899,0.011245597,0.92,162.0,70.35,575.3,0.0,0.0,0.0290374755859375,0.01751708984375,0.027801513671875,0.0169830322265625,0.030097961,0.0178833,0.6273222,0.620401
chr11:g.65584318C>G|cg18757468,EHBP1L1,-0.01806640625,106,-0.013671875,-0.0828125,0.04794921,0.03921569,0.7,97.5,11.9,574.9499999999999,0.04,0.1,0.01934814453125,0.01262664794921875,0.0179901123046875,0.01242828369140625,0.020866394,0.013298035,0.6108269,0.58309734
chr12:g.128814957G>A|cg24410690,SLC15A4,-0.01806640625,107,-0.0014648438,-0.013940429,0.00048828125,0.007157338,0.72,589.5,193.95,747.75,0.0,0.0,0.0386962890625,0.06231689453125,0.037384033203125,0.063720703125,0.042770386,0.053451538,0.4417093,0.4201877
chr3:g.197522698G>A|cg09610644,BDH1,-0.01806640625,108,-0.015136719,-0.02175293,-0.006567383,0.0044974703,1.0,169.0,120.0,319.65,0.0,0.0,0.0240936279296875,0.015716552734375,0.022979736328125,0.0156707763671875,0.024475098,0.01650238,0.5970876,0.5866757
chr19:g.7967597T>G|cg23254334,ELAVL1,0.01806640625,109,0.008056641,-0.027978515,0.08769531,0.037988212,0.68,137.5,11.45,544.2,0.04,0.14,0.01666259765625,0.0216217041015625,0.01751708984375,0.0207977294921875,0.016784668,0.022392273,0.42808357,0.45349213
chr17:g.4691401T>A|cg10698255,PELP1,0.01806640625,110,0.009033203,-0.0056396485,0.025292963,0.008521335,0.88,261.0,102.3,501.95,0.0,0.0,0.0305023193359375,0.021575927734375,0.0333251953125,0.0223236083984375,0.030792236,0.021469116,0.5923774,0.5906259
chr6:g.33679986C>T|cg18842187,ITPR3,0.01806640625,111,0.014892578,0.00070800784,0.029931638,0.009259211,0.98,174.5,76.45,658.9,0.0,0.0,0.0305023193359375,0.0230712890625,0.033203125,0.022979736328125,0.031951904,0.023216248,0.58272135,0.5954988
chr2:g.74515651C>T|cg19656282,TLX2,-0.017578125,112,-0.0095825195,-0.017279053,-0.0032684335,0.0047552865,1.0,249.0,150.9,463.4999999999998,0.0,0.0,0.047943115234375,0.00605010986328125,0.04913330078125,0.0057525634765625,0.053146362,0.005935669,0.8956585,0.900977
chr15:g.89483184G>A|cg24382063,RHCG,0.01708984375,113,0.013183594,0.0058105467,0.021801757,0.004896505,1.0,193.0,121.8,360.4499999999999,0.0,0.0,0.02880859375,0.01146697998046875,0.029876708984375,0.011505126953125,0.029876709,0.011940002,0.7122543,0.7139454
chr19:g.48807036C>G|cg27061836,BCAT2,-0.01708984375,114,-0.011962891,-0.022021484,-0.0070556644,0.004599364,1.0,215.0,112.95,308.74999999999994,0.0,0.0,0.025665283203125,0.01983642578125,0.0240936279296875,0.019561767578125,0.028678894,0.020721436,0.58542144,0.57219136
chr5:g.1073669G>A|cg05636015,SLC12A7,-0.01708984375,115,-0.011962891,-0.022607422,-0.006079102,0.0054440754,1.0,213.0,123.2,346.79999999999995,0.0,0.0,0.035888671875,0.020416259765625,0.033203125,0.0196075439453125,0.03715515,0.020744324,0.6441879,0.6351501
chr15:g.42401756G>A|cg20309061,CAPN3,-0.0166015625,116,-0.0021972656,-0.030639648,0.02158203,0.016391214,0.64,217.0,75.7,636.5,0.0,0.0,0.024658203125,0.0182342529296875,0.02337646484375,0.0180511474609375,0.024887085,0.018798828,0.55986476,0.5620884
chr8:g.122953574G>A|cg18191087,ZHX2,-0.0166015625,117,-0.010498047,-0.036108397,0.00080566294,0.012262288,0.92,228.0,61.0,557.9999999999998,0.0,0.0,0.03985595703125,0.0222930908203125,0.03521728515625,0.021484375,0.044189453,0.02368927,0.6519082,0.62112546
chr10:g.48451079C>T|cg16696043,ARHGAP22,0.0166015625,118,0.03100586,-0.0036865235,0.06357422,0.021885158,0.9,81.0,24.45,449.6499999999999,0.0,0.0,0.0240936279296875,0.01678466796875,0.025909423828125,0.0173797607421875,0.021308899,0.015628815,0.57707644,0.58912003
chr2:g.237374800C>T|cg14556851,COL6A3,-0.01611328125,119,-0.0073242188,-0.012036133,-0.0043945312,0.0023666408,1.0,295.0,210.1,396.55,0.0,0.0,0.0369873046875,0.014007568359375,0.034881591796875,0.01358795166015625,0.037857056,0.014560699,0.7265973,0.7276493
chr19:g.1482993G>A|cg01091751,PCSK4,0.01611328125,120,0.014404297,0.003149414,0.031518556,0.0087360665,0.96,178.0,79.45,447.6499999999999,0.0,0.0,0.03265380859375,0.01507568359375,0.034881591796875,0.0153656005859375,0.03326416,0.015159607,0.6859319,0.69629776
chr11:g.57543035G>A|cg04766618,SMTNL1,0.01611328125,121,0.023925781,0.009887695,0.048657224,0.012441384,0.98,104.0,41.25,246.7499999999999,0.0,0.0,0.021453857421875,0.0058441162109375,0.0222015380859375,0.00595855712890625,0.02217865,0.006134033,0.78228843,0.7869287
chr19:g.39872229C>T|cg00398728,FCGBP,0.01611328125,122,0.010253906,0.00012207043,0.01936035,0.006182032,0.94,238.0,135.6,572.9499999999999,0.0,0.0,0.03802490234375,0.009124755859375,0.04083251953125,0.00955963134765625,0.041030884,0.009780884,0.8023564,0.808188
chr17:g.42784054C>T|cg05614735,WNK4,0.01611328125,123,0.011230469,0.0036376952,0.027612304,0.0078019053,1.0,222.0,86.15,433.74999999999994,0.0,0.0,0.0196380615234375,0.0115966796875,0.0202178955078125,0.011688232421875,0.021080017,0.012382507,0.6402823,0.6451304
chr3:g.141778662C>T|cg27638148,GRK7,-0.01611328125,124,-0.014404297,-0.039086916,0.0031738244,0.012555575,0.92,187.0,57.25,368.54999999999995,0.0,0.0,0.0472412109375,0.0184326171875,0.042816162109375,0.0185089111328125,0.045394897,0.018798828,0.71561503,0.68815506
chr2:g.219218581G>T|cg23547073,ABCB6,-0.0159912109375,125,-0.019897461,-0.040246584,-0.0053710975,0.010322954,1.0,137.5,55.0,395.49999999999943,0.0,0.0,0.0325927734375,0.021240234375,0.034942626953125,0.0213623046875,0.024116516,0.020271301,0.5555705,0.5668511
chr17:g.58278059G>T|cg07110356,MPO,-0.015625,126,-0.0073242188,-0.02866211,-0.0014648438,0.0123386,0.98,304.0,84.25,604.1,0.0,0.0,0.042083740234375,0.00586700439453125,0.03802490234375,0.00605010986328125,0.04534912,0.006652832,0.8710289,0.86522484
chr20:g.62216651G>A|cg04752263,HRH3,0.015625,127,0.014892578,0.0011962891,0.03688965,0.011696308,0.96,172.0,67.9,483.0499999999996,0.0,0.0,0.035064697265625,0.01073455810546875,0.03790283203125,0.010986328125,0.034362793,0.011398315,0.7580273,0.76681155
chr17:g.7017264G>A|cg17415576,C17orf49,0.015625,128,0.012939453,-0.027661134,0.05078125,0.026813276,0.66,131.5,34.0,686.8999999999997,0.0,0.0,0.02276611328125,0.019195556640625,0.023101806640625,0.019012451171875,0.023353577,0.0206604,0.5358224,0.53864276
chr2:g.88067960C>T|cg03704645,SMYD1,0.015625,129,0.011474609,0.005859375,0.018603515,0.004653423,0.98,220.0,143.6,350.75,0.0,0.0,0.0244293212890625,0.025177001953125,0.0259552001953125,0.0255584716796875,0.025466919,0.024475098,0.5021768,0.51353663
chr16:g.1507646C>T|cg04517903,TELO2,0.01513671875,130,0.012207031,-0.00026855466,0.031665035,0.0113631245,0.92,214.5,81.35,577.15,0.0,0.0,0.0273284912109375,0.0200653076171875,0.02886962890625,0.0203704833984375,0.027740479,0.020904541,0.571599,0.5808289
chr1:g.161505494G>A|cg27470554,FCGR2A,0.01513671875,131,0.01171875,-0.0076416014,0.0329834,0.012961289,0.78,206.0,70.35,564.8999999999999,0.0,0.0,0.02044677734375,0.0174407958984375,0.021087646484375,0.0177764892578125,0.021347046,0.01802063,0.54361546,0.5483125
chr1:g.201999943C>T|cg20674658,RNPEP,0.01513671875,132,0.01171875,0.006787109,0.01647949,0.0030693114,1.0,213.0,155.65,319.0499999999999,0.0,0.0,0.0139007568359375,0.006168365478515625,0.0144500732421875,0.0062408447265625,0.017547607,0.007940292,0.68996465,0.6957688
chr7:g.48041395C>T|cg00731958,C7orf57,-0.01513671875,133,0.00390625,-0.074365236,0.063598625,0.042604785,0.48,69.5,17.45,388.4499999999997,0.04,0.1,0.01473236083984375,0.01129150390625,0.014556884765625,0.01177978515625,0.0151901245,0.011375427,0.56326616,0.5599848
chr17:g.59213007G>T|cg10421011,SMG8,-0.01513671875,134,-0.010498047,-0.03791504,4.882738e-05,0.011230529,0.94,234.0,63.9,633.0499999999997,0.0,0.0,0.02685546875,0.03131103515625,0.02508544921875,0.0299224853515625,0.028015137,0.030410767,0.4721187,0.46771404
chr2:g.96327222C>A|cg06827611,ITPRIPL1,-0.01513671875,135,-0.013183594,-0.016601562,-0.009765625,0.0021506331,1.0,196.5,157.0,241.55,0.0,0.0,0.029754638671875,0.00878143310546875,0.0282745361328125,0.008880615234375,0.030273438,0.0097846985,0.74703324,0.7374558
chr11:g.62690862C>T|cg13835337,BSCL2,0.01513671875,136,0.010986328,-0.006616211,0.03005371,0.012579996,0.82,223.5,80.45,501.74999999999994,0.0,0.0,0.0239105224609375,0.0223236083984375,0.0252227783203125,0.0225830078125,0.024360657,0.022781372,0.52204394,0.5281893
chr22:g.50528599G>A|cg06345736,TYMP,0.0146484375,137,0.020263672,-0.006860351,0.043945312,0.015283791,0.92,130.5,47.15,322.34999999999997,0.0,0.0,0.02069091796875,0.00701141357421875,0.0217437744140625,0.0070648193359375,0.021759033,0.0073451996,0.7344456,0.74725664
chr19:g.51368536G>A|cg22065498,CLDND2,-0.0146484375,138,-0.019042969,-0.03708496,0.011425778,0.017256763,0.8,139.5,61.75,593.4999999999998,0.0,0.02,0.0225372314453125,0.004665374755859375,0.021697998046875,0.004665374755859375,0.023040771,0.0052108765,0.8104024,0.80208415
chr3:g.137999033A>T|cg17574958,CLDN18,0.0146484375,139,0.014892578,-0.020068359,0.049584962,0.02242171,0.74,135.0,42.45,427.29999999999984,0.0,0.02,0.0201416015625,0.01094818115234375,0.02069091796875,0.0110321044921875,0.01991272,0.010551453,0.65727746,0.6592343
chr7:g.4210080C>T|cg21519944,SDK1,-0.0146484375,140,-0.015625,-0.023974609,-0.01069336,0.004105262,1.0,170.5,105.7,231.89999999999995,0.0,0.0,0.03521728515625,0.00948333740234375,0.032958984375,0.0094146728515625,0.03694153,0.01084137,0.7753172,0.7638896
chr1:g.154946660G>C|cg06969521,PBXIP1,-0.0146484375,141,-0.021240234,-0.0564209,0.007470701,0.020978441,0.86,126.5,32.0,524.7999999999997,0.0,0.0,0.0192413330078125,0.015777587890625,0.0188751220703125,0.0154876708984375,0.020355225,0.01675415,0.5541121,0.5446499
chr20:g.46563483G>A|cg12760968,SLC13A3,0.01416015625,142,0.008056641,-0.007861328,0.043115225,0.015035896,0.8,226.0,52.7,503.4999999999999,0.0,0.0,0.042236328125,0.00844573974609375,0.045440673828125,0.00847625732421875,0.04269409,0.008815765,0.83473563,0.83950984
chr1:g.153638310G>A|cg02482497,CHTOP,-0.01416015625,143,-0.0087890625,-0.07724609,0.044628896,0.034712926,0.74,142.5,14.45,550.3,0.0,0.08,0.011688232421875,0.023284912109375,0.0115509033203125,0.02288818359375,0.0122413635,0.024406433,0.33702683,0.34120405
chr5:g.1479654C>T|cg05145573,LPCAT1,0.013916015625,144,0.011108398,0.0020141602,0.020178221,0.005833792,0.96,231.0,131.9,551.9499999999997,0.0,0.0,0.025421142578125,0.00812530517578125,0.024383544921875,0.00806427001953125,0.022201538,0.009616852,0.7037685,0.7008594
chr19:g.42095557C>T|cg06178887,POU2F2,-0.013671875,145,-0.005126953,-0.020703126,-0.00021972694,0.0077114557,0.94,375.0,128.4,683.1,0.0,0.0,0.03424072265625,0.01554107666015625,0.0312042236328125,0.015777587890625,0.03614807,0.015636444,0.69890463,0.6831159
chr3:g.50320319C>G|cg00467652,HYAL2,-0.013671875,146,-0.010498047,-0.033251952,0.008081054,0.013858638,0.84,231.0,70.8,680.0999999999999,0.0,0.0,0.026702880859375,0.00881195068359375,0.0254669189453125,0.00867462158203125,0.02936554,0.009506226,0.75806165,0.7475823
chr11:g.122851829G>A|cg01659052,CRTAM,0.013671875,147,0.0056152344,0.001953125,0.012475586,0.00420642,1.0,347.0,205.45,559.5,0.0,0.0,0.02056884765625,0.030853271484375,0.021087646484375,0.03155517578125,0.02407074,0.02998352,0.4532256,0.4568714
chr13:g.26759489C>T|cg15726245,GPR12,0.013427734375,148,0.012939453,-0.017358398,0.05214843,0.021962425,0.72,161.0,42.050000000000004,608.1999999999997,0.0,0.0,0.01861572265625,0.0218658447265625,0.0205230712890625,0.0240936279296875,0.022117615,0.022781372,0.48805258,0.4925419
chr12:g.120498117G>A|cg01168339,DYNLL1,-0.013427734375,149,-0.0076904297,-0.023352051,0.007604978,0.010002034,0.8,283.5,101.9,687.7499999999999,0.0,0.0,0.01116180419921875,0.0150146484375,0.01090240478515625,0.01525115966796875,0.0115737915,0.016464233,0.42684156,0.42949626
chr8:g.143868832G>C|cg10433678,EPPK1,-0.01318359375,150,-0.014160156,-0.024731446,-0.004125977,0.006731281,0.98,186.5,97.7,416.6499999999999,0.0,0.0,0.042327880859375,0.01861572265625,0.039703369140625,0.018341064453125,0.04248047,0.019203186,0.69272065,0.6835565
chr16:g.2055459T>C|cg00500602,TSC2,0.01318359375,151,0.013916016,-0.0042236326,0.055590816,0.022361292,0.92,177.0,31.9,439.1,0.02,0.04,0.03173828125,0.0323486328125,0.0374755859375,0.033203125,0.030586243,0.031982422,0.48383301,0.51980615
chr5:g.141355542G>T|cg05043461,PCDHGA4,0.01318359375,152,0.0076904297,-0.03729248,0.0687866,0.034971472,0.6,136.5,20.700000000000003,551.5999999999999,0.04,0.06,0.0209197998046875,0.006072998046875,0.0192413330078125,0.0055999755859375,0.02167511,0.00630188,0.7648803,0.7677083
chr2:g.74250415G>A|cg01272428,SLC4A5,-0.01318359375,153,-0.0068359375,-0.011547851,-0.0036376957,0.00303867,1.0,316.0,217.35,443.19999999999993,0.0,0.0,0.0143890380859375,0.0038547515869140625,0.014007568359375,0.0038394927978515625,0.01826477,0.004896164,0.7808813,0.77832514
chr2:g.237540503A>G|cg26753393,MLPH,0.01318359375,154,-0.0007324219,-0.036206055,0.05656738,0.030153606,0.48,121.5,32.050000000000004,628.15,0.0,0.02,0.0156707763671875,0.00428009033203125,0.015899658203125,0.00426483154296875,0.016059875,0.0046634674,0.7767229,0.77717185
chr17:g.63542416C>A|cg04937794,KCNH6,-0.01318359375,155,-0.016113281,-0.02565918,-0.008520508,0.0048920116,1.0,162.0,102.95,273.69999999999993,0.0,0.0,0.0345458984375,0.0177154541015625,0.03240966796875,0.017242431640625,0.034240723,0.018348694,0.65190375,0.642112
chr18:g.3879238G>A|cg25693099,DLGAP1,-0.01318359375,156,-0.012207031,-0.017626952,-0.0073242188,0.0032308293,1.0,201.5,146.8,312.59999999999997,0.0,0.0,0.0531005859375,0.015838623046875,0.046539306640625,0.0154876708984375,0.05404663,0.01701355,0.7615025,0.74799234
chr3:g.57110268C>A|cg22870661,IL17RD,0.01318359375,157,0.008056641,-0.0048828125,0.016870117,0.006758888,0.88,279.5,156.6,485.75,0.0,0.0,0.0321044921875,0.0312042236328125,0.034820556640625,0.03167724609375,0.032104492,0.030853271,0.50736547,0.51699954
chr2:g.31580649C>A|cg19502744,SRD5A2,0.0130615234375,158,0.0069885254,-0.014154052,0.04951477,0.019432021,0.74,222.0,38.15,654.65,0.0,0.0,0.06109619140625,0.0035114288330078125,0.0574951171875,0.0034427642822265625,0.063079834,0.004087448,0.93989944,0.93838286
chr20:g.2794235C>T|cg21603679,CPXM1,-0.0126953125,159,-0.013183594,-0.03317871,-0.0007080082,0.009713589,0.96,189.5,72.85000000000001,566.0499999999998,0.0,0.0,0.0322265625,0.001964569091796875,0.0309600830078125,0.0019121170043945312,0.03149414,0.0022964478,0.93021774,0.92902446
chr16:g.3966693C>T|cg09152120,ADCY9,-0.0126953125,160,-0.021972656,-0.05131836,0.035620116,0.02736243,0.74,95.0,37.45,558.15,0.0,0.0,0.0279541015625,0.029876708984375,0.027435302734375,0.0295867919921875,0.028251648,0.027824402,0.502162,0.4999868
chr11:g.1841186C>T|cg05258834,TNNI2,-0.0126953125,161,-0.017089844,-0.041967772,0.008569336,0.01619482,0.88,158.0,46.6,601.3999999999999,0.0,0.0,0.0255126953125,0.0115966796875,0.0240936279296875,0.011688232421875,0.026054382,0.011096954,0.6957797,0.675769
chr1:g.117368303C>G|cg11819305,MAN1A2,-0.012451171875,162,-0.01171875,-0.029864501,-0.0013061529,0.00968808,0.96,211.5,81.9,531.3499999999998,0.0,0.0,0.009521484375,0.037811279296875,0.009521484375,0.04010009765625,0.010387421,0.038986206,0.20900726,0.1989733
chr4:g.1113419T>G|cg11118359,RNF212,0.012451171875,163,0.010009766,-0.006411743,0.028802488,0.010080838,0.9,246.0,88.8,604.5999999999999,0.0,0.0,0.051666259765625,0.01473236083984375,0.049591064453125,0.01483917236328125,0.051605225,0.014060974,0.78727853,0.77919185
chr3:g.46408286C>G|cg14749678,CCRL2,-0.01220703125,164,-0.0075683594,-0.02109375,0.001953125,0.00696839,0.9,297.0,125.85000000000001,542.85,0.0,0.0,0.0360107421875,0.01473236083984375,0.034423828125,0.0150146484375,0.035339355,0.015396118,0.69998974,0.6886487
chr6:g.40432561G>A|cg24851166,LRFN2,0.01220703125,165,0.0107421875,-0.004663086,0.026733397,0.009553562,0.9,231.0,89.15,501.09999999999945,0.0,0.0,0.03240966796875,0.0180511474609375,0.03436279296875,0.0181884765625,0.031341553,0.018157959,0.6349472,0.6487889
chr4:g.1167616C>G|cg14525473,SPON2,-0.01214599609375,166,-0.012161255,-0.05932007,0.038119502,0.034106884,0.76,154.0,19.35,568.55,0.04,0.06,0.046112060546875,0.0141143798828125,0.0489501953125,0.01363372802734375,0.04307556,0.015159607,0.73334974,0.75763166
chr5:g.140342661C>T|cg26306638,HBEGF,0.01171875,167,0.014404297,-0.027368164,0.04736328,0.023278559,0.74,137.0,44.25,527.5999999999999,0.0,0.0,0.015960693359375,0.0201416015625,0.0161590576171875,0.0208892822265625,0.01599884,0.020118713,0.43691397,0.43514323
chr1:g.26863230G>T|cg13466284,SFN,-0.01171875,168,-0.014343262,-0.037945557,0.012231445,0.016086308,0.78,179.0,62.400000000000006,551.3,0.0,0.0,0.01267242431640625,0.0200653076171875,0.012969970703125,0.020843505859375,0.012214661,0.01902771,0.3877598,0.38494238
chr15:g.23645282G>A|cg04014889,MAGEL2,0.01171875,169,0.012939453,-0.015893554,0.030200193,0.015095949,0.78,154.5,72.9,511.59999999999997,0.0,0.0,0.0280609130859375,0.0103302001953125,0.028594970703125,0.01049041748046875,0.028083801,0.010902405,0.72292054,0.72440875
chr7:g.98628497T>C|cg15903624,NPTX2,0.01171875,170,0.008544922,0.004345703,0.013989257,0.0029564044,1.0,271.5,188.85,416.7499999999999,0.0,0.0,0.05145263671875,0.010650634765625,0.055816650390625,0.0115509033203125,0.05316162,0.011070251,0.8287085,0.8289285
chr16:g.87851755G>A|cg05911082,SLC7A5,-0.01171875,171,-0.011474609,-0.032055665,0.016894527,0.016470684,0.72,177.0,73.9,562.4499999999998,0.0,0.0,0.0305633544921875,0.01384735107421875,0.0299224853515625,0.01348114013671875,0.030036926,0.013767242,0.68006486,0.6851969
chr2:g.1676937G>A|cg24767423,PXDN,0.01123046875,172,0.010253906,-0.0147949215,0.03383789,0.01533068,0.72,210.5,75.25,551.9499999999999,0.0,0.0,0.02337646484375,0.024383544921875,0.0238189697265625,0.02508544921875,0.02319336,0.024475098,0.4919887,0.49241725
chr20:g.59939101G>A|cg00400263,PPP1R3D,-0.01123046875,173,-0.0126953125,-0.019311523,-0.0070556644,0.004423731,1.0,204.0,131.3,309.15,0.0,0.0,0.024139404296875,0.00757598876953125,0.0231475830078125,0.00763702392578125,0.024230957,0.008140564,0.7473619,0.743578
chr3:g.38141265C>G|cg01351089,MYD88,-0.01123046875,174,-0.012451172,-0.042749025,0.014746092,0.020742344,0.7,175.5,47.300000000000004,454.89999999999986,0.0,0.0,0.023284912109375,0.01812744140625,0.0222015380859375,0.0179901123046875,0.02481842,0.019065857,0.5653069,0.5537282
chr1:g.240493440C>G|cg00081729,GREM2,0.01123046875,175,0.0068359375,-0.013427734,0.02770996,0.014160153,0.82,222.5,82.3,644.3499999999998,0.0,0.0,0.038330078125,0.0239105224609375,0.04052734375,0.0244293212890625,0.03831482,0.024024963,0.61663496,0.62563777
chr14:g.23349325C>A|cg13974427,SLC22A17,0.0107421875,176,0.009765625,0.0063476562,0.014916992,0.0028213938,1.0,250.5,177.15,328.9,0.0,0.0,0.0279541015625,0.006771087646484375,0.0287628173828125,0.006771087646484375,0.028785706,0.007123947,0.8008417,0.8055017
chr11:g.34139416C>T|cg09508189,NAT10,-0.0107421875,177,-0.017089844,-0.034228515,-0.003540041,0.010799202,0.96,151.0,70.45,375.29999999999995,0.0,0.0,0.020294189453125,0.020294189453125,0.0200653076171875,0.0194549560546875,0.020767212,0.021125793,0.49415296,0.4909531
chr16:g.1673943C>T|cg05337607,CRAMP1,0.0107421875,178,0.0078125,-0.0069824215,0.02412109,0.010617702,0.72,241.5,107.9,633.55,0.0,0.0,0.0271759033203125,0.021820068359375,0.0280609130859375,0.022247314453125,0.028762817,0.022239685,0.56699157,0.5705148
chr9:g.116697868C>T|cg14085500,TRIM32,0.0107421875,179,0.0043945312,-0.0036865235,0.009277344,0.0038052965,0.82,403.5,263.35,657.75,0.0,0.0,0.0242767333984375,0.0293121337890625,0.0258026123046875,0.0297088623046875,0.025566101,0.029624939,0.45770717,0.46490377
chr11:g.1254852C>G|cg24433043,MUC5B,-0.0107421875,180,-0.011962891,-0.039819337,0.012011714,0.015032694,0.74,197.5,57.35,712.4499999999998,0.0,0.0,0.0268096923828125,0.0125732421875,0.0261993408203125,0.0125274658203125,0.028213501,0.013584137,0.6755207,0.67285025
chr5:g.149374591G>A|cg19424122,IL17B,-0.0107421875,181,-0.0061035156,-0.032177735,0.014233394,0.016095245,0.62,224.5,64.5,691.75,0.0,0.0,0.0313720703125,0.01953125,0.0303802490234375,0.0188751220703125,0.03378296,0.019462585,0.6307783,0.6327869
chr2:g.1209219G>A|cg13049247,SNTG2,-0.0107421875,182,-0.010498047,-0.014208985,-0.0068359375,0.002802168,1.0,239.0,178.3,320.29999999999995,0.0,0.0,0.048492431640625,0.0147857666015625,0.04534912109375,0.0150146484375,0.049865723,0.015216827,0.7764182,0.76032835
chr6:g.160122004C>T|cg13466809,SLC22A1,0.0107421875,183,0.009277344,-0.008837891,0.025976561,0.010524971,0.72,247.0,98.8,637.5499999999998,0.0,0.0,0.0222015380859375,0.02069091796875,0.023468017578125,0.02044677734375,0.023468018,0.021469116,0.5262204,0.53764576
chr8:g.88327195G>A|cg11536457,MMP16,-0.010284423828125,184,-0.007522583,-0.016659547,-0.004325867,0.0037879685,1.0,287.0,161.3,404.95,0.0,0.0,0.049224853515625,0.0156707763671875,0.049224853515625,0.01512908935546875,0.048858643,0.01530838,0.75977117,0.7629546
chr6:g.134949937C>T|cg02396253,ALDH8A1,0.01025390625,185,0.009521484,-0.0027587889,0.027832031,0.008501327,0.9,241.0,87.0,548.9,0.0,0.0,0.030731201171875,0.0299835205078125,0.033599853515625,0.029083251953125,0.031288147,0.028755188,0.51891685,0.5430311
chr10:g.73791488C>T|cg05869392,ZSWIM8,-0.01025390625,186,-0.012939453,-0.050439455,0.023901364,0.02459797,0.74,152.0,35.0,578.55,0.0,0.02,0.040374755859375,0.03021240234375,0.037109375,0.0293731689453125,0.038391113,0.03024292,0.5609675,0.54128903
chr6:g.165661969C>T|cg04326854,PDE10A,-0.0101318359375,187,-0.008850098,-0.040844727,0.011901855,0.016007762,0.72,222.5,57.8,553.6999999999996,0.0,0.0,0.054412841796875,0.0115966796875,0.05633544921875,0.01142120361328125,0.05455017,0.011135101,0.83568895,0.84432185
chr6:g.52504751G>T|cg14279151,TRAM2,0.010009765625,188,0.010864258,-0.02861328,0.050292965,0.026989697,0.62,153.0,35.45,632.8999999999997,0.0,0.0,0.010986328125,0.00757598876953125,0.0110321044921875,0.007549285888671875,0.011398315,0.00806427,0.5758667,0.5796175
chr21:g.30215554G>A|cg04052038,CLDN8,-0.009765625,189,-0.0073242188,-0.030419922,0.02939453,0.018500905,0.66,173.0,71.15,632.25,0.0,0.0,0.0247039794921875,0.01422882080078125,0.023651123046875,0.0143890380859375,0.02835846,0.014362335,0.6649413,0.6535964
chr9:g.128635187G>A|cg14606321,DYNC2I2,0.009765625,190,0.009399414,0.006958008,0.012365722,0.0018567599,1.0,253.0,207.45,323.1,0.0,0.0,0.0125732421875,0.02508544921875,0.01282501220703125,0.024383544921875,0.013069153,0.024253845,0.36310807,0.3758909
chr7:g.97022271A>G|cg27016494,DLX5,0.009765625,191,0.013183594,0.00043945317,0.028686522,0.00932534,0.94,197.0,82.0,520.3499999999998,0.0,0.0,0.036773681640625,0.00955963134765625,0.038177490234375,0.00974273681640625,0.031021118,0.009395599,0.7751794,0.7782427
chr7:g.98191881G>C|cg25556607,LMTK2,0.009765625,192,0.009033203,0.0046142577,0.014916992,0.0035575596,1.0,257.0,174.0,389.84999999999997,0.0,0.0,0.044189453125,0.035888671875,0.049224853515625,0.03533935546875,0.044052124,0.035507202,0.56286645,0.5902206
chr20:g.43726434C>T|cg23727943,GTSF1L,-0.009765625,193,-0.016845703,-0.050195314,0.013940429,0.026100729,0.78,151.0,31.700000000000003,468.2499999999999,0.02,0.02,0.025421142578125,0.0162811279296875,0.024383544921875,0.0160980224609375,0.027694702,0.015716553,0.64287865,0.63339794
chr12:g.121748434G>A|cg22917372,TMEM120B,0.009765625,194,0.009765625,0.0034179688,0.016162109,0.0045498414,0.98,250.0,168.7,449.55,0.0,0.0,0.027801513671875,0.0165252685546875,0.02886962890625,0.01666259765625,0.030128479,0.01737976,0.6355703,0.6431406
chr16:g.28873450C>T|cg06932837,SH2B1,0.009765625,195,0.0031738281,-0.028955078,0.024432372,0.017757168,0.54,178.0,76.05,627.4999999999997,0.0,0.0,0.0129241943359375,0.0325927734375,0.012237548828125,0.028594970703125,0.01499176,0.031333923,0.3046897,0.31712812
chr17:g.4934468C>T|cg04970434,GP1BA,0.009765625,196,0.008300781,-0.005419922,0.029174803,0.012376275,0.76,249.0,80.15,554.25,0.0,0.0,0.024383544921875,0.01090240478515625,0.0256195068359375,0.0108184814453125,0.024024963,0.011528015,0.68233716,0.6896539
chr6:g.35797238T>C|cg25107791,CLPS,-0.009765625,197,-0.009765625,-0.022949219,-0.0006591808,0.007577589,0.94,248.0,117.45,565.2999999999998,0.0,0.0,0.035552978515625,0.0116424560546875,0.0343017578125,0.0116424560546875,0.0362854,0.011642456,0.7542876,0.74651897
chr1:g.235993778G>A|cg07578215,NID1,-0.009765625,198,-0.0075683594,-0.0126953125,-0.0029296875,0.0045470498,0.98,295.5,194.05,489.64999999999986,0.0,0.0,0.050811767578125,0.015899658203125,0.046478271484375,0.015777587890625,0.052520752,0.016784668,0.75748134,0.7422502
chr1:g.237783787T>C|cg23087876,RYR2,-0.009765625,199,-0.0061035156,-0.1706787,0.10139159,0.0778826,0.58,131.0,2.0,486.4,0.22,0.28,0.0254669189453125,0.0177154541015625,0.02484130859375,0.01763916015625,0.029426575,0.01688385,0.6300353,0.6362729
chr20:g.46008941G>A|cg10505873,MMP9,0.0093994140625,200,0.009277344,-0.014111328,0.03381958,0.014847306,0.74,201.5,70.45,628.55,0.0,0.0,0.0258026123046875,0.0050201416015625,0.025421142578125,0.005039215087890625,0.02607727,0.0056762695,0.82469237,0.81633914
chr1:g.223752883G>A|cg12129117,CAPN2,0.00927734375,201,0.0068359375,0.0033691407,0.010253906,0.0022054105,1.0,312.0,238.35,439.74999999999983,0.0,0.0,0.0285491943359375,0.0253753662109375,0.029815673828125,0.025421142578125,0.031433105,0.026679993,0.54850674,0.55811405
chr1:g.228307494A>T|cg19746567,OBSCN,0.00927734375,202,0.008056641,-0.00048828125,0.013940429,0.004787505,0.9,282.0,185.1,615.8499999999997,0.0,0.0,0.040008544921875,0.00891876220703125,0.041839599609375,0.00916290283203125,0.042282104,0.011009216,0.7968346,0.800174
chr1:g.6212368C>T|cg01517656,RNF207,-0.00927734375,203,-0.007080078,-0.019091796,0.00390625,0.007791945,0.78,296.5,140.75,644.25,0.0,0.0,0.041778564453125,0.0240020751953125,0.039337158203125,0.023651123046875,0.043411255,0.025032043,0.6367676,0.62392396
chr22:g.24433551G>A|cg21584430,ADORA2A,-0.00927734375,204,-0.013427734,-0.027392577,0.0017333981,0.008863682,0.92,189.0,92.05,492.89999999999986,0.0,0.0,0.03204345703125,0.015960693359375,0.0310821533203125,0.016021728515625,0.03265381,0.015659332,0.67622083,0.6671706
chr14:g.96241012G>A|cg14032667,BDKRB2,0.00927734375,205,0.0078125,-0.0022216798,0.016113281,0.0060911984,0.86,290.5,160.05,655.8,0.0,0.0,0.045684814453125,0.0209197998046875,0.047149658203125,0.021240234375,0.046340942,0.022239685,0.674307,0.67842627
chr7:g.4245796A>C|cg20152326,SDK1,0.00927734375,206,0.0075683594,0.0029296875,0.0146484375,0.0045829164,0.98,288.5,172.5,495.95,0.0,0.0,0.038543701171875,0.024566650390625,0.04107666015625,0.0252685546875,0.04248047,0.025932312,0.6267412,0.6328958
chr17:g.76002055C>G|cg14056306,CDK3,-0.00927734375,207,-0.0078125,-0.0107421875,-0.00048828125,0.003423303,0.98,298.5,226.9,674.55,0.0,0.0,0.0230255126953125,0.0222015380859375,0.0226287841796875,0.0219879150390625,0.021484375,0.02256012,0.4880088,0.48927492
chr20:g.396414C>G|cg12017057,TRIB3,0.00927734375,208,0.0073242188,-0.0024902343,0.016430663,0.0064508663,0.88,296.5,156.35,600.6999999999999,0.0,0.0,0.035736083984375,0.01090240478515625,0.03704833984375,0.01107025146484375,0.034423828,0.012573242,0.7312642,0.7365948
chr17:g.7441532G>A|cg05513300,FGF11,-0.0087890625,209,-0.011962891,-0.02619629,0.007739255,0.010791488,0.84,206.5,95.0,552.6499999999999,0.0,0.0,0.029083251953125,0.0202178955078125,0.028167724609375,0.02001953125,0.029418945,0.020378113,0.5905299,0.584229
chr3:g.14820097C>T|cg21068907,FGD5,-0.0087890625,210,-0.0034179688,-0.043554686,0.0366455,0.02460781,0.6,133.5,47.7,572.9499999999999,0.0,0.0,0.0219879150390625,0.009521484375,0.0215301513671875,0.0094146728515625,0.024116516,0.009933472,0.7074435,0.7002635
chr20:g.61773086C>T|cg15445037,CDH4,-0.0087890625,211,-0.013916016,-0.054223634,-0.0006835982,0.019854775,0.94,182.5,35.45,394.4,0.02,0.02,0.060760498046875,0.02056884765625,0.057586669921875,0.02001953125,0.055725098,0.021263123,0.7206181,0.7030041
chr7:g.135164660G>C|cg07876788,TMEM140,0.0087890625,212,0.005859375,-0.0147216795,0.033227533,0.015548884,0.64,217.5,74.4,632.75,0.0,0.0,0.026702880859375,0.00948333740234375,0.0276336669921875,0.00948333740234375,0.026107788,0.009429932,0.72671056,0.73376477
chr20:g.49257606G>A|cg01332882,ZNFX1,-0.0087890625,213,-0.009765625,-0.020068359,-0.0028808601,0.005477533,0.98,254.0,129.5,493.29999999999984,0.0,0.0,0.0279541015625,0.034027099609375,0.02685546875,0.033782958984375,0.028541565,0.034683228,0.45351973,0.4340936
chr19:g.45711756G>C|cg27347412,FBXO46,0.0087890625,214,0.005859375,0.0024414062,0.013012694,0.0034090595,1.0,347.0,202.45,499.0,0.0,0.0,0.028594970703125,0.032470703125,0.0301513671875,0.032470703125,0.028549194,0.033203125,0.46332657,0.47210386
chr17:g.7241444G>A|cg19646165,GABARAP,-0.0087890625,215,-0.016113281,-0.04128418,0.013232421,0.018344657,0.8,153.0,56.25,478.2,0.0,0.0,0.01763916015625,0.00891876220703125,0.017303466796875,0.00864410400390625,0.01763916,0.008766174,0.65223765,0.66339874
chr12:g.53985574C>G|cg00699029,HOXC10,0.00872802734375,216,0.008728027,-0.0045898436,0.023657221,0.00904322,0.88,259.5,115.0,599.1999999999998,0.0,0.0,0.0548095703125,0.005100250244140625,0.053192138671875,0.00518035888671875,0.056289673,0.0057086945,0.9089782,0.90610576
chr6:g.10410135C>T|cg02181847,TFAP2A,-0.008453369140625,217,-0.008728027,-0.03626404,0.0048416103,0.0121016605,0.9,268.0,65.8,544.8499999999998,0.0,0.0,0.03790283203125,0.0153656005859375,0.03955078125,0.01490020751953125,0.03804016,0.015483856,0.7111231,0.72832143
chr15:g.41505290G>A|cg18168740,LTK,-0.00830078125,218,-0.009033203,-0.030126953,0.01887207,0.014520662,0.64,203.5,86.85000000000001,657.4999999999997,0.0,0.0,0.0260009765625,0.006168365478515625,0.02508544921875,0.006191253662109375,0.025978088,0.006877899,0.7977458,0.79350024
chr19:g.16893183G>C|cg15159987,CPAMD8,0.00830078125,219,0.010986328,-0.0032470701,0.022949219,0.008628849,0.84,230.0,113.05,607.4499999999999,0.0,0.0,0.0311431884765625,0.0162200927734375,0.0323486328125,0.0162200927734375,0.030441284,0.016281128,0.6495813,0.66296864
chr19:g.40395792G>A|cg10684794,PRX,-0.00830078125,220,-0.0048828125,-0.010253906,-0.0007080082,0.0031647934,0.96,389.0,227.65,613.6999999999999,0.0,0.0,0.0240478515625,0.005619049072265625,0.0236968994140625,0.005664825439453125,0.024864197,0.0064373016,0.7925881,0.7898168
chr8:g.72568278T>C|cg06958453,KCNB2,0.00830078125,221,0.007080078,-0.008178711,0.032397456,0.0134599,0.84,286.0,81.4,580.55,0.0,0.0,0.0310821533203125,0.015960693359375,0.033843994140625,0.0165252685546875,0.03265381,0.016403198,0.67221314,0.6832998
chr5:g.168883282G>A|cg05457620,SLIT3,0.00830078125,222,0.0048828125,-0.0010253906,0.011108397,0.0036358607,0.9,387.0,223.35000000000002,647.8999999999999,0.0,0.0,0.04046630859375,0.019500732421875,0.042724609375,0.0199127197265625,0.041381836,0.020523071,0.6719099,0.67538464
chr1:g.226986479C>T|cg21157446,COQ8A,-0.00830078125,223,-0.0063476562,-0.035205077,0.02517089,0.018130623,0.7,179.0,58.8,590.2,0.0,0.0,0.0203399658203125,0.01983642578125,0.0200958251953125,0.019561767578125,0.021614075,0.020233154,0.5200889,0.5190705
chr8:g.144053329G>A|cg26824850,OPLAH,0.00830078125,224,0.0056152344,-0.013647461,0.025439452,0.011118893,0.72,291.5,110.25,689.3499999999999,0.0,0.0,0.0240478515625,0.0090179443359375,0.024932861328125,0.0089874267578125,0.023841858,0.008331299,0.7355573,0.73978424
chr17:g.76015335C>T|cg01013054,EVPL,-0.00830078125,225,-0.0053710938,-0.010034179,-0.0026611332,0.0021218203,1.0,364.0,252.05,497.4499999999999,0.0,0.0,0.0343017578125,0.018341064453125,0.033599853515625,0.0181884765625,0.03567505,0.018562317,0.6544113,0.65269303
chr17:g.76643570G>C|cg15503752,ST6GALNAC1,-0.00830078125,226,-0.008300781,-0.0126953125,-0.006079102,0.0023872133,1.0,280.0,203.8,346.04999999999995,0.0,0.0,0.0201416015625,0.006072998046875,0.01983642578125,0.0060272216796875,0.02116394,0.0067596436,0.7594701,0.7564418
chr17:g.18246397G>A|cg09922349,FLII,-0.00830078125,227,-0.017578125,-0.0329834,0.005419921,0.017302943,0.82,145.0,68.8,543.5499999999996,0.0,0.02,0.0279541015625,0.022796630859375,0.0269622802734375,0.0225067138671875,0.028495789,0.022331238,0.56118846,0.54566395
chr14:g.75280062T>G|cg12061886,FOS,0.0081787109375,228,0.007080078,-0.0058410643,0.021350097,0.008725282,0.8,270.5,122.4,566.65,0.0,0.0,0.0259552001953125,0.0240478515625,0.027374267578125,0.0239105224609375,0.025299072,0.024230957,0.5135691,0.5283294
chr19:g.15113783C>T|cg20100671,SYDE1,-0.0078125,229,-0.009277344,-0.03688965,0.031665035,0.022033855,0.58,163.5,51.15,565.7499999999999,0.0,0.0,0.026763916015625,0.027069091796875,0.025909423828125,0.0263519287109375,0.025566101,0.024429321,0.5090164,0.5099416
chr4:g.684519G>A|cg01881828,SLC49A3,0.0078125,230,0.005859375,-0.00013427733,0.021313475,0.0070963795,0.88,334.0,125.2,724.1,0.0,0.0,0.020721435546875,0.011199951171875,0.020599365234375,0.01111602783203125,0.020446777,0.011665344,0.630948,0.62986094
chr19:g.3977870G>C|cg24204847,EEF2,0.0078125,231,0.0063476562,0.0009765625,0.013720702,0.0040325085,0.98,327.5,194.6,582.9999999999998,0.0,0.0,0.03985595703125,0.0247955322265625,0.042572021484375,0.0244293212890625,0.04057312,0.024635315,0.62126076,0.6309601
chr10:g.13209286T>A|cg02730843,MCM10,0.0078125,232,0.006591797,0.0014648438,0.010571288,0.00298857,0.98,325.0,225.15,589.65,0.0,0.0,0.035064697265625,0.034423828125,0.038909912109375,0.034881591796875,0.03439331,0.03237915,0.51752543,0.5250168
chr7:g.86864306C>T|cg27073262,GRM3,0.0078125,233,0.0068359375,-0.007910157,0.026855469,0.012002914,0.74,300.5,100.3,536.3499999999999,0.0,0.0,0.030792236328125,0.0300445556640625,0.03228759765625,0.029815673828125,0.030387878,0.029930115,0.51461494,0.5360978
chr7:g.51028888C>T|cg27325833,COBL,0.0078125,234,0.0053710938,0.0034179688,0.008569336,0.0015863887,1.0,364.5,275.65,469.2,0.0,0.0,0.022674560546875,0.0287017822265625,0.0235137939453125,0.029083251953125,0.023712158,0.029510498,0.45556676,0.45961833
chr7:g.151076177G>A|cg20898078,SLC4A2,-0.0078125,235,-0.008056641,-0.018652344,0.00075683556,0.0067884824,0.84,284.5,135.45,696.55,0.0,0.0,0.03228759765625,0.0280609130859375,0.0309600830078125,0.02801513671875,0.031173706,0.02771759,0.5283742,0.51847434
chr5:g.141101204T>C|cg01925738,PCDHB3,-0.0078125,236,-0.021484375,-0.111401364,0.06601562,0.054059017,0.66,44.0,7.250000000000001,346.39999999999975,0.08,0.2,0.01751708984375,0.0068511962890625,0.0164031982421875,0.00634002685546875,0.016593933,0.0074596405,0.68282115,0.6947069
chr21:g.37714719T>C|cg16435782,KCNJ6,0.0078125,237,0.006591797,-0.0059082033,0.018823242,0.008066976,0.7,315.0,134.9,674.4499999999999,0.0,0.0,0.0384521484375,0.0135345458984375,0.03955078125,0.01348114013671875,0.03942871,0.0141716,0.7374009,0.739829
chr12:g.6621081C>T|cg16119239,LPAR5,-0.0078125,238,0.0026855469,-0.06384277,0.05822753,0.045919567,0.46,137.5,16.25,548.8,0.04,0.08,0.0257110595703125,0.03192138671875,0.0251312255859375,0.03167724609375,0.026733398,0.033203125,0.44708237,0.4453379
chr17:g.40016261A>G|cg07584981,CSF3,-0.0078125,239,-0.016357422,-0.023217773,-0.008740235,0.00483399,1.0,160.0,111.9,268.84999999999997,0.0,0.0,0.022979736328125,0.00809478759765625,0.0225372314453125,0.00812530517578125,0.023643494,0.008300781,0.73181385,0.7248732
chr17:g.33013971G>C|cg27391921,ASIC2,-0.0078125,240,-0.0053710938,-0.015893554,0.0024902336,0.0059328293,0.86,374.0,159.9,673.25,0.0,0.0,0.0264129638671875,0.00621795654296875,0.0258636474609375,0.006191253662109375,0.028411865,0.0072460175,0.7932507,0.78871286
chr11:g.67404337C>T|cg11600161,TBC1D10C,0.0078125,241,0.0048828125,-0.026831055,0.037255857,0.019857861,0.62,199.0,59.9,568.0,0.0,0.0,0.0214080810546875,0.01282501220703125,0.021331787109375,0.0127716064453125,0.02217865,0.013557434,0.62463516,0.626061
chr5:g.447583C>T|cg18430034,EXOC3,-0.00732421875,242,-0.0073242188,-0.0107421875,-0.00390625,0.0018960901,1.0,297.5,234.7,425.5,0.0,0.0,0.03802490234375,0.02752685546875,0.036834716796875,0.0271148681640625,0.039596558,0.027610779,0.5932148,0.5837648
chr5:g.34042967C>T|cg03934354,C1QTNF3,-0.00732421875,243,-0.01171875,-0.03474121,0.042407222,0.025990285,0.72,164.5,44.6,638.55,0.0,0.02,0.0274810791015625,0.025177001953125,0.0268096923828125,0.02484130859375,0.026351929,0.024307251,0.51919997,0.50996786
chr15:g.101721269C>T|cg14588686,TARS3,0.00732421875,244,0.0053710938,0.003149414,0.0087890625,0.0016920598,1.0,358.5,267.8,470.44999999999993,0.0,0.0,0.0261077880859375,0.038177490234375,0.02801513671875,0.0379638671875,0.027931213,0.036361694,0.43350402,0.44564164
chr20:g.62334264G>A|cg02498702,LAMA5,-0.00732421875,245,-0.0063476562,-0.028515626,0.018212888,0.015918968,0.6,203.5,89.6,546.0999999999996,0.0,0.0,0.0305023193359375,0.018768310546875,0.0294189453125,0.0187225341796875,0.031166077,0.019325256,0.620485,0.60890585
chr17:g.30090616G>A|cg02947670,EFCAB5,0.00732421875,246,0.0024414062,-0.0128417965,0.02719726,0.012409238,0.58,329.0,98.4,687.55,0.0,0.0,0.035491943359375,0.006439208984375,0.036346435546875,0.006565093994140625,0.033599854,0.0069179535,0.8330905,0.8280864
chr12:g.3648514C>G|cg14021714,CRACR2A,-0.00732421875,247,-0.0061035156,-0.019311523,0.009057617,0.0077307904,0.74,321.5,137.7,714.5,0.0,0.0,0.03533935546875,0.0213623046875,0.033782958984375,0.0212860107421875,0.036193848,0.021766663,0.62469023,0.6125694
chr20:g.1181190G>T|cg14905105,TMEM74B,-0.00732421875,248,-0.0043945312,-0.01105957,0.0009765625,0.003983169,0.84,404.0,224.10000000000002,687.55,0.0,0.0,0.04595947265625,0.018798828125,0.04400634765625,0.018646240234375,0.045776367,0.019546509,0.7026973,0.7005395
chr2:g.38070998G>A|cg14407177,CYP1B1,-0.00732421875,249,-0.0087890625,-0.016870117,-0.0036376957,0.004103377,1.0,272.5,155.6,421.94999999999993,0.0,0.0,0.0258026123046875,0.0295867919921875,0.024566650390625,0.0293731689453125,0.027267456,0.030326843,0.478413,0.46138492
chr6:g.36368953G>A|cg20447038,ETV7,0.00732421875,250,0.007080078,-0.0107421875,0.022167966,0.011399663,0.68,254.5,116.35000000000001,650.7499999999999,0.0,0.0,0.03302001953125,0.0129241943359375,0.0345458984375,0.0127716064453125,0.033493042,0.01292038,0.72464323,0.7344595
chr8:g.79765266C>T|cg04101874,HEY1,0.00726318359375,251,0.002166748,-0.016177367,0.019151302,0.010375472,0.6,357.0,127.85000000000001,694.0999999999999,0.0,0.0,0.062225341796875,0.0165863037109375,0.0633544921875,0.0164031982421875,0.06430054,0.016586304,0.79461896,0.7972407
chr16:g.23679229C>A|cg11470399,PLK1,-0.0069580078125,252,-0.006958008,-0.02590332,0.007276915,0.009120719,0.88,287.0,96.5,608.9499999999996,0.0,0.0,0.0567626953125,0.0141143798828125,0.055206298828125,0.0136871337890625,0.05696106,0.013713837,0.8032925,0.8032466
chr17:g.82052444T>C|cg15257096,GPS1,-0.006927490234375,253,-0.006286621,-0.011834716,1.06807565e-05,0.0038144868,0.94,338.5,205.2,707.5999999999999,0.0,0.0,0.044342041015625,0.0129241943359375,0.046905517578125,0.013427734375,0.044799805,0.0130729675,0.77027184,0.7780129
chr6:g.138335101G>A|cg20291636,ARFGEF3,0.0068359375,254,0.009277344,-0.006323242,0.023974609,0.009345896,0.86,247.0,103.7,585.0999999999998,0.0,0.0,0.03759765625,0.025909423828125,0.0391845703125,0.0261077880859375,0.03164673,0.027069092,0.54199624,0.55836636
chr5:g.179853390C>T|cg01213455,MRNIP,-0.0068359375,255,-0.010253906,-0.030273438,0.011059569,0.01289096,0.72,221.5,83.15,614.2,0.0,0.0,0.019500732421875,0.0265045166015625,0.01861572265625,0.0262603759765625,0.020095825,0.027664185,0.43324298,0.41691518
chr8:g.22226921C>T|cg17948297,PHYHIP,-0.0068359375,256,-0.0048828125,-0.01159668,0.00053710863,0.004343682,0.88,382.0,225.65,723.0,0.0,0.0,0.04327392578125,0.0283355712890625,0.042327880859375,0.0279541015625,0.043533325,0.02745819,0.61415625,0.6151184
chr16:g.31062238C>T|cg01509715,ZNF668,-0.0068359375,257,-0.004638672,-0.008129883,-0.0014648438,0.002476529,0.96,382.0,279.85,588.3,0.0,0.0,0.050994873046875,0.0386962890625,0.04913330078125,0.037384033203125,0.04849243,0.038101196,0.5576829,0.5588347
chr20:g.32010481G>A|cg24691461,CCM2L,-0.0068359375,258,-0.0018310547,-0.037866212,0.020983886,0.018632054,0.54,233.0,65.45,636.8499999999999,0.0,0.0,0.02447509765625,0.00319671630859375,0.024658203125,0.0030994415283203125,0.023330688,0.0037813187,0.86100006,0.86214715
chr19:g.1083182G>A|cg19307500,ARHGAP45,0.0068359375,259,-0.0041503906,-0.072314456,0.047119137,0.045306902,0.44,85.0,18.45,415.1,0.02,0.08,0.018829345703125,0.01519012451171875,0.019561767578125,0.01519012451171875,0.019340515,0.01486969,0.5648097,0.5736192
chr12:g.121248633G>C|cg26426437,CAMKK2,-0.0068359375,260,-0.008056641,-0.023974609,0.009326171,0.010369132,0.74,262.5,111.3,709.05,0.0,0.0,0.037750244140625,0.0230712890625,0.03662109375,0.0226287841796875,0.036697388,0.023002625,0.6161753,0.6122681
chr15:g.39593172C>T|cg15161296,THBS1,-0.0068359375,261,-0.0068359375,-0.0087890625,-0.0033691414,0.0015448685,1.0,309.5,269.0,451.8499999999999,0.0,0.0,0.045257568359375,0.037109375,0.0413818359375,0.037384033203125,0.044677734,0.03514099,0.5620146,0.54010004
chr6:g.52504700G>A|cg14279151,TRAM2,0.0068359375,262,0.006958008,-0.027954102,0.042041007,0.022630472,0.62,145.0,49.45,445.54999999999984,0.0,0.0,0.010986328125,0.00757598876953125,0.010986328125,0.00757598876953125,0.01146698,0.008110046,0.5844252,0.58527744
chr9:g.114096399G>A|cg10091458,KIF12,0.0068359375,263,0.008544922,0.0053710938,0.01274414,0.0023177175,1.0,269.0,198.4,365.75,0.0,0.0,0.0301055908203125,0.01146697998046875,0.030670166015625,0.011505126953125,0.030044556,0.011711121,0.7167665,0.72105026
chr3:g.15074684G>A|cg04428799,RBSN,0.0068359375,264,0.00390625,-0.0036865235,0.010034179,0.004547606,0.78,412.5,242.05,638.15,0.0,0.0,0.0384521484375,0.029815673828125,0.040679931640625,0.0301513671875,0.041427612,0.030471802,0.57669497,0.58149487
chr5:g.37370888G>A|cg07841463,NUP155,0.006591796875,265,0.0054473877,0.002406311,0.010285949,0.0025935434,1.0,357.5,230.15,512.6999999999999,0.0,0.0,0.03912353515625,0.01525115966796875,0.036773681640625,0.0153045654296875,0.039794922,0.015129089,0.72739565,0.71361995
chr9:g.122209695C>T|cg14093012,LHX6,0.00634765625,266,0.0048828125,-0.009057617,0.01833496,0.008659049,0.78,277.5,145.8,605.1,0.0,0.0,0.043701171875,0.0184783935546875,0.04534912109375,0.01861572265625,0.041763306,0.018798828,0.6898478,0.69839203
chr17:g.68420268T>C|cg03815657,ARSG,-0.00634765625,267,-0.013916016,-0.083740234,0.048681628,0.043212205,0.58,79.5,13.350000000000001,393.5999999999999,0.04,0.12,0.0200958251953125,0.020721435546875,0.0194549560546875,0.0202178955078125,0.019798279,0.021469116,0.47687024,0.48065418
chr1:g.159943407C>T|cg26913306,IGSF9,-0.00634765625,268,-0.0036621094,-0.0126953125,0.008056637,0.0074465363,0.68,353.0,188.05,690.8499999999999,0.0,0.0,0.024749755859375,0.024993896484375,0.02386474609375,0.0252685546875,0.02835846,0.025932312,0.5253004,0.51164544
chr19:g.8522729C>A|cg15155376,MYO1F,-0.00634765625,269,-0.0107421875,-0.026293945,0.0054687485,0.0105370395,0.82,215.5,104.85000000000001,576.3499999999999,0.0,0.0,0.04193115234375,0.01302337646484375,0.0411376953125,0.01302337646484375,0.03994751,0.014144897,0.7443458,0.73452747
chr4:g.877710C>G|cg02423659,GAK,0.00634765625,270,0.005859375,0.0048828125,0.0073242188,0.0007918899,1.0,339.0,301.35,393.2,0.0,0.0,0.05718994140625,0.0264129638671875,0.059112548828125,0.027069091796875,0.057388306,0.02583313,0.68879694,0.69053024
chr9:g.133789296C>T|cg13754665,VAV2,0.00634765625,271,0.0043945312,-0.03742676,0.04296875,0.027800472,0.58,157.5,34.15,491.2,0.0,0.0,0.02337646484375,0.0142822265625,0.0236968994140625,0.01433563232421875,0.022628784,0.014362335,0.61159724,0.6142768
chr3:g.169769470G>T|cg10350352,ACTRT3,-0.006317138671875,272,-0.005935669,-0.024475098,0.0073547363,0.0109279165,0.74,292.0,107.85000000000001,607.1999999999999,0.0,0.0,0.062225341796875,0.0125732421875,0.0634765625,0.012481689453125,0.06188965,0.012897491,0.82831717,0.8339087
chr5:g.179121659A>G|cg25554190,ADAMTS2,-0.006103515625,273,-0.0037841797,-0.11079712,0.08532105,0.06096059,0.54,69.5,6.45,406.3499999999999,0.1,0.2,0.0255584716796875,0.004608154296875,0.0257110595703125,0.00455474853515625,0.031341553,0.004924774,0.86673343,0.8686079
chr13:g.83879762G>A|cg21448057,SLITRK1,0.0059814453125,274,0.010894775,-0.0022735596,0.028121945,0.008671593,0.9,232.0,89.35000000000001,629.6999999999998,0.0,0.0,0.079345703125,0.005405426025390625,0.0782470703125,0.005512237548828125,0.07418823,0.0057201385,0.92891264,0.9258856
chr12:g.120325944C>A|cg20313400,PLA2G1B,0.0059814453125,275,0.010604858,0.0057144165,0.021569822,0.0051132003,1.0,231.5,126.45,344.75,0.0,0.0,0.04534912109375,0.0120086669921875,0.04302978515625,0.012481689453125,0.044555664,0.012748718,0.7782717,0.75064373
chr8:g.102651801G>T|cg26535606,KLF10,0.0059814453125,276,0.008728027,0.001208496,0.012774657,0.003969224,0.96,266.5,199.35,574.8499999999999,0.0,0.0,0.00812530517578125,0.02386474609375,0.00812530517578125,0.0243377685546875,0.008831024,0.022399902,0.28827137,0.2862718
chr13:g.45194211G>A|cg21457147,KCTD4,-0.005859375,277,-0.0063476562,-0.0170166,-0.00017089956,0.0055516865,0.94,327.0,151.60000000000002,633.4,0.0,0.0,0.018157958984375,0.0095977783203125,0.0179901123046875,0.00989532470703125,0.01727295,0.010032654,0.6244284,0.6112828
chr6:g.28125653G>C|cg22896917,ZSCAN16,0.005859375,278,0.0078125,-0.008618164,0.01936035,0.009266292,0.74,264.0,131.70000000000002,640.6999999999999,0.0,0.0,0.02630615234375,0.017303466796875,0.0271759033203125,0.017181396484375,0.024543762,0.018600464,0.566526,0.5802202
chr1:g.16986484G>A|cg20792826,ATP13A2,-0.005859375,279,0.0014648438,-0.029418945,0.04448242,0.02525686,0.48,172.5,44.35,601.0999999999999,0.0,0.04,0.02508544921875,0.01395416259765625,0.0244293212890625,0.01384735107421875,0.02306366,0.0132751465,0.6263162,0.62645805
chr1:g.161099669G>A|cg00058923,KLHDC9,-0.005859375,280,-0.0061035156,-0.010253906,-0.0029296875,0.0023071968,1.0,332.5,232.15,482.19999999999993,0.0,0.0,0.0156707763671875,0.004962921142578125,0.0153045654296875,0.005001068115234375,0.018432617,0.0060749054,0.74697775,0.7418338
chr20:g.63775832C>T|cg12840850,ZBTB46,0.005859375,281,0.0061035156,-0.012963867,0.022924801,0.011515969,0.7,287.0,115.60000000000001,574.55,0.0,0.0,0.038909912109375,0.01073455810546875,0.04046630859375,0.01085662841796875,0.041275024,0.011161804,0.7879176,0.7910683
chr11:g.66858311C>T|cg01667185,LRFN4,-0.005859375,282,-0.0061035156,-0.028125,0.006884765,0.010619479,0.7,302.0,100.2,672.8499999999999,0.0,0.0,0.028594970703125,0.0066680908203125,0.028106689453125,0.006488800048828125,0.031341553,0.006717682,0.8205106,0.822451
chr5:g.134893597C>T|cg21247757,TXNDC15,0.005859375,283,0.0063476562,-0.005419922,0.017358398,0.007690733,0.84,321.0,152.9,619.75,0.0,0.0,0.033538818359375,0.0312042236328125,0.0343017578125,0.0312042236328125,0.033172607,0.03125763,0.5188874,0.5285101
chr13:g.100515456C>T|cg22432024,PCCA,0.005859375,284,0.00390625,-0.0052490234,0.017407225,0.0070004854,0.76,386.5,147.1,702.75,0.0,0.0,0.044189453125,0.02880859375,0.047088623046875,0.028594970703125,0.041931152,0.029647827,0.5850766,0.60524344
chr17:g.63832958G>A|cg11885555,SMARCD2,0.005859375,285,0.009277344,0.003149414,0.012475586,0.003271492,1.0,265.0,197.9,468.89999999999986,0.0,0.0,0.020172119140625,0.0197601318359375,0.0202484130859375,0.0202484130859375,0.020019531,0.020446777,0.49214256,0.48761073
chr17:g.63534125C>T|cg18975662,KCNH6,0.005859375,286,0.0063476562,0.0048828125,0.0078125,0.00093064056,1.0,332.5,282.6,392.0,0.0,0.0,0.03802490234375,0.01433563232421875,0.0391845703125,0.0144500732421875,0.039123535,0.014984131,0.72220373,0.7271637
chr20:g.38161439G>A|cg26604799,TGM2,0.005859375,287,0.0061035156,-0.002001953,0.012207031,0.004325632,0.92,328.0,207.7,573.3499999999999,0.0,0.0,0.04132080078125,0.0239105224609375,0.042236328125,0.024139404296875,0.04220581,0.02381897,0.6330179,0.6390046
chr5:g.141489618C>T|cg22082176,PCDHGC5,0.005859375,288,0.0061035156,-0.035852052,0.044934075,0.023948524,0.56,203.0,46.35,521.3499999999999,0.0,0.02,0.01473236083984375,0.0036640167236328125,0.0143890380859375,0.003650665283203125,0.0148124695,0.0045642853,0.7664258,0.7644445
chr8:g.89924773C>G|cg11965634,OSGIN2,-0.005859375,289,-0.0043945312,-0.0063476562,-0.002172852,0.0014895804,1.0,410.5,329.45,551.05,0.0,0.0,0.02691650390625,0.0300445556640625,0.0259552001953125,0.0293731689453125,0.025535583,0.028762817,0.4634044,0.45988765
chr19:g.35511585G>A|cg19785918,DMKN,0.005859375,290,0.0078125,-0.016430665,0.02636718,0.013008502,0.7,246.5,97.25,586.9999999999998,0.0,0.0,0.029541015625,0.0028228759765625,0.0301513671875,0.0028781890869140625,0.028892517,0.0031051636,0.9068879,0.9071153
chr11:g.1445598C>T|cg19494188,BRSK2,0.00537109375,291,0.0031738281,-0.0147949215,0.01784668,0.011301123,0.6,258.0,123.2,545.9499999999999,0.0,0.0,0.034027099609375,0.008544921875,0.034820556640625,0.00867462158203125,0.036346436,0.010112762,0.7862001,0.78670305
chr1:g.226986569C>A|cg21157446,COQ8A,-0.00537109375,292,-0.009277344,-0.045336913,0.04582519,0.029992389,0.66,114.0,35.95,556.0999999999999,0.02,0.04,0.0203399658203125,0.01983642578125,0.02001953125,0.02001953125,0.021697998,0.019714355,0.52290136,0.51718223
chr19:g.49808614C>T|cg19856145,FUZ,-0.00537109375,293,-0.011505127,-0.056793213,0.03749693,0.025921201,0.76,151.5,31.300000000000004,553.9999999999997,0.0,0.04,0.0504150390625,0.01129150390625,0.051666259765625,0.0115509033203125,0.045394897,0.011180878,0.803364,0.80338466
chr19:g.47353348C>T|cg15725639,DHX34,-0.00537109375,294,-0.006591797,-0.017578125,0.0015136711,0.006466506,0.86,319.0,151.8,702.55,0.0,0.0,0.040313720703125,0.029205322265625,0.038177490234375,0.0299224853515625,0.039794922,0.028869629,0.5770427,0.56340003
chr19:g.45816512G>A|cg15455864,SYMPK,-0.00537109375,295,-0.007080078,-0.017407227,-0.00017089956,0.0066485116,0.94,303.5,152.35,605.9499999999999,0.0,0.0,0.023651123046875,0.0225830078125,0.0237274169921875,0.022796630859375,0.023399353,0.022071838,0.51528966,0.51242566
chr19:g.40217314G>C|cg13944099,TTC9B,0.00537109375,296,0.0031280518,-0.0158844,0.026463317,0.014480976,0.6,233.0,79.10000000000001,647.0,0.0,0.0,0.056976318359375,0.00679779052734375,0.055206298828125,0.006744384765625,0.055252075,0.0071086884,0.88537395,0.88545716
chr3:g.196323892C>T|cg27088176,TM4SF19,0.00537109375,297,0.0043945312,0.0029296875,0.005859375,0.0010108865,1.0,420.0,331.9,483.29999999999995,0.0,0.0,0.0345458984375,0.0197601318359375,0.035675048828125,0.01983642578125,0.035339355,0.020492554,0.63589823,0.63923323
chr6:g.16327991G>A|cg00436183,ATXN1,0.00537109375,298,0.0026855469,0.0,0.0053710938,0.0019341995,0.9,499.0,361.15,715.15,0.0,0.0,0.052703857421875,0.03125,0.055938720703125,0.03204345703125,0.05529785,0.03149414,0.6349422,0.6429323
chr6:g.159819269G>T|cg22248441,PNLDC1,-0.00537109375,299,-0.008300781,-0.019360352,-0.0014160164,0.0066350834,0.96,272.0,136.85,583.6499999999997,0.0,0.0,0.043853759765625,0.00609588623046875,0.04217529296875,0.0059356689453125,0.044433594,0.0057315826,0.8740418,0.872964
chr3:g.157495290G>T|cg13698542,VEPH1,0.00537109375,300,0.0014648438,-0.026855469,0.022021484,0.0155832665,0.54,276.0,77.45,685.0999999999999,0.0,0.0,0.02691650390625,0.017913818359375,0.0278472900390625,0.0177154541015625,0.031021118,0.017845154,0.64595413,0.6540332
chr20:g.57524125C>T|cg14264994,CTCFL,0.00537109375,301,-0.004638672,-0.052978516,0.06584472,0.034638654,0.48,132.0,23.45,454.74999999999994,0.0,0.04,0.0284423828125,0.01146697998046875,0.0289764404296875,0.01142120361328125,0.028015137,0.012191772,0.6960547,0.6983612
chr2:g.215384891C>T|cg25099021,FN1,0.00537109375,302,0.0041503906,0.0016845703,0.007104492,0.0017906394,1.0,425.0,296.1,567.9499999999999,0.0,0.0,0.017242431640625,0.050323486328125,0.01812744140625,0.049041748046875,0.019203186,0.04876709,0.28640383,0.30267784
chr11:g.117780620G>A|cg01877524,DSCAML1,-0.00537109375,303,-0.0029296875,-0.016381836,0.0,0.005302036,0.88,494.0,178.20000000000002,744.2,0.0,0.0,0.04681396484375,0.0115509033203125,0.045196533203125,0.0117340087890625,0.05027771,0.012218475,0.8110508,0.80448484
chr11:g.121130174C>T|cg13892828,TECTA,0.00537109375,304,0.0043945312,0.0014648438,0.0068359375,0.0018565959,1.0,411.0,309.0,594.2,0.0,0.0,0.030914306640625,0.0206451416015625,0.031982421875,0.0213623046875,0.033432007,0.0205307,0.6177686,0.61848754
chr10:g.73517363A>C|cg08958656,USP54,0.00537109375,305,0.0034179688,-0.024951171,0.026733397,0.01698536,0.6,203.0,80.95,557.65,0.0,0.0,0.0269622802734375,0.01751708984375,0.027435302734375,0.017578125,0.029060364,0.017448425,0.6197542,0.62149954
chr11:g.64859966G>A|cg01151584,EHD1,0.00537109375,306,0.0043945312,0.0014648438,0.008081054,0.0021648847,0.98,390.0,287.35,594.8,0.0,0.0,0.051177978515625,0.030731201171875,0.052703857421875,0.0316162109375,0.050857544,0.030555725,0.6270335,0.6257498
chr8:g.70148349G>T|cg20699548,NCOA2,0.00537109375,307,0.0012207031,-0.03140869,0.050451647,0.026327003,0.58,165.5,43.2,657.8499999999998,0.0,0.02,0.0101318359375,0.0070648193359375,0.01016998291015625,0.0070648193359375,0.011268616,0.008014679,0.57386625,0.5714031
chr10:g.91630479C>T|cg18354248,PPP1R3C,-0.00537109375,308,-0.0031738281,-0.011987304,0.0029785149,0.0050387643,0.74,430.0,208.35,720.4999999999999,0.0,0.0,0.046478271484375,0.0238189697265625,0.045013427734375,0.0236968994140625,0.043777466,0.024253845,0.64179265,0.6457256
chr17:g.47733877C>T|cg03639783,TBX21,0.005157470703125,309,0.0029907227,-0.0038146973,0.011166381,0.0048464765,0.74,433.0,217.15,729.65,0.0,0.0,0.06817626953125,0.0028667449951171875,0.06524658203125,0.002811431884765625,0.06781006,0.0031728745,0.9551257,0.95440614
chr8:g.144512686C>G|cg19996418,RECQL4,0.0048828125,310,-0.0036621094,-0.043725587,0.03596191,0.025532465,0.44,156.0,44.15,543.8499999999998,0.0,0.0,0.0173797607421875,0.00806427001953125,0.01763916015625,0.00803375244140625,0.018707275,0.008796692,0.6803236,0.6842454
chr1:g.201808720G>A|cg02616186,NAV1,0.0048828125,311,0.0063476562,0.003149414,0.009057617,0.0019980483,1.0,337.0,265.15,463.1,0.0,0.0,0.026611328125,0.0251312255859375,0.027008056640625,0.0253753662109375,0.02619934,0.025375366,0.51165414,0.5128455
chr17:g.38562842G>A|cg19409060,SRCIN1,-0.0048828125,312,-0.012451172,-0.08337402,0.047998045,0.04221533,0.6,83.5,16.45,437.4999999999999,0.04,0.12,0.018096923828125,0.00867462158203125,0.01763916015625,0.0087432861328125,0.018798828,0.009037018,0.6720526,0.6644742
chr5:g.140643929G>A|cg27658391,TMCO6,0.0048828125,313,0.0048828125,0.00070800784,0.013183594,0.004177366,0.96,382.0,197.9,634.9499999999999,0.0,0.0,0.035552978515625,0.024139404296875,0.036285400390625,0.0244293212890625,0.03604126,0.02355957,0.6077795,0.61264706
chr13:g.98688302G>A|cg20568691,SLC15A1,-0.0048828125,314,-0.005126953,-0.013989258,0.0024414062,0.005254146,0.82,366.0,199.2,699.6999999999999,0.0,0.0,0.045867919921875,0.007694244384765625,0.04486083984375,0.007724761962890625,0.045516968,0.008747101,0.83732116,0.8355423
chr16:g.685944G>A|cg26750188,WDR24,0.0048828125,315,0.0061035156,-0.023852538,0.023583982,0.017441405,0.58,193.5,84.4,501.3999999999999,0.0,0.0,0.01983642578125,0.00763702392578125,0.02001953125,0.007724761962890625,0.021903992,0.008880615,0.7183336,0.72240865
chr14:g.80211371G>A|cg00217795,DIO2,0.0048828125,316,-0.017578125,-0.08383789,0.069457985,0.051747788,0.4,74.0,9.9,337.0999999999998,0.06,0.22,0.01473236083984375,0.00766754150390625,0.01467132568359375,0.007724761962890625,0.01625061,0.007965088,0.65858924,0.663177
chr19:g.40383885G>A|cg01644518,HIPK4,-0.0048828125,317,-0.0053710938,-0.0073242188,-0.0034179688,0.0013073705,1.0,357.0,288.25,448.84999999999997,0.0,0.0,0.04486083984375,0.019683837890625,0.04376220703125,0.0196075439453125,0.04699707,0.02128601,0.6904634,0.6809102
chr6:g.56620404A>C|cg11102354,DST,-0.0048828125,318,-0.00048828125,-0.01953125,0.027636714,0.01635985,0.52,263.5,76.65,652.2499999999999,0.0,0.0,0.0162811279296875,0.040252685546875,0.016021728515625,0.040771484375,0.016159058,0.040267944,0.2911749,0.29169095
chr15:g.68291209C>T|cg02389877,FEM1B,0.0048828125,319,0.0031738281,0.0,0.009765625,0.0029741914,0.92,466.5,229.35,694.3499999999999,0.0,0.0,0.031982421875,0.0341796875,0.033905029296875,0.033538818359375,0.034729004,0.03274536,0.51698375,0.53240037
chr1:g.46043841G>T|cg01008154,PIK3R3,0.0048828125,320,0.0043945312,-0.029711913,0.037109375,0.020947725,0.68,211.0,47.75,652.8499999999999,0.0,0.0,0.0207672119140625,0.0218658447265625,0.0210113525390625,0.0222015380859375,0.021942139,0.022911072,0.48853737,0.4961765
chr1:g.109490285G>T|cg03525254,ATXN7L2,0.0048828125,321,0.0031738281,-0.007861328,0.013940429,0.006793991,0.72,366.5,171.55,626.65,0.0,0.0,0.035003662109375,0.0164642333984375,0.03533935546875,0.0163421630859375,0.03567505,0.017074585,0.68240243,0.68558973
chr7:g.100456950C>T|cg12283819,C7orf61,-0.0048828125,322,-0.004638672,-0.016381836,0.0048828125,0.007599902,0.76,371.0,161.25,662.8,0.0,0.0,0.03533935546875,0.0294189453125,0.034027099609375,0.0299835205078125,0.036026,0.028381348,0.5625082,0.5484536
chr7:g.195707C>T|cg24504854,FAM20C,0.0048828125,323,0.0036621094,-0.0044433596,0.012304686,0.005621569,0.8,421.0,209.4,729.1499999999999,0.0,0.0,0.028594970703125,0.0279083251953125,0.0292510986328125,0.0280609130859375,0.031021118,0.028251648,0.52252054,0.52384156
chr20:g.34993393C>T|cg22762088,MYH7B,-0.0048828125,324,-0.0041503906,-0.016430665,0.007861327,0.007303322,0.8,368.0,161.45,698.85,0.0,0.0,0.034759521484375,0.0234222412109375,0.033721923828125,0.0230712890625,0.03503418,0.023468018,0.59980273,0.5932641
chr4:g.154744575C>T|cg23303074,LRAT,0.0048828125,325,0.008392334,-0.019329833,0.037020873,0.016845724,0.7,215.5,57.15,593.4499999999999,0.0,0.0,0.03155517578125,0.0211639404296875,0.030792236328125,0.0220794677734375,0.028785706,0.021903992,0.568987,0.5520773
chr11:g.640489C>G|cg02762115,DRD4,-0.0048828125,326,-0.0036621094,-0.039501954,0.025708007,0.019987537,0.58,191.5,59.1,622.65,0.0,0.0,0.0313720703125,0.03271484375,0.03125,0.03271484375,0.03286743,0.031951904,0.499757,0.4981532
chr20:g.19935149G>A|cg04466743,RIN2,0.00445556640625,327,0.0078125,-0.015911866,0.019641113,0.0112241665,0.7,250.0,115.0,572.2,0.0,0.0,0.0289764404296875,0.014617919921875,0.0287628173828125,0.0147857666015625,0.024497986,0.01714325,0.58084273,0.5804249
chr3:g.114351793G>A|cg03015144,ZBTB20,0.00439453125,328,0.00048828125,-0.0043945312,0.005419921,0.0032526976,0.56,537.0,349.55,695.9499999999999,0.0,0.0,0.04803466796875,0.033203125,0.05126953125,0.0313720703125,0.051940918,0.03286743,0.6142435,0.632199
chr12:g.41573437G>A|cg15235614,PDZRN4,0.00439453125,329,0.004638672,-0.008398438,0.0107421875,0.006214837,0.7,338.5,233.05,653.4499999999999,0.0,0.0,0.0640869140625,0.00997161865234375,0.06549072265625,0.0100555419921875,0.0642395,0.010410309,0.85990465,0.86002934
chr22:g.19973012C>T|cg22906524,ARVCF,0.00439453125,330,0.0029296875,-0.003564453,0.010791015,0.0044534164,0.8,460.5,232.0,716.5999999999999,0.0,0.0,0.04620361328125,0.0271759033203125,0.049224853515625,0.026611328125,0.049728394,0.02735138,0.6428655,0.6585746
chr22:g.50281953G>A|cg00243272,PLXNB2,-0.00439453125,331,-0.0048828125,-0.008081054,-0.002172852,0.0020628697,1.0,388.5,276.4,525.4999999999999,0.0,0.0,0.02203369140625,0.011871337890625,0.0212860107421875,0.011962890625,0.024681091,0.0129470825,0.65903467,0.649022
chr1:g.31006009G>A|cg18327385,PUM1,-0.00439453125,332,-0.007080078,-0.05251465,0.04284668,0.033066303,0.62,133.5,21.35,632.3499999999999,0.0,0.06,0.017852783203125,0.0287628173828125,0.017913818359375,0.0289764404296875,0.018592834,0.029174805,0.39209592,0.38909376
chr11:g.57485117G>A|cg09888840,SLC43A1,-0.00439453125,333,-0.0029296875,-0.005859375,-0.001953125,0.0013192263,1.0,476.5,349.0,557.55,0.0,0.0,0.03253173828125,0.0119171142578125,0.03192138671875,0.0119171142578125,0.03337097,0.012477875,0.7228569,0.7187834
chr9:g.135485995G>T|cg03936031,PPP1R26,0.00439453125,334,0.0012207031,-0.0043945312,0.009545898,0.004895998,0.56,456.5,252.6,717.2999999999998,0.0,0.0,0.043701171875,0.02752685546875,0.044189453125,0.0276947021484375,0.046432495,0.028923035,0.6242994,0.62088144
chr2:g.191836181C>T|cg19699264,CAVIN2,0.00439453125,335,0.0048828125,0.0011962891,0.010937497,0.003485504,1.0,373.5,225.15,629.5499999999998,0.0,0.0,0.043609619140625,0.033966064453125,0.044586181640625,0.03436279296875,0.042053223,0.033203125,0.5644829,0.5682141
chr19:g.4652139C>T|cg22754389,TNFAIP8L1,0.00439453125,336,0.00390625,-0.009545898,0.011499023,0.008687251,0.72,370.0,159.25,681.1,0.0,0.0,0.046295166015625,0.021484375,0.0482177734375,0.0218658447265625,0.05117798,0.0230484,0.691177,0.6970776
chr6:g.160079645A>G|cg02396797,IGF2R,-0.00439453125,337,-0.0021972656,-0.02956543,0.014160156,0.01315126,0.6,341.5,82.7,727.0999999999999,0.0,0.0,0.0279541015625,0.0282745361328125,0.0265045166015625,0.028106689453125,0.028900146,0.028335571,0.50477064,0.49152374
chr16:g.89180223G>A|cg09076877,CDH15,-0.00439453125,338,-0.0048828125,-0.02841797,0.02158203,0.016176194,0.6,217.5,81.7,653.3,0.0,0.0,0.0289764404296875,0.0164642333984375,0.0284881591796875,0.0164031982421875,0.030151367,0.01625061,0.64546037,0.6415614
chr19:g.19640549G>A|cg16253989,GMIP,-0.00439453125,339,-0.0063476562,-0.0265625,0.017407225,0.013602031,0.7,253.5,92.85000000000001,569.65,0.0,0.0,0.0228424072265625,0.0221099853515625,0.0227203369140625,0.0219879150390625,0.022758484,0.02344513,0.4925633,0.4918767
chr19:g.38469085C>A|cg22846876,RYR1,-0.00439453125,340,-0.0031738281,-0.008569336,0.002758788,0.0037860677,0.8,445.0,267.25,651.3,0.0,0.0,0.036346435546875,0.020294189453125,0.03515625,0.020172119140625,0.035858154,0.020706177,0.6384767,0.6325243
chr19:g.49128886C>T|cg15031763,PPFIA3,0.0040283203125,341,0.004837036,0.0026657104,0.008218383,0.0018056969,1.0,377.5,285.95,495.1,0.0,0.0,0.053009033203125,0.0125274658203125,0.0531005859375,0.01302337646484375,0.053604126,0.012504578,0.80982363,0.804475
chr7:g.2578493G>C|cg14554438,IQCE,0.00390625,342,0.00390625,0.0029296875,0.005859375,0.0010041249,1.0,417.0,357.9,492.55,0.0,0.0,0.0504150390625,0.0211181640625,0.0517578125,0.0216217041015625,0.050186157,0.021026611,0.7058071,0.707422
chr17:g.76476898C>T|cg27605355,RHBDF2,-0.00390625,343,-0.00390625,-0.010034179,-0.0009765625,0.0033951013,0.96,417.0,241.2,605.7499999999999,0.0,0.0,0.038238525390625,0.022369384765625,0.037261962890625,0.0222015380859375,0.039978027,0.022354126,0.6434858,0.63761365
chr16:g.672563G>A|cg27336518,RHOT2,0.00390625,344,0.00390625,0.0024414062,0.0061279293,0.0011614064,1.0,412.0,332.7,515.9,0.0,0.0,0.048126220703125,0.0165863037109375,0.04931640625,0.01678466796875,0.048538208,0.016784668,0.74716944,0.74923503
chr6:g.56900577C>T|cg07800670,DST,-0.00390625,345,-0.0053710938,-0.010034179,-0.001953125,0.0030152008,0.98,368.0,249.45,551.75,0.0,0.0,0.0439453125,0.02655029296875,0.043121337890625,0.02606201171875,0.043945312,0.025665283,0.6353582,0.63460857
chr14:g.21022396G>C|cg10078898,NDRG2,0.00390625,346,0.0043945312,0.00070800784,0.0066162106,0.0018017995,0.96,400.5,324.15,641.75,0.0,0.0,0.024993896484375,0.0029010772705078125,0.024993896484375,0.0029010772705078125,0.022270203,0.0032291412,0.87824464,0.87842
chr16:g.30583379C>T|cg08103107,ZNF785,0.00390625,347,0.0026855469,0.0,0.007592773,0.002538602,0.86,480.5,294.75,741.1,0.0,0.0,0.044189453125,0.0237274169921875,0.045257568359375,0.0238189697265625,0.044937134,0.0236969,0.65139204,0.6590421
chr1:g.228059111C>T|cg09075558,WNT3A,0.00390625,348,0.010986328,-0.051049806,0.07363281,0.03882736,0.62,90.5,16.0,442.9499999999999,0.02,0.08,0.0196075439453125,0.00464630126953125,0.0204925537109375,0.00464630126953125,0.020133972,0.0055122375,0.7831562,0.787355
chr1:g.175077427C>G|cg13386070,TNN,0.00390625,349,0.0021972656,-0.014160156,0.01870117,0.011114249,0.6,282.5,122.8,700.75,0.0,0.0,0.033966064453125,0.01061248779296875,0.03448486328125,0.01061248779296875,0.032958984,0.010799408,0.7634641,0.763579
chr1:g.48239435G>C|cg25469314,SLC5A9,0.00390625,350,0.0048828125,-0.006665039,0.013940429,0.0070017925,0.7,322.5,188.8,611.85,0.0,0.0,0.03759765625,0.016845703125,0.038177490234375,0.0169830322265625,0.0382843,0.017913818,0.6852244,0.6863603
chr7:g.158192471G>A|cg19738802,PTPRN2,-0.00390625,351,0.0021972656,-0.012475586,0.01274414,0.007726226,0.48,394.5,171.8,594.75,0.0,0.0,0.038116455078125,0.01406097412109375,0.038909912109375,0.014556884765625,0.036254883,0.014335632,0.71608543,0.71765184
chr10:g.124994589G>A|cg08203849,CTBP2,-0.00390625,352,-0.004638672,-0.015893554,0.0061279293,0.007096988,0.74,349.5,166.45,692.4499999999999,0.0,0.0,0.02886962890625,0.029083251953125,0.0283355712890625,0.028656005859375,0.029197693,0.029457092,0.49757433,0.49649107
chr7:g.151006955G>A|cg00478390,NOS3,0.00390625,353,0.0026855469,-0.0053710938,0.022460938,0.010087707,0.62,358.5,110.9,622.6999999999999,0.0,0.0,0.02886962890625,0.01512908935546875,0.0292510986328125,0.0154266357421875,0.029342651,0.015602112,0.6447843,0.653135
chr11:g.82997238G>T|cg01250845,RAB30,-0.00390625,354,-0.0048828125,-0.0078125,-0.0024414062,0.001697228,1.0,391.5,284.15,527.1,0.0,0.0,0.02386474609375,0.0245208740234375,0.023773193359375,0.0244293212890625,0.02470398,0.023643494,0.5055934,0.5064722
chr12:g.132643852G>A|cg22138822,POLE,-0.00390625,355,-0.0034179688,-0.0073242188,0.00075683556,0.0024429006,0.86,453.0,296.6,715.3499999999999,0.0,0.0,0.05291748046875,0.027008056640625,0.050811767578125,0.0268096923828125,0.05340576,0.027038574,0.6669738,0.6588899
chr12:g.130436950C>A|cg25577202,RIMBP2,-0.00390625,356,-0.0031738281,-0.012524414,0.011181634,0.009567485,0.68,416.0,158.35,616.6999999999999,0.0,0.0,0.048309326171875,0.0208892822265625,0.047698974609375,0.0203704833984375,0.047790527,0.021347046,0.6919515,0.6951067
chr11:g.66707582G>C|cg02700161,SPTBN2,0.00390625,357,0.0026855469,-0.002709961,0.012133786,0.0044578398,0.72,481.5,204.4,705.1,0.0,0.0,0.0460205078125,0.0295867919921875,0.047088623046875,0.029815673828125,0.047332764,0.029762268,0.6132798,0.6232462
chr17:g.74920615G>A|cg04585822,USH1G,-0.00390625,358,-0.0029296875,-0.0043945312,-0.0016845707,0.0009596754,1.0,482.0,407.15,579.1999999999999,0.0,0.0,0.060638427734375,0.0236053466796875,0.059112548828125,0.0225830078125,0.057922363,0.024635315,0.7040566,0.7070193
chr9:g.137078460G>T|cg15396367,UAP1L1,0.003662109375,359,-0.010650635,-0.08386841,0.049664304,0.04269703,0.44,99.0,12.700000000000001,378.6499999999998,0.06,0.1,0.049041748046875,0.01132965087890625,0.047698974609375,0.0119171142578125,0.049362183,0.011528015,0.80956614,0.79767156
chr19:g.39498980C>T|cg21718857,DLL3,0.00360107421875,360,0.004180908,0.0007766724,0.008187865,0.0022983523,1.0,408.0,283.35,659.75,0.0,0.0,0.0635986328125,0.006072998046875,0.06243896484375,0.00609588623046875,0.06500244,0.0060272217,0.9148292,0.9128257
chr21:g.26572875G>C|cg21282630,CYYR1,0.00360107421875,361,0.0028381348,-0.0038787841,0.0073974608,0.0036354188,0.7,441.0,296.6,715.65,0.0,0.0,0.07666015625,0.01078033447265625,0.07476806640625,0.010528564453125,0.07598877,0.010471344,0.87796295,0.8767551
chr14:g.77708144G>C|cg21974996,SLIRP,0.00347900390625,362,0.0040893555,0.0028793334,0.00546875,0.00075614906,1.0,416.0,362.9,486.69999999999993,0.0,0.0,0.04779052734375,0.0154266357421875,0.0455322265625,0.01554107666015625,0.047424316,0.015838623,0.7498279,0.7363838
chr8:g.95154548T>C|cg16878214,PLEKHF2,-0.00341796875,363,-0.005859375,-0.016162109,0.0010253899,0.005725894,0.9,342.0,158.35,653.8999999999999,0.0,0.0,0.030670166015625,0.032470703125,0.0287628173828125,0.03326416015625,0.0309906,0.031677246,0.49569094,0.45984274
chr20:g.62911130C>T|cg11152033,DIDO1,0.00341796875,364,0.0029296875,-0.0022216798,0.0061767567,0.0028963482,0.88,468.5,310.1,696.2,0.0,0.0,0.0560302734375,0.03216552734375,0.0560302734375,0.033782958984375,0.05529785,0.031951904,0.63361484,0.6162578
chr11:g.64854369C>T|cg13067095,EHD1,-0.00341796875,365,-0.004638672,-0.015454101,0.0068359375,0.006374512,0.82,365.5,169.8,614.05,0.0,0.0,0.044677734375,0.0295867919921875,0.043853759765625,0.0287017822265625,0.045272827,0.030067444,0.6054586,0.61412907
chr19:g.6007770G>A|cg25793425,RFX2,0.00341796875,366,0.0034179688,-0.0005371093,0.009814452,0.0032523838,0.9,438.5,244.25,690.5,0.0,0.0,0.042083740234375,0.027587890625,0.04302978515625,0.02752685546875,0.04321289,0.027824402,0.6066773,0.61250126
chr19:g.48450382C>T|cg21481320,GRWD1,0.00341796875,367,0.0029296875,-0.00026855466,0.0063476562,0.0022847329,0.86,476.5,326.45,729.75,0.0,0.0,0.035491943359375,0.0305023193359375,0.036773681640625,0.0304412841796875,0.034713745,0.031227112,0.5262718,0.5343739
chr14:g.78645382C>T|cg02326285,NRXN3,-0.00341796875,368,-0.0056152344,-0.017626952,0.018457025,0.011035782,0.74,275.5,125.35,619.9999999999999,0.0,0.0,0.0271148681640625,0.012481689453125,0.0268096923828125,0.0127716064453125,0.026855469,0.01392746,0.6618781,0.6496297
chr7:g.1493863C>T|cg01705214,INTS1,0.00341796875,369,0.0034179688,-0.0017333984,0.007153319,0.002959908,0.76,448.0,297.15,687.6999999999999,0.0,0.0,0.047515869140625,0.0328369140625,0.04876708984375,0.03314208984375,0.05050659,0.03277588,0.6049386,0.60256886
chr6:g.1930136T>C|cg01465824,GMDS,-0.00341796875,370,-0.0014648438,-0.011010742,0.0076416004,0.006078084,0.56,428.5,227.45,674.4999999999999,0.0,0.0,0.04217529296875,0.0266571044921875,0.04052734375,0.026763916015625,0.04168701,0.026634216,0.6109183,0.6085639
chr18:g.9887586C>A|cg02711020,TXNDC2,-0.00341796875,371,-0.0031738281,-0.010034179,0.0029296875,0.004234964,0.78,437.5,247.9,662.1999999999999,0.0,0.0,0.040374755859375,0.01142120361328125,0.039642333984375,0.01146697998046875,0.04107666,0.011291504,0.7795249,0.77622247
chr19:g.14610075C>T|cg24838240,CLEC17A,0.00341796875,372,0.0024414062,-0.0051513673,0.013330076,0.0060667056,0.72,403.0,190.25,691.3499999999999,0.0,0.0,0.042083740234375,0.015899658203125,0.04327392578125,0.015838623046875,0.043930054,0.015663147,0.73502517,0.7407353
chr17:g.28494407G>A|cg27562840,SLC13A2,-0.00341796875,373,-0.0036621094,-0.016870117,0.008447263,0.007390682,0.64,345.5,154.0,708.7499999999999,0.0,0.0,0.0323486328125,0.01678466796875,0.03167724609375,0.016845703125,0.03173828,0.01714325,0.65319,0.6451715
chr2:g.230046367G>A|cg21540962,SLC16A14,-0.00341796875,374,0.0012207031,-0.028100586,0.01936035,0.017212497,0.48,236.5,80.95,603.5999999999999,0.0,0.0,0.0394287109375,0.02069091796875,0.0391845703125,0.020416259765625,0.04067993,0.021080017,0.65019107,0.65745485
chr20:g.3234309C>T|cg21907993,SLC4A11,0.00341796875,375,0.0034179688,0.0,0.007861327,0.0024783164,0.92,443.0,281.2,638.1499999999999,0.0,0.0,0.059112548828125,0.0185394287109375,0.061187744140625,0.0191192626953125,0.058883667,0.018669128,0.75595933,0.7574022
chr2:g.135808876G>T|cg25344623,LCT,0.00341796875,376,0.0026855469,-0.00026855466,0.0048828125,0.001702809,0.92,499.0,370.6,681.8,0.0,0.0,0.04638671875,0.0201416015625,0.047607421875,0.02001953125,0.048080444,0.019737244,0.7120123,0.71669024
chr3:g.10234521C>T|cg18716706,IRAK2,-0.00341796875,377,-0.0021972656,-0.011987304,0.0048828125,0.0058859214,0.64,435.0,200.6,690.0,0.0,0.0,0.04559326171875,0.03179931640625,0.044342041015625,0.0328369140625,0.042236328,0.033691406,0.55767643,0.55102503
chr11:g.26994820G>T|cg13694680,FIBIN,0.00341796875,378,0.0024414062,0.0014648438,0.0041748043,0.00087796454,1.0,517.5,416.75,592.7499999999999,0.0,0.0,0.01934814453125,0.004848480224609375,0.0196380615234375,0.004848480224609375,0.02167511,0.0049533844,0.8057982,0.80758035
chr8:g.24956225G>C|cg24000873,NEFL,0.0032958984375,379,0.0033874512,-0.026013184,0.02411499,0.01750083,0.62,238.0,58.35,609.85,0.0,0.0,0.046295166015625,0.002269744873046875,0.04510498046875,0.002269744873046875,0.04862976,0.0025453568,0.95039964,0.948771
chr7:g.122886053G>T|cg07322688,CADPS2,-0.00323486328125,380,-0.00289917,-0.0078018187,0.0031249998,0.0038946322,0.8,456.0,287.25,656.0,0.0,0.0,0.04779052734375,0.01751708984375,0.04931640625,0.0169219970703125,0.050094604,0.01727295,0.7429205,0.75265145
chr1:g.209607913C>T|cg20994118,CAMK1G,0.003173828125,381,-0.0037841797,-0.024780273,0.01877441,0.014215525,0.38,285.5,87.5,580.8999999999999,0.0,0.0,0.012054443359375,0.012481689453125,0.01214599609375,0.0125732421875,0.012237549,0.01392746,0.48704684,0.48166388
chr17:g.59210231G>T|cg16822173,SMG8,0.003173828125,382,0.002822876,0.0019126892,0.0044273376,0.0008500805,1.0,490.5,402.4,561.2,0.0,0.0,0.047943115234375,0.0150146484375,0.046905517578125,0.01519012451171875,0.049591064,0.014957428,0.7659187,0.76176894
chr1:g.3625459C>T|cg22697657,TPRG1L,-0.003143310546875,383,-0.0028533936,-0.024195861,0.028625488,0.014852263,0.58,320.0,86.35,642.3,0.0,0.0,0.061767578125,0.01495361328125,0.06085205078125,0.0147857666015625,0.061309814,0.014644623,0.80511296,0.8066616
chr3:g.32570741G>A|cg18602811,DYNC1LI1,0.0031280517578125,384,0.002670288,0.0011123657,0.004880524,0.0011884911,1.0,494.5,374.2,634.1499999999999,0.0,0.0,0.05718994140625,0.0156707763671875,0.0548095703125,0.0154876708984375,0.057540894,0.015457153,0.7849649,0.7823802
chr3:g.192917724G>A|cg07933199,MB21D2,0.002960205078125,385,0.0021438599,0.0010803223,0.0038948057,0.00089115876,1.0,542.5,425.7,632.2499999999999,0.0,0.0,0.04681396484375,0.013427734375,0.04559326171875,0.01332855224609375,0.047424316,0.013633728,0.77503955,0.773154
chr6:g.158502492G>T|cg22846966,TULP4,-0.0029296875,386,-0.0041503906,-0.02175293,0.021313475,0.013650305,0.66,239.0,108.9,679.4499999999999,0.0,0.0,0.035552978515625,0.02685546875,0.0352783203125,0.02685546875,0.03552246,0.026428223,0.5696367,0.563236
chr19:g.35841755G>T|cg03147184,NPHS1,0.0029296875,387,0.004638672,-0.0126953125,0.028735349,0.013393544,0.64,247.5,82.3,614.6499999999999,0.0,0.0,0.0301513671875,0.01056671142578125,0.030731201171875,0.01056671142578125,0.02961731,0.009895325,0.74934125,0.7524594
chr1:g.228341190C>T|cg00532451,OBSCN,0.0029296875,388,0.0021972656,-0.0010253906,0.0066162106,0.0023009246,0.86,531.0,319.25,723.9,0.0,0.0,0.049774169921875,0.01384735107421875,0.0509033203125,0.01395416259765625,0.049728394,0.014450073,0.7710898,0.77396953
chr5:g.140567835C>G|cg27337021,SLC35A4,-0.0029296875,389,-0.0048828125,-0.031518556,0.02531738,0.016557245,0.64,239.5,66.8,563.5499999999998,0.0,0.0,0.03125,0.0225067138671875,0.030670166015625,0.0225372314453125,0.02986908,0.022872925,0.57241833,0.5636407
chr11:g.134234916G>T|cg09845666,VPS26B,-0.0029296875,390,0.0,-0.009863282,0.0093749985,0.013079124,0.44,454.0,214.65,748.1,0.0,0.0,0.044342041015625,0.0294189453125,0.043853759765625,0.030670166015625,0.042236328,0.028549194,0.587078,0.57804775
chr20:g.58855113C>T|cg21625881,GNAS,0.0029296875,391,0.0045776367,-0.0015930175,0.013323974,0.0056705032,0.76,385.0,194.95,720.5999999999999,0.0,0.0,0.040374755859375,0.004848480224609375,0.039276123046875,0.00482940673828125,0.043121338,0.004896164,0.8974291,0.8951105
chr21:g.44323825C>T|cg03257916,PFKL,-0.0029296875,392,-0.0021972656,-0.0075927735,0.0046630856,0.004001268,0.66,477.5,278.45,678.1999999999998,0.0,0.0,0.0386962890625,0.0232391357421875,0.0379638671875,0.023284912109375,0.04057312,0.022651672,0.6364093,0.6364814
chr22:g.39743763C>T|cg11757326,ENTHD1,-0.0029296875,393,-0.004638672,-0.013989258,0.0034667961,0.006134301,0.92,357.5,172.9,643.0999999999999,0.0,0.0,0.0289764404296875,0.00919342041015625,0.028656005859375,0.0092315673828125,0.030792236,0.008430481,0.77807355,0.77352476
chr1:g.150556329C>T|cg15107203,ADAMTSL4,-0.0029296875,394,-0.0024414062,-0.009277344,0.009545898,0.0059427284,0.64,404.0,242.7,665.6999999999999,0.0,0.0,0.034759521484375,0.02630615234375,0.034027099609375,0.0263519287109375,0.034454346,0.026527405,0.56598055,0.55915487
chr11:g.209670G>A|cg09320717,RIC8A,-0.0029296875,395,0.00018310547,-0.01852417,0.019104,0.011858205,0.48,310.0,104.2,719.65,0.0,0.0,0.044586181640625,0.020172119140625,0.044677734375,0.019989013671875,0.044937134,0.019180298,0.6980584,0.70201844
chr11:g.4653331C>T|cg23632744,OR51E1,-0.0029296875,396,-0.0053710938,-0.008569336,-0.0023925789,0.0020833127,1.0,361.0,266.05,533.8499999999998,0.0,0.0,0.03704833984375,0.0162811279296875,0.037109375,0.016021728515625,0.03729248,0.01675415,0.6901599,0.6900741
chr11:g.69087920G>C|cg25042173,TPCN2,-0.0029296875,397,-0.005126953,-0.033959962,0.0345459,0.020861076,0.56,187.0,62.25,529.5499999999997,0.0,0.0,0.0230712890625,0.0209197998046875,0.02276611328125,0.0208892822265625,0.02519989,0.020759583,0.54388547,0.54701316
chr11:g.71474481C>T|cg07617163,NADSYN1,-0.0029296875,398,-0.0024414062,-0.0071044923,0.0027099606,0.0028913037,0.82,491.0,313.3,707.1,0.0,0.0,0.04595947265625,0.02947998046875,0.04345703125,0.029876708984375,0.046813965,0.030761719,0.5999603,0.58556974
chr3:g.66380818C>T|cg00503690,LRIG1,0.0029296875,399,0.0014648438,-0.00390625,0.008081054,0.00397265,0.6,497.0,269.5,700.75,0.0,0.0,0.03985595703125,0.0311431884765625,0.040985107421875,0.0309600830078125,0.03994751,0.03201294,0.5562631,0.55794543
chr19:g.37669660G>A|cg24851318,ZNF781,-0.0029296875,400,-0.0034179688,-0.008569336,0.00026855431,0.0026963328,0.9,446.0,268.25,693.5,0.0,0.0,0.047607421875,0.017913818359375,0.045013427734375,0.018096923828125,0.047836304,0.01727295,0.72937965,0.71591187
chr4:g.114623048C>G|cg25892041,UGT8,0.0029296875,401,0.0024414062,0.0014648438,0.00390625,0.0009201245,1.0,514.5,426.85,600.75,0.0,0.0,0.04559326171875,0.025177001953125,0.045867919921875,0.0247955322265625,0.045913696,0.024383545,0.65516436,0.6633849
chr12:g.12465632G>A|cg06534724,BORCS5,0.0029296875,402,0.0026855469,-0.004663086,0.007104492,0.0035430875,0.8,475.5,304.25,679.5999999999999,0.0,0.0,0.04681396484375,0.0182647705078125,0.047088623046875,0.018798828125,0.047470093,0.017745972,0.7247726,0.71791226
chr12:g.122848554C>G|cg13657970,HIP1R,-0.0029296875,403,-0.0034179688,-0.0051513673,-0.0024414062,0.0009913973,1.0,451.5,366.75,517.25,0.0,0.0,0.038330078125,0.0224151611328125,0.037750244140625,0.0222015380859375,0.037719727,0.021865845,0.63368934,0.6326476
chr4:g.154612169T>A|cg16747973,FGG,-0.0029296875,404,-0.0024414062,-0.005419922,-0.0007080082,0.0014646446,0.98,517.5,358.9,656.8999999999999,0.0,0.0,0.03521728515625,0.0082550048828125,0.03460693359375,0.0083465576171875,0.033996582,0.008255005,0.800322,0.79803896
chr2:g.113059447G>C|cg21378206,IL36RN,-0.0029296875,405,0.0087890625,-0.037902832,0.04162597,0.024571579,0.34,132.0,45.7,470.3499999999999,0.0,0.0,0.020172119140625,0.01363372802734375,0.0202178955078125,0.01363372802734375,0.019699097,0.01467514,0.57965446,0.58283865
chr18:g.48040016C>T|cg24352393,ZBTB7C,0.0029296875,406,0.0036621094,-0.006274414,0.009277344,0.004843883,0.74,400.5,250.4,680.5999999999999,0.0,0.0,0.044769287109375,0.022674560546875,0.045684814453125,0.02276611328125,0.043685913,0.022911072,0.65897775,0.6600776
chr19:g.41268275C>T|cg13596036,HNRNPUL1,0.0029296875,407,0.00390625,0.001953125,0.0063476562,0.0015779703,1.0,430.5,323.05,560.0999999999999,0.0,0.0,0.012481689453125,0.00981903076171875,0.012481689453125,0.00989532470703125,0.012577057,0.011222839,0.5341549,0.5318584
chr16:g.48187335G>C|cg09827812,ABCC11,-0.0029296875,408,-0.0029296875,-0.0053710938,-0.0014648438,0.0012401394,1.0,486.0,371.0,593.05,0.0,0.0,0.040679931640625,0.0221099853515625,0.03955078125,0.0222015380859375,0.04083252,0.021469116,0.6511706,0.643587
chr15:g.40900234C>T|cg23775236,VPS18,-0.0029296875,409,-0.0029296875,-0.009765625,0.001953125,0.0041924813,0.84,473.5,243.9,678.25,0.0,0.0,0.0509033203125,0.02508544921875,0.04840087890625,0.024993896484375,0.04940796,0.024993896,0.66492605,0.6572837
chr19:g.18436363G>A|cg04304033,ISYNA1,0.0029296875,410,0.0014648438,-0.016381836,0.013452148,0.009350996,0.58,389.0,144.1,689.2,0.0,0.0,0.0279541015625,0.00989532470703125,0.0282135009765625,0.00989532470703125,0.029708862,0.010692596,0.7366913,0.7412559
chr16:g.19872621G>A|cg02384338,GPRC5B,0.0029296875,411,0.0017089844,-0.0036865235,0.008081054,0.0036731407,0.66,506.5,289.85,692.55,0.0,0.0,0.04931640625,0.013427734375,0.050048828125,0.013427734375,0.050949097,0.013534546,0.79382986,0.79606295
chr14:g.24367141A>C|cg26705574,NFATC4,-0.00286865234375,412,-0.0025634766,-0.0062301634,-0.001263428,0.0015530721,1.0,506.0,332.6,600.5999999999999,0.0,0.0,0.0631103515625,0.0099334716796875,0.0633544921875,0.0097808837890625,0.06365967,0.010269165,0.86137605,0.86432266
chr8:g.141228216C>T|cg09238000,SLC45A4,-0.002685546875,413,-0.0021972656,-0.034118652,0.016918944,0.019163651,0.56,193.0,69.7,679.4499999999999,0.0,0.0,0.0127716064453125,0.00919342041015625,0.01267242431640625,0.00926971435546875,0.012969971,0.010032654,0.56469196,0.55443096
chr12:g.46370827C>T|cg20830447,SLC38A2,-0.00262451171875,414,-0.0028381348,-0.012515259,0.004562376,0.0065285536,0.7,455.0,196.35,714.0999999999999,0.0,0.0,0.043121337890625,0.03131103515625,0.042388916015625,0.0306243896484375,0.04373169,0.030792236,0.5781621,0.58782554
chr1:g.181089808C>A|cg11496811,IER5,0.00262451171875,415,0.0025939941,-0.0019393921,0.0069168084,0.0032238748,0.74,494.5,317.25,714.55,0.0,0.0,0.042388916015625,0.0147857666015625,0.042724609375,0.01512908935546875,0.043518066,0.0149002075,0.7408941,0.7412572
chr19:g.45584738C>G|cg01990304,OPA3,0.002532958984375,416,0.0019760132,0.0010818482,0.0029861447,0.0005688743,1.0,551.0,482.45,610.65,0.0,0.0,0.05389404296875,0.014556884765625,0.05194091796875,0.014617919921875,0.054504395,0.014785767,0.7861068,0.7805455
chr3:g.13879760G>C|cg00625653,WNT7A,-0.002532958984375,417,-0.0019836426,-0.0044815065,0.00011749251,0.0015208953,0.92,549.5,394.2,719.1,0.0,0.0,0.05023193359375,0.01229095458984375,0.051544189453125,0.01229095458984375,0.05090332,0.012123108,0.80571115,0.810453
chr11:g.7653161C>T|cg06416026,PPFIBP2,0.00244140625,418,0.0024414062,0.0014648438,0.0034179688,0.00056185917,1.0,523.5,458.35,605.55,0.0,0.0,0.038818359375,0.035491943359375,0.0394287109375,0.03582763671875,0.038864136,0.03515625,0.52617264,0.52611804
chr16:g.1450620G>A|cg01852063,CLCN7,0.00244140625,419,0.001953125,-0.0036865235,0.007958982,0.0037275783,0.64,494.0,280.70000000000005,712.4499999999999,0.0,0.0,0.04217529296875,0.0243377685546875,0.04302978515625,0.02447509765625,0.04336548,0.024635315,0.64281136,0.6394466
chr4:g.40438135G>A|cg16642517,RBM47,-0.00244140625,420,-0.0012207031,-0.0043945312,0.0017333981,0.0019575048,0.64,579.5,400.25,716.55,0.0,0.0,0.0723876953125,0.019500732421875,0.0699462890625,0.0202178955078125,0.07232666,0.020645142,0.77606404,0.7637845
chr7:g.47303017G>A|cg14410503,TNS3,0.00244140625,421,0.0029296875,-0.0059082033,0.009277344,0.00533757,0.66,421.5,226.6,657.7499999999999,0.0,0.0,0.033477783203125,0.0200653076171875,0.033843994140625,0.020172119140625,0.032470703,0.020469666,0.6134623,0.61181617
chr16:g.293607G>A|cg01444501,AXIN1,-0.00244140625,422,-0.0024414062,-0.0053710938,-0.0009765625,0.0015530044,1.0,508.0,361.6,640.1,0.0,0.0,0.029205322265625,0.0207672119140625,0.02880859375,0.020721435546875,0.030792236,0.021186829,0.5911912,0.586921
chr6:g.54019088G>T|cg13281868,MLIP,0.00244140625,423,0.001953125,-0.0012451172,0.0061279293,0.0022215673,0.8,543.0,334.95,722.6999999999999,0.0,0.0,0.042083740234375,0.031982421875,0.042724609375,0.032470703125,0.04319763,0.03113556,0.58907187,0.5858841
chr6:g.10409905A>G|cg15732658,TFAP2A,0.00244140625,424,0.0033569336,-0.022802735,0.029293817,0.020389132,0.64,265.0,50.800000000000004,580.65,0.0,0.02,0.03704833984375,0.020294189453125,0.035400390625,0.0207977294921875,0.03479004,0.020393372,0.6306394,0.6007333
chr5:g.42801008G>C|cg18050233,SELENOP,0.00244140625,425,0.0014648438,-0.00612793,0.009814452,0.004417622,0.6,489.5,249.55,729.2,0.0,0.0,0.029541015625,0.03204345703125,0.0301055908203125,0.03228759765625,0.033172607,0.031082153,0.51627743,0.52413183
chr6:g.159819002C>T|cg21162003,PNLDC1,0.00244140625,426,0.0026855469,-0.002709961,0.00883789,0.0032383509,0.84,450.0,265.35,690.6999999999999,0.0,0.0,0.042816162109375,0.00809478759765625,0.043365478515625,0.00815582275390625,0.042892456,0.008140564,0.84041023,0.8407571
chr19:g.17577268C>T|cg05355764,COLGALT1,-0.00244140625,427,-0.0017089844,-0.013452148,0.007373046,0.0065229638,0.62,404.0,199.35,675.8,0.0,0.0,0.039947509765625,0.0162811279296875,0.039642333984375,0.0161590576171875,0.040420532,0.016586304,0.7057004,0.7046267
chr17:g.79835694C>A|cg14329275,CBX4,-0.00244140625,428,-0.0031738281,-0.006616211,-0.00048828125,0.0020221819,0.96,455.0,319.75,665.05,0.0,0.0,0.0293121337890625,0.00579833984375,0.0289764404296875,0.00577545166015625,0.026786804,0.007095337,0.7969565,0.7952075
chr17:g.59682694C>T|cg22624697,CLTC,0.00244140625,429,0.0014648438,0.0,0.003686523,0.0012194468,0.86,585.0,435.35,736.55,0.0,0.0,0.033538818359375,0.037750244140625,0.035064697265625,0.037811279296875,0.0382843,0.034362793,0.5301064,0.53374577
chr9:g.135822459G>A|cg14020379,CAMSAP1,0.00244140625,430,0.001953125,-0.0051513673,0.008569336,0.004887006,0.58,434.5,280.5,740.5,0.0,0.0,0.044769287109375,0.0360107421875,0.045196533203125,0.0364990234375,0.04333496,0.035949707,0.54734373,0.5439633
chr17:g.83085034C>G|cg01502876,METRNL,-0.00244140625,431,-0.0012207031,-0.00612793,0.0034179688,0.0030119878,0.74,530.0,326.8,731.85,0.0,0.0,0.055511474609375,0.019378662109375,0.054107666015625,0.0193023681640625,0.053649902,0.01977539,0.7334305,0.73333454
chr17:g.78571301G>A|cg09687005,DNAH17,-0.00244140625,432,0.001953125,-0.0031982423,0.008569336,0.0035436917,0.24,498.5,267.9,686.9499999999999,0.0,0.0,0.0312042236328125,0.01024627685546875,0.030670166015625,0.01036834716796875,0.029449463,0.010753632,0.73503387,0.7356593
chr1:g.20190655C>T|cg14285308,UBXN10,-0.00244140625,433,-0.0029296875,-0.046777345,0.02819824,0.021755211,0.58,224.5,47.25,645.85,0.0,0.0,0.02886962890625,0.01238250732421875,0.028656005859375,0.01238250732421875,0.027664185,0.013095856,0.6730205,0.6777325
chr10:g.43387534T>A|cg27564137,HNRNPF,0.00244140625,434,0.0017089844,-0.0017333984,0.00493164,0.0019998986,0.78,552.5,395.5,721.7499999999999,0.0,0.0,0.047088623046875,0.040618896484375,0.047943115234375,0.040771484375,0.047042847,0.03793335,0.55342627,0.5574286
chr9:g.91724322G>A|cg01303059,ROR2,-0.00244140625,435,-0.0061035156,-0.01225586,-0.0016845707,0.0040602135,0.98,341.0,207.35,562.8,0.0,0.0,0.03240966796875,0.018829345703125,0.0322265625,0.019012451171875,0.033599854,0.019966125,0.62876236,0.6218365
chr1:g.161100107G>A|cg27582585,KLHDC9,0.00244140625,436,-0.010986328,-0.029882813,0.008569336,0.01213571,0.2,217.5,80.9,532.1499999999999,0.0,0.0,0.0210113525390625,0.0202178955078125,0.0208892822265625,0.0207672119140625,0.02381897,0.021575928,0.5232716,0.5062406
chr1:g.1331929C>T|cg06802641,TAS1R3,0.00244140625,437,0.0024414062,-4.882808e-05,0.0046630856,0.0015646162,0.94,517.5,398.65,678.05,0.0,0.0,0.038818359375,0.014617919921875,0.0391845703125,0.01467132568359375,0.038726807,0.01486969,0.72208273,0.7218629
chr22:g.50288761G>A|cg03883640,PLXNB2,0.00244140625,438,0.0043945312,0.0016845703,0.0078125,0.0020240818,0.98,399.0,286.15,570.75,0.0,0.0,0.0295867919921875,0.019195556640625,0.029876708984375,0.01934814453125,0.029701233,0.018943787,0.6130476,0.61343354
chr11:g.34139425C>T|cg09508189,NAT10,0.00244140625,439,0.00024414062,-0.0036865235,0.009326171,0.00426246,0.5,515.0,256.95,718.5999999999999,0.0,0.0,0.020294189453125,0.020294189453125,0.020294189453125,0.02044677734375,0.020378113,0.021186829,0.49147695,0.48831105
chr11:g.66848950C>T|cg08924969,PC,-0.00244140625,440,0.005126953,-0.01838379,0.020068359,0.013349778,0.38,248.0,123.9,503.89999999999986,0.0,0.0,0.0244293212890625,0.027008056640625,0.0240020751953125,0.02691650390625,0.025733948,0.02696228,0.48597264,0.49240962
chr1:g.43619297G>A|cg15086746,PTPRF,0.00244140625,441,0.0029296875,0.00021972659,0.0048828125,0.001549774,0.94,492.0,392.65,702.85,0.0,0.0,0.057708740234375,0.0306243896484375,0.058990478515625,0.030731201171875,0.055770874,0.02911377,0.65300214,0.65673304
chr12:g.52433232C>T|cg04918314,KRT75,-0.00244140625,442,-0.0014648438,-0.02060547,0.017089844,0.010994777,0.54,338.0,114.75,593.0,0.0,0.0,0.03173828125,0.01666259765625,0.0312042236328125,0.0169219970703125,0.032714844,0.01662445,0.6600275,0.6549367
chr7:g.94418513C>G|cg03920522,COL1A2,0.00244140625,443,0.001953125,0.00021972659,0.0044433586,0.0014877174,0.94,561.5,409.95,672.7499999999999,0.0,0.0,0.02691650390625,0.00881195068359375,0.027069091796875,0.00881195068359375,0.026939392,0.009559631,0.7351527,0.7368516
chr12:g.120098838G>A|cg02227969,RAB35,0.00244140625,444,0.0014648438,-0.00026855466,0.0029296875,0.0010290144,0.84,603.0,484.5,745.65,0.0,0.0,0.057708740234375,0.02484130859375,0.060089111328125,0.0241851806640625,0.05696106,0.025642395,0.69361293,0.702448
chr2:g.233450935G>A|cg11612905,DGKD,0.00244140625,445,0.0034179688,0.0024414062,0.0048828125,0.0008255818,1.0,444.0,382.65,528.3,0.0,0.0,0.035675048828125,0.03216552734375,0.03643798828125,0.03216552734375,0.035690308,0.031829834,0.5297318,0.53666973
chr7:g.23309516G>C|cg14988239,MALSU1,-0.00244140625,446,-0.0024414062,-0.010522461,0.0041748043,0.00425564,0.76,471.5,233.1,673.65,0.0,0.0,0.0283355712890625,0.037200927734375,0.0274810791015625,0.037384033203125,0.02911377,0.035949707,0.4441571,0.43857193
chr21:g.31671762G>A|cg03524836,SCAF4,0.00244140625,447,0.009155273,-0.021716308,0.055151366,0.023290323,0.72,218.5,36.35,521.0,0.0,0.04,0.039947509765625,0.0261077880859375,0.039642333984375,0.0261077880859375,0.04020691,0.027374268,0.59016967,0.591024
chr2:g.136115730C>T|cg07784959,CXCR4,-0.00244140625,448,-0.0012207031,-0.046728514,0.033691406,0.025836522,0.5,185.5,40.5,561.15,0.0,0.0,0.0252227783203125,0.006931304931640625,0.024932861328125,0.0069580078125,0.027061462,0.008079529,0.7699772,0.7679075
chr6:g.26055880C>T|cg07750111,H1-2,0.002410888671875,449,0.002319336,-0.00090789795,0.0077667236,0.0026195005,0.82,543.0,284.3,690.9499999999998,0.0,0.0,0.04302978515625,0.01306915283203125,0.04193115234375,0.01306915283203125,0.0443573,0.013195038,0.7724329,0.7659341
chr19:g.55165945T>C|cg12018403,DNAAF3,-0.00238037109375,450,-0.0025024414,-0.005529785,-0.0005691532,0.0015606047,0.96,511.0,352.95,685.0999999999998,0.0,0.0,0.058013916015625,0.01107025146484375,0.058135986328125,0.01094818115234375,0.058944702,0.011352539,0.83815163,0.83981186
chr10:g.102644815G>A|cg14603406,TRIM8,0.00225830078125,451,0.0016479492,-0.005455017,0.0067367554,0.0041586133,0.62,465.0,287.7,721.2,0.0,0.0,0.054290771484375,0.016021728515625,0.0537109375,0.015777587890625,0.054748535,0.015220642,0.78267217,0.782723
chr12:g.49742250C>G|cg12879423,TMBIM6,0.00225830078125,452,0.0020751953,-0.0025024414,0.010551452,0.004276704,0.82,512.5,234.35,717.55,0.0,0.0,0.042572021484375,0.017303466796875,0.042083740234375,0.017303466796875,0.04336548,0.01675415,0.7204164,0.72740865
chr11:g.67429165G>A|cg26457823,RPS6KB2,-0.00213623046875,453,-0.001159668,-0.009431457,0.007913208,0.005922768,0.54,458.0,257.5,662.55,0.0,0.0,0.03790283203125,0.016021728515625,0.038909912109375,0.01519012451171875,0.038360596,0.016281128,0.6991491,0.71909964
chr12:g.101830636G>A|cg06554542,GNPTAB,-0.0020751953125,454,-0.0015869141,-0.0028411865,0.00024261454,0.0009811994,0.92,577.5,495.9,714.55,0.0,0.0,0.04400634765625,0.0165252685546875,0.04345703125,0.0153656005859375,0.044189453,0.017341614,0.71805584,0.7304394
chr15:g.63277677C>T|cg19574017,APH1B,0.0020294189453125,455,0.0017852783,0.00082244875,0.003199005,0.0006907868,1.0,563.0,469.25,661.85,0.0,0.0,0.0631103515625,0.01363372802734375,0.060760498046875,0.01363372802734375,0.06210327,0.013793945,0.8174659,0.8119893
chr2:g.191836049T>G|cg02894966,CAVIN2,-0.001953125,456,-0.0034179688,-0.009326172,-0.0007080082,0.0031370746,1.0,442.5,255.95000000000002,661.4,0.0,0.0,0.043121337890625,0.03314208984375,0.042724609375,0.0333251953125,0.04373169,0.033233643,0.56490684,0.5585775
chr7:g.1500350C>T|cg22245752,INTS1,0.001953125,457,0.0021972656,-0.00390625,0.008081054,0.003980236,0.7,483.5,285.25,689.0,0.0,0.0,0.041534423828125,0.0271148681640625,0.04193115234375,0.0272674560546875,0.041030884,0.027641296,0.6011367,0.60205835
chr7:g.43878218G>T|cg22153931,URGCP,-0.001953125,458,-0.0024414062,-0.008569336,0.0030273423,0.003936538,0.76,495.5,266.8,711.75,0.0,0.0,0.04400634765625,0.040313720703125,0.043609619140625,0.04046630859375,0.04484558,0.04034424,0.53199875,0.5242957
chr15:g.41900921G>C|cg00767886,EHD4,-0.001953125,459,-0.001953125,-0.005859375,0.0022216793,0.0025705255,0.7,530.0,341.0,737.5,0.0,0.0,0.049774169921875,0.03302001953125,0.050048828125,0.0322265625,0.04899597,0.033081055,0.5909498,0.60279715
chr2:g.159175090A>G|cg15677985,TANC1,0.001953125,460,0.0034179688,-0.00026855466,0.008081054,0.0024770005,0.9,463.0,284.35,711.2,0.0,0.0,0.033905029296875,0.0264129638671875,0.03436279296875,0.0266571044921875,0.03503418,0.026527405,0.5721146,0.5739098
chr7:g.55155942C>A|cg04116217,EGFR,0.001953125,461,0.0009765625,0.00021972659,0.0022216793,0.0006319615,0.94,623.0,528.75,731.3499999999999,0.0,0.0,0.047515869140625,0.034088134765625,0.04803466796875,0.03448486328125,0.04812622,0.03517151,0.5802538,0.57940805
chr10:g.102108153G>A|cg09828580,LDB1,0.001953125,462,0.001953125,-0.001953125,0.008081054,0.0032302265,0.68,538.0,281.8,752.1,0.0,0.0,0.040618896484375,0.024749755859375,0.041473388671875,0.024749755859375,0.04084778,0.023895264,0.6281994,0.6329773
chr22:g.41437040C>T|cg09503194,TOB2,-0.001953125,463,-0.001953125,-0.00612793,0.0022705067,0.0027500603,0.78,497.5,338.3,719.2499999999999,0.0,0.0,0.036346435546875,0.0310211181640625,0.03582763671875,0.030914306640625,0.03553772,0.031311035,0.5324841,0.5285867
chr22:g.26499377G>A|cg00365963,TFIP11,0.001953125,464,0.0009765625,-0.002709961,0.0039550774,0.002258688,0.64,550.0,385.8,727.0,0.0,0.0,0.052825927734375,0.0299835205078125,0.05340576171875,0.0306243896484375,0.053604126,0.030044556,0.6399081,0.63633156
chr8:g.41696412G>A|cg09897002,ANK1,0.001953125,465,0.0014648438,-0.007373047,0.008569336,0.005576947,0.56,440.5,235.10000000000002,673.8499999999998,0.0,0.0,0.043701171875,0.0222930908203125,0.044769287109375,0.0225830078125,0.04598999,0.022865295,0.6673534,0.668046
chr7:g.2646906C>G|cg02393470,TTYH3,-0.001953125,466,-0.001953125,-0.0053710938,0.00075683556,0.0019090052,0.8,563.5,363.35,749.65,0.0,0.0,0.034088134765625,0.018585205078125,0.034027099609375,0.018096923828125,0.032592773,0.018814087,0.6378684,0.64438933
chr3:g.183492095C>A|cg12326526,KLHL6,-0.001953125,467,-0.0009765625,-0.0029296875,0.0,0.0009727684,0.84,619.0,482.0,738.2,0.0,0.0,0.059539794921875,0.0271148681640625,0.059661865234375,0.0264129638671875,0.05899048,0.028625488,0.66612446,0.6785195
chr2:g.70150383G>A|cg14475620,C2orf42,-0.001953125,468,-0.0014648438,-0.0024414062,-0.00048828125,0.00060037477,1.0,597.5,512.5,695.2,0.0,0.0,0.04217529296875,0.022979736328125,0.0416259765625,0.0230712890625,0.041885376,0.022979736,0.6407292,0.6385295
chr12:g.9681020T>G|cg19646204,CLEC2D,0.001953125,469,0.0029296875,-0.004174805,0.011010742,0.0046396838,0.72,431.0,225.0,695.4499999999999,0.0,0.0,0.035675048828125,0.021453857421875,0.036285400390625,0.0213623046875,0.035583496,0.021720886,0.6226859,0.6286174
chr15:g.84784325G>T|cg02454053,ZNF592,0.001953125,470,0.0024414062,0.0009765625,0.0053710938,0.001386553,0.98,504.5,365.35,626.55,0.0,0.0,0.040679931640625,0.0290374755859375,0.0411376953125,0.029205322265625,0.040267944,0.028625488,0.58558464,0.58732706
chr14:g.23373364C>T|cg07258507,IL25,0.001953125,471,0.001953125,0.0009765625,0.0027099606,0.00066767813,1.0,554.5,478.05,643.2,0.0,0.0,0.0394287109375,0.0069580078125,0.039642333984375,0.00690460205078125,0.038146973,0.008003235,0.8247446,0.8273567
chr14:g.99652469C>T|cg26055840,HHIPL1,-0.001953125,472,-0.0014648438,-0.013671875,0.012792967,0.008265836,0.6,375.0,168.4,664.1,0.0,0.0,0.033538818359375,0.0202178955078125,0.0330810546875,0.0200958251953125,0.03375244,0.020721436,0.617862,0.61164415
chr19:g.900926G>T|cg05368115,R3HDM4,-0.001953125,473,-0.0007324219,-0.054248046,0.1008789,0.047037564,0.5,90.5,10.0,434.89999999999986,0.08,0.1,0.020294189453125,0.0184783935546875,0.0199127197265625,0.018341064453125,0.019866943,0.018371582,0.52619857,0.5217131
chr19:g.4445606C>G|cg24419436,UBXN6,0.001953125,474,0.0036621094,-0.014160156,0.026293943,0.013780097,0.64,271.5,83.7,633.0,0.0,0.0,0.037689208984375,0.025177001953125,0.038330078125,0.0252685546875,0.034591675,0.023513794,0.59003085,0.59943974
chr16:g.3582492C>T|cg02981752,SLX4,-0.001953125,475,-0.0031738281,-0.037890624,0.029907221,0.02088495,0.6,191.0,58.25,692.1999999999999,0.0,0.0,0.0322265625,0.003749847412109375,0.03155517578125,0.0037212371826171875,0.036499023,0.005180359,0.8816047,0.87607324
chr19:g.42225963G>T|cg09605212,ZNF526,-0.001953125,476,-0.0017089844,-0.004931641,0.00048828125,0.001779737,0.78,560.0,374.45,740.1,0.0,0.0,0.04443359375,0.037384033203125,0.042236328125,0.038177490234375,0.047210693,0.0362854,0.5579844,0.5436752
chr5:g.135008969C>T|cg07335603,CATSPER3,-0.001953125,477,-0.0021972656,-0.012963867,0.008300781,0.0073662098,0.54,348.0,195.35,614.3999999999999,0.0,0.0,0.042572021484375,0.0202178955078125,0.042022705078125,0.0202178955078125,0.040725708,0.02040863,0.6717249,0.6679146
chr1:g.236744762C>T|cg15578091,ACTN2,-0.001953125,478,-0.0034179688,-0.0075927735,0.0032470692,0.0037744965,0.82,422.5,282.7,706.1,0.0,0.0,0.051177978515625,0.0236968994140625,0.050994873046875,0.023468017578125,0.051605225,0.025909424,0.6692933,0.66248274
chr8:g.143813484G>C|cg18004197,SCRIB,-0.001953125,479,-0.00390625,-0.05402832,0.048657216,0.031127842,0.54,122.0,33.0,542.5499999999995,0.0,0.02,0.0209197998046875,0.01142120361328125,0.020843505859375,0.01142120361328125,0.02054596,0.011398315,0.6474154,0.6506535
chr8:g.144096617C>T|cg03576425,CYC1,0.001953125,480,0.0007324219,-0.020166015,0.020288086,0.011795514,0.54,316.5,119.7,702.3,0.0,0.0,0.0180206298828125,0.0069580078125,0.0180511474609375,0.00701141357421875,0.019332886,0.0075912476,0.70855623,0.70868635
chr5:g.171456682G>A|cg13396201,FGF18,-0.001953125,481,-0.0014648438,-0.0051513673,0.0014648438,0.0021024698,0.72,557.0,374.5,717.9499999999999,0.0,0.0,0.0552978515625,0.020599365234375,0.0548095703125,0.0207977294921875,0.05706787,0.021240234,0.72807586,0.72281635
chr5:g.141136316C>T|cg24958687,PCDHB5,-0.001953125,482,0.0,-0.016479492,0.016918944,0.010417516,0.5,331.5,126.35,675.1999999999998,0.0,0.0,0.03253173828125,0.0162200927734375,0.03216552734375,0.0162200927734375,0.033050537,0.016281128,0.6720063,0.6762427
chr1:g.227733581G>A|cg00788170,JMJD4,-0.001953125,483,0.0048828125,-0.024975587,0.032006837,0.019969057,0.4,225.0,56.400000000000006,645.8999999999999,0.0,0.0,0.0190887451171875,0.0045928955078125,0.01898193359375,0.004608154296875,0.02015686,0.0055236816,0.7857571,0.7924143
chr9:g.85021323G>C|cg13654445,NTRK2,0.001953125,484,0.00024414062,-0.013940429,0.016870117,0.0099198595,0.5,305.5,156.45,641.5999999999999,0.0,0.0,0.0292510986328125,0.01666259765625,0.0293121337890625,0.0169830322265625,0.03152466,0.016403198,0.666175,0.66361445
chr17:g.64212577C>T|cg15785379,TEX2,0.001953125,485,0.0014648438,0.00021972659,0.0022216793,0.0007055899,0.94,605.0,527.45,705.6999999999999,0.0,0.0,0.039794921875,0.036224365234375,0.04083251953125,0.036712646484375,0.041809082,0.036010742,0.54122937,0.5419381
chr16:g.8796351C>T|cg05869585,TMEM186,-0.001953125,486,-0.00390625,-0.022607422,0.016967772,0.013082576,0.56,268.5,98.75,590.9499999999999,0.0,0.0,0.0272216796875,0.010986328125,0.02691650390625,0.0110321044921875,0.026504517,0.01077652,0.7101226,0.7021042
chr9:g.98708468G>A|cg13570262,GABBR2,-0.00189208984375,487,-0.0030517578,-0.015359497,0.006822204,0.0059618615,0.74,407.0,172.55,660.85,0.0,0.0,0.0706787109375,0.00400543212890625,0.0701904296875,0.00391387939453125,0.07080078,0.0043640137,0.9427457,0.944011
chr12:g.54000353C>T|cg25456468,HOXC9,0.0018463134765625,488,0.0022125244,-0.0010231017,0.004504394,0.0018145699,0.88,526.5,394.5,717.65,0.0,0.0,0.05560302734375,0.0150146484375,0.05450439453125,0.0150146484375,0.055511475,0.014785767,0.7867733,0.7866167
chr16:g.30585171G>T|cg00966098,ZNF785,0.001739501953125,489,0.002105713,-0.0010223389,0.005078125,0.0018002178,0.84,526.5,388.35,721.55,0.0,0.0,0.049224853515625,0.012481689453125,0.048492431640625,0.0125732421875,0.05090332,0.012599945,0.79927284,0.79598254
chr17:g.76736996G>A|cg26815021,SRSF2,-0.00164794921875,490,-0.00036621094,-0.004181671,0.0023429869,0.0019251517,0.58,610.0,415.3,723.1,0.0,0.0,0.051361083984375,0.0125732421875,0.052703857421875,0.01267242431640625,0.05444336,0.012359619,0.8152449,0.8164052
chr5:g.177455157C>T|cg00971676,PRR7,-0.001556396484375,491,-0.0012512207,-0.0049560545,0.0013748166,0.0020192424,0.72,589.5,379.35,722.55,0.0,0.0,0.047515869140625,0.01934814453125,0.048583984375,0.018768310546875,0.047164917,0.019363403,0.7085682,0.71941847
chr14:g.51094229G>A|cg06601633,TRIM9,0.00152587890625,492,0.001663208,0.0006988525,0.0028137206,0.00067611365,1.0,570.5,495.6,658.65,0.0,0.0,0.053314208984375,0.002834320068359375,0.053314208984375,0.002834320068359375,0.053146362,0.0031547546,0.9453672,0.94551164
chr3:g.160565253T>C|cg15062281,KPNA4,0.001495361328125,493,0.000869751,-0.00012512207,0.002064514,0.0007644851,0.84,646.5,525.1,728.55,0.0,0.0,0.04510498046875,0.012725830078125,0.044525146484375,0.012725830078125,0.045272827,0.012771606,0.7825774,0.77997565
chr19:g.11236494C>G|cg05718253,DOCK6,-0.00146484375,494,-0.0012207031,-0.008300781,0.007104492,0.0051555014,0.58,450.5,263.7,725.1999999999998,0.0,0.0,0.03948974609375,0.0180206298828125,0.0390625,0.0180511474609375,0.039978027,0.01826477,0.6891569,0.6887907
chr5:g.141388712G>A|cg09570348,PCDHGB4,-0.00146484375,495,0.001953125,-0.012207031,0.01257324,0.0079123145,0.38,390.5,173.25,652.4999999999999,0.0,0.0,0.0258026123046875,0.027008056640625,0.0252227783203125,0.027069091796875,0.028869629,0.028869629,0.5056226,0.5045106
chr19:g.31279298G>A|cg03555203,TSHZ3,-0.00146484375,496,-0.0021972656,-0.008300781,0.003686523,0.0045482474,0.64,475.5,242.4,689.15,0.0,0.0,0.050506591796875,0.0202178955078125,0.049774169921875,0.0202178955078125,0.051361084,0.020683289,0.7115136,0.7080579
chr17:g.50606056G>A|cg17319889,CACNA1G,-0.00146484375,497,-0.0007324219,-0.0029296875,0.0012451168,0.0013493119,0.6,629.5,490.25,732.55,0.0,0.0,0.03228759765625,0.0070953369140625,0.03167724609375,0.0070648193359375,0.032836914,0.007984161,0.803234,0.80188334
chr19:g.14972733G>A|cg06192619,SLC1A6,-0.00146484375,498,-0.0029296875,-0.010522461,0.009057617,0.0058946526,0.62,377.5,242.05,660.9499999999999,0.0,0.0,0.0496826171875,0.00905609130859375,0.049774169921875,0.0089874267578125,0.051956177,0.010150909,0.83561283,0.8398527
chr19:g.11178623G>T|cg20953257,KANK2,-0.00146484375,499,-0.0078125,-0.027124023,0.01479492,0.013202204,0.72,246.5,87.2,570.05,0.0,0.0,0.028167724609375,0.0221099853515625,0.02801513671875,0.021820068359375,0.027580261,0.022109985,0.55404675,0.5530583
chr10:g.814793G>A|cg15213732,LARP4B,-0.00146484375,500,-0.0012207031,-0.004174805,0.0014648438,0.0017598321,0.62,601.0,423.0,742.15,0.0,0.0,0.05572509765625,0.036346435546875,0.05633544921875,0.035614013671875,0.057128906,0.034454346,0.6221337,0.6261935
chr5:g.159316772G>A|cg18060742,IL12B,0.00146484375,501,0.0009765625,-0.0078125,0.011499023,0.006177395,0.52,405.5,221.35,699.05,0.0,0.0,0.01812744140625,0.0202178955078125,0.01812744140625,0.0204925537109375,0.0205307,0.02217865,0.4835204,0.47812924
chr20:g.63735481G>T|cg19841423,ZGPAT,0.00146484375,502,0.00048828125,-0.0061767576,0.010034179,0.0052419817,0.54,504.5,243.5,708.4,0.0,0.0,0.040985107421875,0.029541015625,0.041229248046875,0.029754638671875,0.04196167,0.029563904,0.5868782,0.58287424
chr3:g.139476406C>T|cg17778120,RBP2,-0.00146484375,503,-0.00048828125,-0.0024414062,0.0014648438,0.0011880395,0.6,625.5,514.75,734.1,0.0,0.0,0.038238525390625,0.023101806640625,0.03759765625,0.0235137939453125,0.037963867,0.0230484,0.6202791,0.6168444
chr3:g.98532234G>A|cg19859270,GPR15,0.00146484375,504,-0.0029296875,-0.020776367,0.015014647,0.0106229475,0.42,316.5,125.15,694.2,0.0,0.0,0.024139404296875,0.0191650390625,0.023773193359375,0.0194549560546875,0.024520874,0.019195557,0.5545509,0.54780704
chr11:g.78676380G>T|cg07233109,TENM4,0.00146484375,505,0.0024414062,0.0009765625,0.0034179688,0.0008453828,1.0,521.0,445.6,641.15,0.0,0.0,0.049591064453125,0.0170440673828125,0.05072021484375,0.0171051025390625,0.050613403,0.017105103,0.7472297,0.748603
chr11:g.66368601G>C|cg22125754,SLC29A2,0.00146484375,506,0.0026855469,-0.008300781,0.011499023,0.0073314626,0.62,363.5,174.4,644.0,0.0,0.0,0.0287017822265625,0.00933837890625,0.0289764404296875,0.00926971435546875,0.02998352,0.009635925,0.7544489,0.75688183
chr2:g.27309931C>T|cg23967616,MPV17,0.00146484375,507,0.001953125,-0.018872071,0.015405273,0.009427212,0.56,366.0,132.9,670.65,0.0,0.0,0.0202484130859375,0.0341796875,0.0202484130859375,0.0345458984375,0.02116394,0.034576416,0.38316494,0.37151247
chr19:g.45494665C>T|cg19038042,RTN2,0.00146484375,508,0.0029296875,-0.005957031,0.016943354,0.007850901,0.66,389.5,159.3,638.85,0.0,0.0,0.03192138671875,0.01322174072265625,0.0321044921875,0.01332855224609375,0.030296326,0.013195038,0.70017684,0.6995858
chr4:g.78446768C>T|cg27328469,FRAS1,0.00146484375,509,0.00024414062,-0.0029785156,0.0014648438,0.0016154146,0.5,625.0,474.6,736.65,0.0,0.0,0.03643798828125,0.0230255126953125,0.035888671875,0.0233306884765625,0.03753662,0.022262573,0.6263317,0.6140077
chr19:g.51945539G>A|cg13657593,ZNF613,0.00146484375,510,-0.00024414062,-0.007861328,0.011499023,0.0072405613,0.48,364.0,198.85,665.6499999999999,0.0,0.0,0.030792236328125,0.0206451416015625,0.0310211181640625,0.020416259765625,0.030014038,0.019927979,0.6005609,0.6093893
chr17:g.1479679G>C|cg26169845,MYO1C,0.00146484375,511,0.0,-0.0007568359,0.0017333981,0.00073563686,0.44,693.0,563.9,747.1,0.0,0.0,0.038970947265625,0.0322265625,0.039947509765625,0.0321044921875,0.043029785,0.03225708,0.5749541,0.58015
chr17:g.10632005G>A|cg11239366,MYH3,-0.00146484375,512,-0.001953125,-0.006884766,0.0034179688,0.0033730592,0.58,472.5,312.7,734.5,0.0,0.0,0.047607421875,0.0225372314453125,0.047088623046875,0.0226287841796875,0.04647827,0.023071289,0.66328526,0.67005694
chr16:g.4335104C>G|cg16570634,GLIS2,0.00146484375,513,0.0014648438,-0.0024414062,0.0066162106,0.00299902,0.7,535.5,322.6,717.85,0.0,0.0,0.03985595703125,0.029541015625,0.0401611328125,0.029815673828125,0.04168701,0.028839111,0.5917091,0.5935234
chr19:g.1799951G>T|cg07788437,ATP8B3,0.00146484375,514,0.0017089844,-0.0014648438,0.0041748043,0.0018259422,0.76,562.5,410.05,719.8999999999999,0.0,0.0,0.047607421875,0.0322265625,0.048492431640625,0.0322265625,0.04840088,0.031951904,0.6015012,0.6032442
chr17:g.7284294C>T|cg27067158,SLC2A4,0.00146484375,515,0.0043945312,-0.020361328,0.022558592,0.014164249,0.6,226.5,101.10000000000001,546.9499999999999,0.0,0.0,0.0276336669921875,0.01078033447265625,0.0276947021484375,0.010986328125,0.028869629,0.0111579895,0.73290074,0.7322854
chr14:g.96241309C>T|cg05050072,BDKRB2,-0.00146484375,516,-0.0017089844,-0.010620117,0.0056884754,0.0056833755,0.56,420.0,229.65,703.85,0.0,0.0,0.05572509765625,0.02215576171875,0.05499267578125,0.0220794677734375,0.054748535,0.02293396,0.7061364,0.70655537
chr14:g.24411385C>G|cg10039281,NYNRIN,0.00146484375,517,0.001953125,0.0,0.0041748043,0.0014412022,0.9,542.0,412.25,718.9,0.0,0.0,0.0299224853515625,0.0147857666015625,0.0300445556640625,0.01467132568359375,0.029197693,0.015724182,0.6531961,0.6563586
chr5:g.152392422C>T|cg07429087,NMUR2,0.00146484375,518,0.00048828125,-0.006884766,0.011816405,0.0059364615,0.56,429.0,213.05,704.55,0.0,0.0,0.037750244140625,0.01560211181640625,0.038604736328125,0.0154266357421875,0.03778076,0.014556885,0.7215848,0.72618055
chr9:g.136506840G>A|cg13537499,NOTCH1,-0.00146484375,519,-0.0021972656,-0.01171875,0.010522461,0.007558475,0.64,331.0,204.05,648.8,0.0,0.0,0.0289306640625,0.03167724609375,0.0290374755859375,0.031494140625,0.030189514,0.030845642,0.49670637,0.49003285
chr8:g.122952068C>T|cg08789073,ZHX2,-0.00146484375,520,-0.0014648438,-0.0043945312,0.0024902336,0.0020384542,0.76,550.5,400.0,739.15,0.0,0.0,0.0548095703125,0.035552978515625,0.05291748046875,0.036285400390625,0.05496216,0.035751343,0.6036211,0.5927278
chr9:g.18775844G>A|cg06294856,ADAMTSL1,0.00146484375,521,0.00390625,-0.030322265,0.033740234,0.020682463,0.52,166.0,61.2,532.4999999999999,0.0,0.0,0.0224151611328125,0.01267242431640625,0.0223236083984375,0.0127716064453125,0.021903992,0.012874603,0.6328312,0.62523675
chr8:g.98212433C>G|cg01566999,NIPAL2,-0.00146484375,522,-0.00048828125,-0.0031982423,0.0009765625,0.0014420459,0.62,630.5,463.55,752.1,0.0,0.0,0.0222930908203125,0.013275146484375,0.0222015380859375,0.01322174072265625,0.02407074,0.01392746,0.6398959,0.6394163
chr9:g.70537207C>T|cg14170392,TRPM3,0.00146484375,523,0.00048828125,-0.0031982423,0.0041748043,0.0025785575,0.58,570.0,400.35,714.1,0.0,0.0,0.03912353515625,0.027801513671875,0.03985595703125,0.027740478515625,0.043167114,0.028434753,0.608381,0.61228687
chr5:g.180899355A>G|cg03723845,BTNL8,0.00146484375,524,0.0014648438,-0.0031982423,0.005151367,0.0023774097,0.66,572.5,359.6,736.4499999999999,0.0,0.0,0.046905517578125,0.0143890380859375,0.047515869140625,0.0144500732421875,0.047790527,0.0148124695,0.7609365,0.762841
chr11:g.76661470G>C|cg09418673,LRRC32,0.00146484375,525,0.0021972656,-0.015014648,0.01784668,0.011409362,0.58,297.5,116.7,678.1,0.0,0.0,0.0290374755859375,0.0070953369140625,0.029144287109375,0.0070648193359375,0.028381348,0.007204056,0.7979984,0.7974361
chr12:g.51497064C>G|cg21422475,SLC4A8,0.00146484375,526,0.0012207031,-0.0063964846,0.013061522,0.007595643,0.6,426.5,189.5,702.4,0.0,0.0,0.03582763671875,0.017242431640625,0.03607177734375,0.017181396484375,0.035247803,0.017410278,0.66501594,0.67035353
chr12:g.7689986A>G|cg18607010,GDF3,-0.00146484375,527,-0.0017089844,-0.006616211,0.0034179688,0.0033043302,0.64,521.0,310.0,742.0,0.0,0.0,0.041534423828125,0.0171051025390625,0.04168701171875,0.0170440673828125,0.04321289,0.016403198,0.72021097,0.72217226
chr12:g.131939241C>T|cg14510688,PUS1,0.00146484375,528,-0.00048828125,-0.0068359375,0.007104492,0.0045396816,0.46,484.0,285.5,682.8499999999998,0.0,0.0,0.033782958984375,0.0310821533203125,0.034759521484375,0.03228759765625,0.03427124,0.032287598,0.5167861,0.5101301
chr12:g.121229022C>G|cg08409335,P2RX4,0.00146484375,529,0.0026855469,-0.0031982423,0.008081054,0.003711108,0.66,458.5,277.95,743.2,0.0,0.0,0.044189453125,0.0266571044921875,0.044677734375,0.026611328125,0.044265747,0.026657104,0.6240958,0.62666416
chr7:g.100607803G>A|cg14047091,PCOLCE,-0.00146484375,530,-0.00048828125,-0.0075927735,0.0061279293,0.0041628396,0.56,502.0,290.35,702.6999999999999,0.0,0.0,0.037322998046875,0.0203399658203125,0.036834716796875,0.0203704833984375,0.037612915,0.020965576,0.64482445,0.6430515
chr11:g.117191990C>G|cg10040495,SIDT2,0.00146484375,531,0.0024414062,0.0009765625,0.00390625,0.00082351646,1.0,527.0,418.75,633.6999999999999,0.0,0.0,0.045684814453125,0.0247955322265625,0.04620361328125,0.024932861328125,0.04307556,0.024543762,0.6428505,0.64451075
chr7:g.1487927C>T|cg23689004,INTS1,-0.00146484375,532,-0.0024414062,-0.01669922,0.009326171,0.0076800967,0.6,391.0,152.75,688.9,0.0,0.0,0.044525146484375,0.0233306884765625,0.044189453125,0.02276611328125,0.043701172,0.022842407,0.6564437,0.6588787
chr2:g.235930772C>A|cg03447424,AGAP1,-0.00146484375,533,-0.0009765625,-0.001953125,0.00026855431,0.0007852256,0.76,630.5,541.85,733.3,0.0,0.0,0.0489501953125,0.023956298828125,0.048858642578125,0.0235137939453125,0.05055237,0.024917603,0.66942835,0.67217374
chr7:g.152121587G>A|cg19231743,GALNT11,0.00146484375,534,0.0017089844,-0.0037353514,0.0063476562,0.003302209,0.68,501.0,322.95,742.65,0.0,0.0,0.03790283203125,0.040252685546875,0.03912353515625,0.039703369140625,0.039901733,0.039642334,0.5004932,0.5154814
chr22:g.49884259C>T|cg05080787,ZBED4,0.00146484375,535,0.0009765625,-0.0022216798,0.0043945312,0.0021346465,0.66,565.5,389.3,737.55,0.0,0.0,0.05560302734375,0.03033447265625,0.055816650390625,0.030670166015625,0.054351807,0.03061676,0.6400193,0.6386963
chr22:g.50177606G>A|cg06357843,PANX2,-0.00146484375,536,-0.0009765625,-0.0056396485,0.00390625,0.003063182,0.64,566.0,356.45,723.6999999999999,0.0,0.0,0.017913818359375,0.019500732421875,0.017852783203125,0.01934814453125,0.016654968,0.018470764,0.47380006,0.4754783
chr22:g.49884145G>A|cg05080787,ZBED4,0.00146484375,537,0.001953125,-0.002001953,0.0048828125,0.0021670188,0.78,514.5,389.35,688.5,0.0,0.0,0.05560302734375,0.03033447265625,0.055938720703125,0.03033447265625,0.05455017,0.02998352,0.6459762,0.64571804
chr11:g.47848229G>C|cg02577203,NUP160,0.0014495849609375,538,0.0002593994,-0.0011291504,0.002134704,0.0011032855,0.56,668.0,527.65,725.1,0.0,0.0,0.050323486328125,0.01490020751953125,0.049224853515625,0.01473236083984375,0.05065918,0.01486969,0.7740451,0.77419347
chr17:g.28725373G>A|cg09479241,TLCD1,0.00140380859375,539,0.00044250488,-0.0075683594,0.008937071,0.004909456,0.56,518.0,243.75,720.75,0.0,0.0,0.0482177734375,0.019195556640625,0.047607421875,0.0196380615234375,0.04800415,0.019699097,0.70454496,0.697585
chr10:g.7818760C>A|cg04234156,TAF3,-0.0013427734375,540,-0.00289917,-0.0068603517,0.0031326287,0.0031619957,0.74,467.0,306.6,692.5999999999999,0.0,0.0,0.04595947265625,0.012969970703125,0.0457763671875,0.012969970703125,0.04586792,0.012798309,0.77984035,0.7784443
chr17:g.7220827C>T|cg19217955,ACADVL,0.001220703125,541,0.0006713867,-0.0026885986,0.0065673823,0.0029751244,0.56,551.5,325.5,718.55,0.0,0.0,0.04595947265625,0.015716552734375,0.045867919921875,0.015838623046875,0.046554565,0.015808105,0.7484677,0.74417907
chr22:g.36816985C>G|cg25625146,PVALB,0.001220703125,542,-0.0007171631,-0.010835266,0.009283446,0.0062856,0.44,443.5,216.45,654.0,0.0,0.0,0.052032470703125,0.00881195068359375,0.0521240234375,0.00885009765625,0.054092407,0.008560181,0.8636592,0.86454284
chr19:g.54201277G>T|cg22155111,RPS9,0.00115966796875,543,0.00093078613,-0.00062179565,0.0038223253,0.0015573755,0.76,639.0,432.55,725.55,0.0,0.0,0.04931640625,0.0129241943359375,0.048675537109375,0.0129241943359375,0.04927063,0.013195038,0.7894814,0.78754014
chr4:g.80267097C>G|cg11580948,FGF5,0.00103759765625,544,0.0010070801,0.00018310547,0.0026489254,0.00076733483,0.96,625.0,512.7,720.0,0.0,0.0,0.072509765625,0.004505157470703125,0.072509765625,0.004520416259765625,0.07159424,0.004627228,0.93845135,0.93823165
chr9:g.127894560G>C|cg14168002,ST6GALNAC6,0.0009765625,545,0.0009765625,-0.0009765625,0.0024902336,0.001151308,0.68,639.5,511.85,747.6999999999999,0.0,0.0,0.049407958984375,0.0251312255859375,0.04986572265625,0.02508544921875,0.049453735,0.025642395,0.66275024,0.6636131
chr1:g.160213258G>A|cg23208909,PEA15,-0.0009765625,546,-0.008056641,-0.027441407,0.017456053,0.014067317,0.72,216.5,87.0,601.4999999999998,0.0,0.0,0.0164642333984375,0.0169219970703125,0.0162811279296875,0.0165863037109375,0.016586304,0.017372131,0.48873174,0.4890471
chr1:g.202123503C>G|cg16257215,GPR37L1,-0.0009765625,547,-0.0045166016,-0.009814453,-0.0014648438,0.002917209,0.98,401.0,238.1,570.9999999999999,0.0,0.0,0.019683837890625,0.0066680908203125,0.0197601318359375,0.00661468505859375,0.020141602,0.007177353,0.7385562,0.73955727
chr8:g.143810740G>A|cg27246991,SCRIB,0.0009765625,548,0.0014648438,-0.005200195,0.010302734,0.0048898724,0.72,519.0,239.45,691.75,0.0,0.0,0.047515869140625,0.024566650390625,0.0482177734375,0.0247955322265625,0.048446655,0.024429321,0.6691706,0.6681454
chr21:g.30215821G>A|cg04052038,CLDN8,0.0009765625,549,0.0,-0.029443359,0.02175293,0.014865883,0.5,254.0,80.05,670.7499999999999,0.0,0.0,0.0247039794921875,0.01422882080078125,0.0246124267578125,0.01433563232421875,0.028495789,0.014728546,0.65753114,0.6560519
chr21:g.46125789G>A|cg12329404,COL6A2,0.0009765625,550,0.0,-0.0029296875,0.0046630856,0.0027982586,0.48,600.0,360.9,742.0,0.0,0.0,0.048583984375,0.0185089111328125,0.05023193359375,0.0182952880859375,0.0491333,0.01915741,0.7163434,0.724668
chr22:g.46289513C>T|cg04392554,TTC38,0.0009765625,551,0.0029296875,-0.0063476562,0.009326171,0.004926749,0.68,427.5,240.3,652.5999999999999,0.0,0.0,0.040252685546875,0.0284881591796875,0.040313720703125,0.0285491943359375,0.041275024,0.028137207,0.58938193,0.5937853
chr22:g.37375094G>A|cg01403811,ELFN2,-0.0009765625,552,-0.00048828125,-0.0051513673,0.0034179688,0.0031202005,0.56,535.0,345.6,735.55,0.0,0.0,0.0535888671875,0.018341064453125,0.053314208984375,0.0182952880859375,0.055770874,0.018508911,0.7520293,0.7513544
chr2:g.132417639C>T|cg13954965,GPR39,0.0009765625,553,-0.0078125,-0.02175293,0.00048828125,0.00701845,0.08,287.5,113.9,665.55,0.0,0.0,0.0333251953125,0.01282501220703125,0.033966064453125,0.0127716064453125,0.035751343,0.01335144,0.7308468,0.729308
chr2:g.120951351C>T|cg12928622,GLI2,-0.0009765625,554,0.00024414062,-0.007861328,0.010131834,0.0057250443,0.46,426.5,204.05,693.3,0.0,0.0,0.03594970703125,0.01009368896484375,0.035736083984375,0.01009368896484375,0.036193848,0.010612488,0.77360666,0.7694707
chr2:g.177230932G>C|cg13344867,NFE2L2,-0.0009765625,555,-0.0009765625,-0.005200195,0.003686523,0.0025270956,0.7,546.5,374.45,706.1,0.0,0.0,0.032958984375,0.03656005859375,0.03204345703125,0.037322998046875,0.033432007,0.037109375,0.47225392,0.46006435
chr2:g.228018157G>T|cg09505145,SPHKAP,0.0009765625,556,0.00048828125,-0.00048828125,0.0017333981,0.0007705264,0.66,677.5,564.3,747.2,0.0,0.0,0.059539794921875,0.0131683349609375,0.05865478515625,0.013275146484375,0.05987549,0.013820648,0.81138265,0.80954766
chr3:g.49012281G>A|cg15559979,WDR6,-0.0009765625,557,-0.001953125,-0.011230469,0.008349609,0.0058182417,0.66,424.0,205.25,718.4999999999999,0.0,0.0,0.0299224853515625,0.0242767333984375,0.029754638671875,0.024139404296875,0.030563354,0.023399353,0.5673394,0.56560135
chr20:g.63566068G>C|cg00599914,HELZ2,-0.0009765625,558,-0.001953125,-0.0068359375,0.0061767567,0.0042521623,0.72,472.5,280.8,717.6999999999999,0.0,0.0,0.03326416015625,0.013427734375,0.03338623046875,0.01348114013671875,0.034362793,0.013687134,0.71538705,0.71533465
chr3:g.141778644G>A|cg27638148,GRK7,0.0009765625,559,0.0029296875,-0.008886719,0.018261716,0.008713564,0.58,339.5,143.5,715.4499999999999,0.0,0.0,0.0472412109375,0.0184326171875,0.047515869140625,0.0182647705078125,0.047332764,0.018562317,0.71468925,0.7201696
chr16:g.49635849G>A|cg00205786,ZNF423,0.0009765625,560,-0.00048828125,-0.002709961,0.0009765625,0.0011160714,0.28,663.0,497.9,733.3,0.0,0.0,0.05511474609375,0.0141754150390625,0.055511474609375,0.0143890380859375,0.057281494,0.014671326,0.79423,0.7935896
chr5:g.170378857C>T|cg16425489,KCNMB1,0.0009765625,561,0.0,-0.008666992,0.007592773,0.004652743,0.48,487.5,252.95,696.1999999999999,0.0,0.0,0.037689208984375,0.01302337646484375,0.037811279296875,0.012969970703125,0.038894653,0.013248444,0.7480136,0.74988735
chr17:g.82085049G>A|cg01565083,FASN,0.0009765625,562,0.00048828125,-0.016162109,0.020336913,0.011922814,0.5,315.5,95.8,625.3,0.0,0.0,0.038604736328125,0.030914306640625,0.038543701171875,0.0306243896484375,0.039978027,0.02973175,0.5697703,0.5706173
chr17:g.70175732C>T|cg12204395,KCNJ2,-0.0009765625,563,-0.0012207031,-0.0024414062,-0.00021972694,0.0007877006,0.94,612.0,495.5,714.05,0.0,0.0,0.035736083984375,0.036163330078125,0.035003662109375,0.035736083984375,0.037719727,0.03488159,0.5224209,0.5171028
chr17:g.57120312C>T|cg26749844,AKAP1,0.0009765625,564,0.0009765625,0.00048828125,0.0014648438,0.00030580795,1.0,643.5,594.15,695.65,0.0,0.0,0.0296478271484375,0.03521728515625,0.029815673828125,0.0352783203125,0.03186035,0.033691406,0.48936242,0.4903211
chr17:g.50170292G>A|cg26501664,SGCA,0.0009765625,565,0.0009765625,-0.005419922,0.0073242188,0.004076299,0.54,477.5,297.0,662.2499999999999,0.0,0.0,0.030670166015625,0.005405426025390625,0.030792236328125,0.005405426025390625,0.030586243,0.006450653,0.8256882,0.8250237
chr17:g.50170235G>A|cg26501664,SGCA,-0.0009765625,566,-0.00048828125,-0.009057617,0.008129882,0.0060272054,0.52,448.0,234.10000000000002,678.8,0.0,0.0,0.030670166015625,0.005405426025390625,0.0302734375,0.005405426025390625,0.031028748,0.0063762665,0.82920396,0.82787883
chr17:g.78993577C>A|cg16337457,CANT1,0.0009765625,567,0.0009765625,0.0,0.0014648438,0.0005103053,0.86,650.0,576.45,738.55,0.0,0.0,0.053802490234375,0.0343017578125,0.054290771484375,0.034698486328125,0.052764893,0.033554077,0.6145052,0.61420214
chr17:g.1010754G>C|cg17780682,ABR,-0.0009765625,568,0.0007324219,-0.0014648438,0.0029296875,0.0013674722,0.18,625.0,488.25,746.55,0.0,0.0,0.047088623046875,0.014007568359375,0.04681396484375,0.01406097412109375,0.047561646,0.01442337,0.76976395,0.76765156
chr16:g.30583151G>A|cg08103107,ZNF785,-0.0009765625,569,-0.00024414062,-0.0053710938,0.0048828125,0.0035721506,0.5,463.5,353.35,695.55,0.0,0.0,0.044189453125,0.0237274169921875,0.043701171875,0.0238189697265625,0.04423523,0.023651123,0.64824706,0.6457472
chr16:g.30783209C>T|cg09928813,ZNF629,0.0009765625,570,0.00048828125,-0.0009765625,0.0029296875,0.001322799,0.56,638.5,478.25,740.85,0.0,0.0,0.0635986328125,0.03143310546875,0.063720703125,0.03143310546875,0.062042236,0.030532837,0.67122066,0.6705311
chr19:g.3638914C>T|cg03540494,PIP5K1C,-0.0009765625,571,-0.0014648438,-0.0063476562,0.0048828125,0.0039691334,0.6,482.5,303.45,707.6999999999999,0.0,0.0,0.044769287109375,0.020721435546875,0.04443359375,0.020721435546875,0.04547119,0.020820618,0.6846273,0.6820863
chr19:g.1073549C>T|cg06679209,ARHGAP45,0.0009765625,572,-0.0009765625,-0.013232422,0.01274414,0.008122511,0.44,353.0,180.4,660.7499999999999,0.0,0.0,0.030914306640625,0.0186920166015625,0.030914306640625,0.018768310546875,0.03262329,0.01940155,0.6278059,0.6187575
chr2:g.10058928C>T|cg00283742,CYS1,-0.0009765625,573,0.0009765625,-0.0063476562,0.0061279293,0.0040369574,0.38,463.0,316.25,709.2999999999998,0.0,0.0,0.060089111328125,0.020416259765625,0.059112548828125,0.0203704833984375,0.058242798,0.020370483,0.7429265,0.74073917
chr2:g.37274581A>G|cg09697978,PRKD3,0.0009765625,574,0.0014648438,0.00021972659,0.001953125,0.0006599819,0.94,604.0,528.6,726.1999999999999,0.0,0.0,0.04351806640625,0.0278472900390625,0.044281005859375,0.027801513671875,0.04534912,0.02709198,0.62995195,0.6350689
chr2:g.37274608G>T|cg09697978,PRKD3,-0.0009765625,575,-0.00048828125,-0.0012451172,-0.00021972694,0.00034172565,0.94,670.0,593.1,725.0,0.0,0.0,0.04351806640625,0.0278472900390625,0.043365478515625,0.027801513671875,0.045013428,0.027252197,0.61572975,0.6157274
chr5:g.34043039C>T|cg03934354,C1QTNF3,-0.0009765625,576,-0.001953125,-0.0043945312,0.0010253899,0.001683989,0.84,545.0,404.2,727.2,0.0,0.0,0.0274810791015625,0.025177001953125,0.0273284912109375,0.0256195068359375,0.026184082,0.024162292,0.51759386,0.5123061
chr11:g.126292931C>T|cg21117426,TIRAP,-0.0009765625,577,-0.0009765625,-0.001953125,-0.00048828125,0.00052469084,0.98,636.0,550.45,698.2,0.0,0.0,0.039703369140625,0.0303802490234375,0.03912353515625,0.03021240234375,0.04020691,0.030731201,0.5687779,0.56603086
chr6:g.169248813G>A|cg16806245,THBS2,-0.0009765625,578,-0.0012207031,-0.013232422,0.010839842,0.00914994,0.58,310.0,163.05,644.9999999999999,0.0,0.0,0.046478271484375,0.021331787109375,0.04486083984375,0.0216522216796875,0.044006348,0.02217865,0.66742766,0.6587791
chr11:g.57546641C>T|cg10280756,SMTNL1,-0.0009765625,579,-0.00048828125,-0.0029785156,0.0034179688,0.0020104782,0.52,600.5,436.0,730.0999999999999,0.0,0.0,0.03204345703125,0.021942138671875,0.03125,0.02191162109375,0.03253174,0.02205658,0.5936444,0.5886213
chr8:g.42180672C>G|cg01419713,PLAT,0.0009765625,580,0.0009765625,-0.011279297,0.010522461,0.0065057017,0.64,455.5,190.35,705.4,0.0,0.0,0.041473388671875,0.02752685546875,0.0416259765625,0.0276336669921875,0.042160034,0.027557373,0.6015159,0.60014474
chr10:g.104314999C>T|cg03588966,ITPRIP,-0.0009765625,581,-0.00048828125,-0.005859375,0.0029296875,0.0027923577,0.56,575.0,349.95,699.65,0.0,0.0,0.048309326171875,0.033721923828125,0.047943115234375,0.033782958984375,0.050460815,0.03390503,0.59992874,0.59795845
chr11:g.2847967G>C|cg07464423,KCNQ1,-0.0009765625,582,-0.00048828125,-0.0024414062,0.0009765625,0.0011586803,0.54,670.5,523.8,753.1,0.0,0.0,0.039794921875,0.011505126953125,0.039642333984375,0.01146697998046875,0.040161133,0.011642456,0.771901,0.77140546
chr11:g.65617286C>G|cg22712403,PCNX3,0.0009765625,583,0.0009765625,-0.024389649,0.018481443,0.01491629,0.54,240.0,91.85000000000001,716.8,0.0,0.0,0.0160980224609375,0.005535125732421875,0.0161590576171875,0.005535125732421875,0.01876831,0.006038666,0.74402463,0.74480224
chr12:g.56131078G>A|cg02268674,ESYT1,0.0009765625,584,0.0009765625,0.0,0.001953125,0.0007181662,0.8,648.0,556.25,744.55,0.0,0.0,0.023101806640625,0.026611328125,0.023193359375,0.026763916015625,0.023490906,0.025657654,0.48379806,0.48238096
chr14:g.103337214C>G|cg05340482,EIF5,-0.0009765625,585,-0.0014648438,-0.0064453124,0.0056884754,0.004084789,0.68,500.5,285.55,705.0,0.0,0.0,0.020843505859375,0.049224853515625,0.020843505859375,0.048492431640625,0.023239136,0.047210693,0.33001578,0.3273517
chr12:g.117330785G>A|cg11854928,NOS1,-0.0009765625,586,-0.00048828125,-0.0009765625,0.0,0.00033728284,0.68,697.5,628.6,750.55,0.0,0.0,0.047943115234375,0.0242767333984375,0.0472412109375,0.0243377685546875,0.05050659,0.024497986,0.67571974,0.6725472
chr7:g.107474408T>C|cg24648061,GPR22,-0.0009765625,587,-0.0009765625,-0.0053710938,0.0048828125,0.0033319567,0.64,524.5,349.0,676.4,0.0,0.0,0.034942626953125,0.02508544921875,0.03460693359375,0.0250396728515625,0.037200928,0.024093628,0.60760385,0.5979597
chr7:g.149104740C>T|cg24392299,ZNF425,-0.0009765625,588,-0.0007324219,-0.008837891,0.0068359375,0.0049738893,0.52,449.5,247.9,696.0,0.0,0.0,0.043365478515625,0.017242431640625,0.04327392578125,0.0170440673828125,0.042922974,0.017677307,0.7075921,0.7088531
chr9:g.135822714A>T|cg14020379,CAMSAP1,-0.0009765625,589,0.0,-0.0078125,0.0041748043,0.004101373,0.46,515.0,286.35,734.7499999999999,0.0,0.0,0.044769287109375,0.0360107421875,0.044281005859375,0.03594970703125,0.043533325,0.03517151,0.54719317,0.55729985
chr1:g.21847812G>A|cg02459271,HSPG2,-0.0009765625,590,0.0009765625,-0.0039550783,0.0063476562,0.003377168,0.34,489.5,323.8,745.0999999999999,0.0,0.0,0.05023193359375,0.03155517578125,0.049591064453125,0.03155517578125,0.05076599,0.031982422,0.61194986,0.6133784
chr1:g.26346316C>T|cg00830850,CRYBG2,0.0009765625,591,0.0017089844,-0.0056396485,0.015283201,0.0063059353,0.66,474.0,173.05,675.65,0.0,0.0,0.04010009765625,0.0154876708984375,0.040008544921875,0.01554107666015625,0.039093018,0.015335083,0.7146392,0.7140491
chr1:g.248099903C>T|cg16717532,OR2L13,0.0009765625,592,0.00048828125,-0.0014648438,0.0027099606,0.0014317179,0.52,630.0,453.8,755.0,0.0,0.0,0.02880859375,0.0229339599609375,0.0289764404296875,0.02288818359375,0.031051636,0.02192688,0.584661,0.5880726
chr6:g.33286842G>C|cg10629123,WDR46,-0.0009765625,593,-0.0014648438,-0.007861328,0.0034179688,0.0035482475,0.6,533.5,287.75,700.1,0.0,0.0,0.038818359375,0.0292510986328125,0.038116455078125,0.0294189453125,0.03756714,0.028900146,0.5594077,0.5609259
chr6:g.47253397G>A|cg16901727,TNFRSF21,-0.0009765625,594,-0.0014648438,-0.0051513673,0.0046630856,0.0047834376,0.76,524.5,295.65,696.3,0.0,0.0,0.038116455078125,0.04559326171875,0.038543701171875,0.044769287109375,0.04295349,0.045913696,0.48436442,0.48714876
chr12:g.7128270G>A|cg14672128,RBP5,-0.0009765625,595,0.0,-0.028857421,0.010522461,0.011937713,0.48,380.5,91.0,740.55,0.0,0.0,0.03173828125,0.017913818359375,0.03143310546875,0.0179901123046875,0.03213501,0.018211365,0.63993746,0.63184893
chr15:g.75676390C>T|cg00683665,CSPG4,0.0009765625,596,0.00024414062,-0.002709961,0.0031982418,0.0022685542,0.5,606.0,404.3,737.5999999999999,0.0,0.0,0.05224609375,0.0184326171875,0.052337646484375,0.0184783935546875,0.051849365,0.018226624,0.73793805,0.73778474
chr6:g.75151966G>T|cg25290482,COL12A1,0.0009765625,597,0.0007324219,-0.002709961,0.0034667961,0.0018540786,0.62,607.5,417.35,747.0,0.0,0.0,0.037384033203125,0.03955078125,0.036163330078125,0.040252685546875,0.038360596,0.037017822,0.51164126,0.4979384
chr16:g.2281099C>T|cg02124920,ABCA3,-0.0009765625,598,-0.0034179688,-0.021533202,0.016748045,0.0118101705,0.6,256.0,122.35,603.1,0.0,0.0,0.0276947021484375,0.00469970703125,0.027740478515625,0.004627227783203125,0.029090881,0.005809784,0.8265061,0.8265954
chr11:g.76861057G>C|cg21166317,ACER3,0.000946044921875,599,0.0013122559,-0.001512146,0.004402923,0.001971437,0.72,561.5,417.15,721.55,0.0,0.0,0.051361083984375,0.01512908935546875,0.050811767578125,0.01519012451171875,0.052719116,0.015426636,0.77241755,0.7675967
chr1:g.145996261C>A|cg10713626,TXNIP,0.00091552734375,600,0.0012054443,-0.00096282957,0.0041397093,0.001705734,0.78,612.5,410.7,724.75,0.0,0.0,0.035736083984375,0.0171051025390625,0.035675048828125,0.0173797607421875,0.035614014,0.017478943,0.6690285,0.66490746
chr9:g.83956171G>A|cg12975295,C9orf64,-0.000885009765625,601,-0.0015716553,-0.017260741,0.008113097,0.00871019,0.58,364.5,142.3,691.5999999999999,0.0,0.0,0.08038330078125,0.004230499267578125,0.080078125,0.004215240478515625,0.078704834,0.0043735504,0.9485407,0.94853127
chr13:g.44575877C>A|cg18028711,TSC22D1,0.0008697509765625,602,0.0018539429,0.00053482054,0.0028617857,0.00075756555,1.0,564.0,481.5,689.9999999999999,0.0,0.0,0.054107666015625,0.0154266357421875,0.053497314453125,0.01525115966796875,0.054504395,0.014957428,0.78587484,0.7835033
chr1:g.202349083C>T|cg08990198,PPP1R12B,0.00079345703125,603,0.00077056885,0.00033798217,0.0011627197,0.00024607923,1.0,660.0,610.9,713.75,0.0,0.0,0.051544189453125,0.0163421630859375,0.051177978515625,0.0165252685546875,0.052963257,0.015899658,0.7715844,0.76863855
chr9:g.19379496T>C|cg01331992,RPS6,0.000732421875,604,0.0021362305,-0.0133483885,0.013452148,0.009518726,0.62,351.0,165.05,664.1,0.0,0.0,0.0287628173828125,0.011688232421875,0.0287017822265625,0.0118255615234375,0.027770996,0.012626648,0.69565856,0.68355095
chr17:g.58279384G>A|cg08058156,MPO,0.000732421875,605,0.0010986328,-0.0009765625,0.0047973627,0.0020204787,0.72,608.0,396.3,725.55,0.0,0.0,0.06829833984375,0.00394439697265625,0.06793212890625,0.0038852691650390625,0.06695557,0.0042152405,0.9390252,0.93931925
chr7:g.30504617G>A|cg05142115,GGCT,0.00067138671875,606,-0.00021362305,-0.003568268,0.003440857,0.0023083207,0.42,584.5,418.7,725.0,0.0,0.0,0.047332763671875,0.0153045654296875,0.047149658203125,0.0154266357421875,0.045684814,0.015159607,0.7544347,0.7496699
chr3:g.185586497G>A|cg02872623,SENP2,-0.000640869140625,607,-0.0007324219,-0.0009849549,-0.00013580325,0.0002855392,0.96,660.5,623.65,723.1,0.0,0.0,0.046112060546875,0.01406097412109375,0.047088623046875,0.01406097412109375,0.047073364,0.014335632,0.76769423,0.7708153
chr19:g.12792650C>T|cg23443660,JUNB,0.0006103515625,608,0.0013580322,-0.0067565916,0.010176085,0.0061865547,0.64,460.0,239.5,687.6499999999999,0.0,0.0,0.04486083984375,0.017578125,0.044677734375,0.017578125,0.04573059,0.016914368,0.73033845,0.7295015
chr6:g.33200447G>A|cg18144707,RXRB,-0.0006103515625,609,0.0002746582,-0.003453064,0.0041931146,0.0026298694,0.44,594.5,353.8,726.55,0.0,0.0,0.047943115234375,0.0144500732421875,0.047943115234375,0.01450347900390625,0.04826355,0.014530182,0.7688451,0.7671658
chr10:g.12069090C>G|cg14461963,DHTKD1,0.000579833984375,610,0.0004043579,2.7465823e-05,0.0010025023,0.0003402331,0.94,708.0,623.0,725.0,0.0,0.0,0.04840087890625,0.0137939453125,0.0482177734375,0.0136871337890625,0.04963684,0.013584137,0.7831632,0.78328854
chr2:g.213284519G>C|cg24664861,SPAG16,-0.000579833984375,611,-0.00038909912,-0.00064086914,4.196161e-05,0.0002485003,0.88,716.0,654.0,734.85,0.0,0.0,0.050140380859375,0.0169830322265625,0.050323486328125,0.0169219970703125,0.050857544,0.016723633,0.7505464,0.7518091
chr4:g.48341832G>A|cg13323912,SLAIN2,-0.00054931640625,612,-0.00048065186,-0.0012626648,0.00041351316,0.00056614296,0.8,674.0,599.45,723.0,0.0,0.0,0.055206298828125,0.01302337646484375,0.055938720703125,0.013275146484375,0.054901123,0.012748718,0.8122183,0.8140509
chr8:g.38176288G>A|cg27087572,LSM1,0.000518798828125,613,0.0007095337,-0.0007843018,0.0030326843,0.0012166669,0.74,651.5,464.7,722.3,0.0,0.0,0.04931640625,0.01395416259765625,0.048858642578125,0.0139007568359375,0.048950195,0.013900757,0.77720183,0.775675
chr17:g.1480545G>A|cg13049862,MYO1C,0.00048828125,614,0.0014648438,-0.0007568359,0.003686523,0.0014561485,0.72,588.5,429.15,742.2,0.0,0.0,0.0271148681640625,0.0287628173828125,0.02752685546875,0.028656005859375,0.026634216,0.02897644,0.48453903,0.48766637
chr16:g.72098961C>T|cg16558253,DHX38,0.00048828125,615,0.00048828125,-0.00026855466,0.0009765625,0.0004622779,0.7,685.5,605.0,737.85,0.0,0.0,0.040618896484375,0.0360107421875,0.040771484375,0.035888671875,0.04031372,0.036193848,0.5281975,0.531368
chr16:g.50310770G>A|cg06490627,ADCY7,-0.00048828125,616,0.0,-0.0017333984,0.0012451168,0.00090996845,0.48,669.0,564.25,742.65,0.0,0.0,0.02484130859375,0.0089874267578125,0.0247039794921875,0.0089874267578125,0.025131226,0.009654999,0.72388947,0.72273654
chr16:g.23087175G>A|cg08340023,USP31,-0.00048828125,617,0.0,-0.0037353514,0.0039550774,0.0022565112,0.44,596.5,388.0,728.55,0.0,0.0,0.0333251953125,0.036285400390625,0.03265380859375,0.03656005859375,0.034484863,0.035110474,0.49290437,0.48944733
chr19:g.48626010C>T|cg19429827,SPHK2,0.00048828125,618,0.0,-0.00048828125,0.0009765625,0.0004287488,0.42,704.5,652.55,751.55,0.0,0.0,0.044586181640625,0.01554107666015625,0.044525146484375,0.01554107666015625,0.046432495,0.016021729,0.7416582,0.7415267
chr19:g.48282400G>A|cg00843019,ZNF114,0.00048828125,619,0.0007324219,-0.04111328,0.050024405,0.026918745,0.52,140.5,38.9,633.55,0.0,0.0,0.0207977294921875,0.027008056640625,0.0206451416015625,0.0272216796875,0.02217865,0.027381897,0.44896913,0.4425132
chr19:g.35673255C>G|cg21289919,UPK1A,-0.00048828125,620,0.004638672,-0.061120607,0.08395996,0.044602808,0.44,90.5,14.45,442.55,0.04,0.12,0.024658203125,0.011199951171875,0.0240020751953125,0.0112457275390625,0.0286026,0.012077332,0.7125537,0.6936258
chr17:g.59211350G>A|cg18145340,SMG8,0.00048828125,621,0.0,-0.002709961,0.0017333981,0.0015195911,0.46,624.5,499.0,728.3,0.0,0.0,0.019561767578125,0.0120086669921875,0.0197601318359375,0.01229095458984375,0.020004272,0.011779785,0.6161753,0.6128569
chr16:g.88826776C>G|cg03381007,GALNS,-0.00048828125,622,-0.0014648438,-0.021044921,0.015502928,0.011816846,0.54,293.5,121.45,635.3,0.0,0.0,0.0224609375,0.0066680908203125,0.0224151611328125,0.0066680908203125,0.022979736,0.0071907043,0.76037514,0.7639078
chr5:g.53886606C>T|cg24663090,ARL15,-0.00048828125,623,-0.00048828125,-0.0031982423,0.0022216793,0.0016675842,0.52,601.5,462.6,738.1,0.0,0.0,0.039703369140625,0.031494140625,0.039794921875,0.0309600830078125,0.042922974,0.02897644,0.5993711,0.59790564
chr5:g.38949849C>T|cg07148370,RICTOR,0.00048828125,624,0.0009765625,-0.001953125,0.003686523,0.0017586149,0.58,588.0,426.6,732.85,0.0,0.0,0.036895751953125,0.036712646484375,0.0374755859375,0.036346435546875,0.039016724,0.03488159,0.52510977,0.5314146
chr5:g.55133512G>C|cg16506432,CDC20B,-0.00048828125,625,0.00048828125,-0.0034179688,0.003686523,0.0024764503,0.38,570.0,407.85,742.55,0.0,0.0,0.04510498046875,0.005199432373046875,0.044921875,0.005218505859375,0.04611206,0.0055217743,0.891577,0.8922749
chr4:g.139511684G>A|cg24475272,SETD7,-0.00048828125,626,-0.0009765625,-0.0029296875,0.0009765625,0.0013570786,0.74,625.0,465.8,734.55,0.0,0.0,0.03204345703125,0.033966064453125,0.03173828125,0.03424072265625,0.03378296,0.033721924,0.501017,0.49841088
chr2:g.88091035C>T|cg18115724,SMYD1,-0.00048828125,627,0.0,-0.00048828125,0.00048828125,0.00022944873,0.08,737.5,681.35,756.0,0.0,0.0,0.040618896484375,0.0201416015625,0.04052734375,0.0200958251953125,0.04046631,0.020004272,0.6676786,0.6675916
chr15:g.90067857C>G|cg22460443,ZNF710,-0.00048828125,628,-0.0009765625,-0.0022216798,0.0,0.000735306,0.78,644.0,531.8,743.55,0.0,0.0,0.04083251953125,0.0143890380859375,0.04083251953125,0.0142822265625,0.04284668,0.015045166,0.7383102,0.7370397
chr6:g.132734486C>A|cg22825487,VNN3,-0.00048828125,629,0.00024414062,-0.004663086,0.0043945312,0.0029778704,0.44,517.0,374.45,727.4999999999999,0.0,0.0,0.032470703125,0.006744384765625,0.0323486328125,0.006717681884765625,0.034194946,0.0074882507,0.8194492,0.8222121
chr14:g.22987392C>T|cg04789056,C14orf93,0.00048828125,630,0.0014648438,-0.013818359,0.014160156,0.008530805,0.58,334.0,160.3,674.1,0.0,0.0,0.02685546875,0.012969970703125,0.0269622802734375,0.01306915283203125,0.027748108,0.014701843,0.6448879,0.640537
chr13:g.85796263A>G|cg16103732,SLITRK6,-0.00048828125,631,0.0,-0.0022216798,0.0029296875,0.0017221301,0.4,616.5,476.4,747.55,0.0,0.0,0.042327880859375,0.0190887451171875,0.042236328125,0.0194244384765625,0.04257202,0.018493652,0.6980047,0.6938808
chr8:g.10726080G>A|cg05938889,SOX7,-0.00048828125,632,0.0017089844,-0.0076416014,0.017358398,0.0076205847,0.42,406.0,154.9,661.9499999999997,0.0,0.0,0.044342041015625,0.02655029296875,0.044189453125,0.026153564453125,0.04345703,0.025802612,0.6269004,0.63065934
chr1:g.205770789G>A|cg05364141,RAB29,-0.00048828125,633,-0.00048828125,-0.0031982423,0.0034179688,0.002501765,0.58,540.5,415.55,695.5,0.0,0.0,0.04510498046875,0.0279541015625,0.044586181640625,0.0282745361328125,0.045639038,0.026916504,0.63065946,0.630091
chr7:g.90604237C>T|cg06008531,CDK14,-0.00048828125,634,-0.00048828125,-0.0009765625,0.0,0.0003738215,0.7,699.0,634.9,750.65,0.0,0.0,0.027740478515625,0.0102081298828125,0.0276947021484375,0.0102081298828125,0.029426575,0.010990143,0.7334279,0.73399365
chr12:g.13563485C>G|cg14351692,GRIN2B,0.00048828125,635,-0.00048828125,-0.011230469,0.008886717,0.006347035,0.48,420.0,209.45,661.3499999999999,0.0,0.0,0.042236328125,0.03289794921875,0.042236328125,0.03314208984375,0.04411316,0.03201294,0.5792998,0.5722511
chr11:g.94799670G>A|cg11429960,AMOTL1,0.00048828125,636,0.0009765625,0.0,0.0031982418,0.000962561,0.88,633.0,463.45,747.65,0.0,0.0,0.0460205078125,0.0343017578125,0.047515869140625,0.0341796875,0.044647217,0.033325195,0.5759425,0.5851299
chr7:g.48279750C>T|cg10626169,ABCA13,0.00048828125,637,0.0007324219,-0.028955078,0.021044921,0.016091436,0.5,192.5,84.9,557.0,0.0,0.0,0.0193023681640625,0.0169219970703125,0.0193023681640625,0.0169219970703125,0.02180481,0.01637268,0.5646147,0.56425905
chr8:g.31031922C>T|cg12672713,PURG,0.00048828125,638,-0.0061035156,-0.031567384,0.036450185,0.023254866,0.36,174.0,43.7,559.0499999999998,0.0,0.0,0.033782958984375,0.00397491455078125,0.033721923828125,0.00400543212890625,0.037902832,0.0049819946,0.8857695,0.8836622
chr8:g.27987586G>A|cg24037389,SCARA5,-0.00048828125,639,0.0,-0.009057617,0.007592773,0.0055045155,0.46,410.0,235.20000000000002,712.8499999999999,0.0,0.0,0.033905029296875,0.01751708984375,0.034088134765625,0.017578125,0.03338623,0.01826477,0.647573,0.6509263
chr8:g.41265320G>A|cg16667459,SFRP1,-0.00048828125,640,-0.00048828125,-0.0014648438,0.0,0.00053860206,0.7,673.0,593.05,754.55,0.0,0.0,0.034423828125,0.037322998046875,0.03424072265625,0.037384033203125,0.034622192,0.036590576,0.48609757,0.48327237
chr14:g.89412237G>A|cg10976706,FOXN3,0.00048828125,641,-0.0021972656,-0.0068359375,0.005639648,0.004091014,0.3,475.0,299.85,686.25,0.0,0.0,0.04052734375,0.030853271484375,0.040374755859375,0.0302734375,0.041229248,0.029502869,0.58128124,0.58053625
chr8:g.65841380C>T|cg06195829,PDE7A,-0.00048828125,642,0.00030517578,-0.0015235901,0.0021064756,0.0012316277,0.4,648.5,526.35,722.55,0.0,0.0,0.047088623046875,0.01490020751953125,0.0482177734375,0.01512908935546875,0.04977417,0.014759064,0.7704378,0.77308166
chr11:g.67502566C>T|cg10122252,PITPNM1,0.00048828125,643,-0.00024414062,-0.0069335937,0.007104492,0.0047186194,0.48,545.5,253.65,700.85,0.0,0.0,0.05865478515625,0.03131103515625,0.058563232421875,0.031494140625,0.058776855,0.0317688,0.65102005,0.6517078
chr13:g.51771287G>A|cg07285641,DHRS12,-0.00048828125,644,-0.00048828125,-0.024389649,0.0232666,0.014759478,0.5,259.5,92.7,657.8,0.0,0.0,0.0260009765625,0.02001953125,0.0254669189453125,0.020294189453125,0.027557373,0.020080566,0.5738095,0.5702421
chr6:g.10398698A>G|cg08401657,TFAP2A,0.00048828125,645,-0.0068359375,-0.04880371,0.04262695,0.03059276,0.42,102.5,36.15,430.9499999999998,0.0,0.02,0.021331787109375,0.0226287841796875,0.021331787109375,0.0217742919921875,0.02319336,0.02243805,0.5075127,0.50903875
chr5:g.131988132G>A|cg24786495,ACSL6,0.00048828125,646,-0.0007324219,-0.0068359375,0.006665038,0.004027147,0.4,488.5,280.55,716.4499999999999,0.0,0.0,0.036224365234375,0.0217742919921875,0.0364990234375,0.0218658447265625,0.035980225,0.021186829,0.6275351,0.6266588
chr19:g.9160218G>A|cg01914743,ZNF317,0.00048828125,647,0.00048828125,-0.0009765625,0.0022216793,0.0011866051,0.6,652.5,510.5,733.55,0.0,0.0,0.0531005859375,0.040008544921875,0.054290771484375,0.040252685546875,0.053100586,0.039382935,0.57840824,0.5807197
chr19:g.810754C>A|cg17821750,PTBP1,-0.00048828125,648,-0.00048828125,-0.0063476562,0.0056884754,0.003914015,0.52,471.0,316.7,730.85,0.0,0.0,0.037811279296875,0.0287628173828125,0.037750244140625,0.0287017822265625,0.039627075,0.029510498,0.5713948,0.57302904
chr19:g.40389540G>C|cg06933064,HIPK4,-0.00048828125,649,-0.00048828125,-0.0014648438,0.0,0.00053570344,0.62,687.0,580.4,750.1,0.0,0.0,0.06085205078125,0.0191192626953125,0.060302734375,0.0190887451171875,0.06085205,0.019752502,0.7551036,0.75341064
chr19:g.37669336G>C|cg24851318,ZNF781,0.00048828125,650,0.00048828125,-0.0036865235,0.0046630856,0.0025435237,0.54,574.5,374.45,742.1,0.0,0.0,0.047607421875,0.017913818359375,0.04779052734375,0.017913818359375,0.047332764,0.017112732,0.73339236,0.73460627
chr19:g.37669729C>T|cg24851318,ZNF781,0.00048828125,651,-0.0021972656,-0.0056396485,0.0024902336,0.0025705441,0.2,494.0,359.6,683.1,0.0,0.0,0.047607421875,0.017913818359375,0.0489501953125,0.0173797607421875,0.04840088,0.016662598,0.7406268,0.74618185
chr19:g.3813857G>C|cg10214132,ZFR2,-0.00048828125,652,-0.0007324219,-0.013720703,0.011279296,0.008784101,0.52,324.5,171.3,641.2,0.0,0.0,0.0310211181640625,0.00930023193359375,0.0310211181640625,0.00926971435546875,0.03186035,0.009300232,0.7718582,0.7699689
chr19:g.12706250G>C|cg08258350,TNPO2,0.00048828125,653,0.0017089844,-0.00390625,0.0061279293,0.0031254978,0.72,520.0,338.7,713.9499999999999,0.0,0.0,0.04296875,0.0246124267578125,0.043121337890625,0.0246124267578125,0.0415802,0.024421692,0.63215786,0.633124
chr4:g.3233330C>T|cg06609182,HTT,-0.00048828125,654,0.00024414062,-0.007421875,0.007153319,0.00452981,0.44,495.5,265.4,714.1999999999999,0.0,0.0,0.041473388671875,0.0224151611328125,0.040985107421875,0.0227203369140625,0.042526245,0.023910522,0.6378394,0.6386655
chr4:g.186707944T>A|cg08100122,FAT1,-0.00048828125,655,-0.0026855469,-0.011499023,0.0046630856,0.004976579,0.62,454.0,222.7,629.25,0.0,0.0,0.047698974609375,0.037750244140625,0.047607421875,0.03802490234375,0.04547119,0.036575317,0.5550798,0.55185544
chr4:g.15442469T>A|cg03672066,C1QTNF7,-0.00048828125,656,0.0,-0.004931641,0.0059570298,0.003597383,0.48,519.5,300.15,719.2499999999999,0.0,0.0,0.0416259765625,0.0217437744140625,0.041473388671875,0.0216522216796875,0.040878296,0.022415161,0.64320576,0.64969826
chr2:g.237371793G>T|cg17725364,COL6A3,-0.00048828125,657,0.0,-0.0009765625,0.0009765625,0.00058059854,0.3,700.5,619.7,754.55,0.0,0.0,0.0560302734375,0.019561767578125,0.055511474609375,0.0199127197265625,0.055984497,0.018997192,0.74638486,0.7436596
chr20:g.49270996G>A|cg06122230,ZNFX1,-0.00048828125,658,-0.0009765625,-0.0075927735,0.007861327,0.0050703487,0.58,469.0,269.25,687.85,0.0,0.0,0.0322265625,0.032958984375,0.03173828125,0.03314208984375,0.033493042,0.033172607,0.49866408,0.5022615
chr3:g.50355466T>C|cg18354370,TMEM115,-0.00048828125,659,0.0007324219,-0.009155273,0.011767577,0.0067037204,0.44,425.5,203.15,680.7499999999999,0.0,0.0,0.027740478515625,0.0199432373046875,0.0276947021484375,0.019989013671875,0.027252197,0.021186829,0.5637138,0.5698826
chr3:g.119660073C>T|cg09411212,POPDC2,-0.00048828125,660,-0.0014648438,-0.018603515,0.013232421,0.010325661,0.6,316.0,121.60000000000001,696.65,0.0,0.0,0.0279541015625,0.0193023681640625,0.0276336669921875,0.01934814453125,0.030326843,0.01915741,0.60732186,0.60067475
chr3:g.52690608G>A|cg00447581,GNL3,-0.00048828125,661,0.0,-0.0034179688,0.0032470692,0.0020645435,0.48,625.0,405.9,732.1,0.0,0.0,0.03582763671875,0.035491943359375,0.035491943359375,0.03521728515625,0.03781128,0.03427124,0.52816916,0.5278096
chr20:g.4699925C>T|cg23362473,PRNP,-0.00048828125,662,0.0,-0.0022216798,0.0034667961,0.0016582205,0.38,629.5,449.40000000000003,734.65,0.0,0.0,0.039276123046875,0.033782958984375,0.0384521484375,0.034423828125,0.040130615,0.033493042,0.54339194,0.54086304
chr2:g.197408427C>G|cg11988203,SF3B1,-0.00048828125,663,0.0,-0.00048828125,0.0,0.00023675448,0.36,730.0,669.45,755.55,0.0,0.0,0.038543701171875,0.037200927734375,0.038330078125,0.037384033203125,0.0390625,0.03503418,0.5295111,0.527419
chr20:g.18316702C>G|cg16549153,ZNF133,0.00048828125,664,0.00024414062,-0.00612793,0.0061279293,0.003824428,0.5,495.0,298.45,722.4499999999999,0.0,0.0,0.03662109375,0.0313720703125,0.036773681640625,0.031494140625,0.03578186,0.03152466,0.53767323,0.54066414
chr21:g.41836116G>A|cg08073527,PRDM15,-0.00048828125,665,0.0,-0.021020507,0.019018551,0.011532795,0.48,333.5,106.6,705.8499999999999,0.0,0.0,0.046630859375,0.03302001953125,0.046630859375,0.032958984375,0.041656494,0.030647278,0.57755953,0.5805869
chr22:g.46258469G>A|cg19805062,PKDREJ,-0.00048828125,666,-0.0014648438,-0.00834961,0.009326171,0.005512668,0.54,421.0,244.9,592.6999999999999,0.0,0.0,0.03326416015625,0.0106964111328125,0.03302001953125,0.01073455810546875,0.034332275,0.0111579895,0.75401044,0.7477019
chr1:g.34761653G>C|cg13963693,GJB4,0.00048828125,667,0.00048828125,-0.0034667968,0.0041748043,0.0022102592,0.54,604.5,390.7,742.55,0.0,0.0,0.05645751953125,0.022796630859375,0.05645751953125,0.0228424072265625,0.05593872,0.023712158,0.7069011,0.706501
chr9:g.133256029G>A|cg14639822,ABO,0.00048828125,668,0.0,-0.010302735,0.010791015,0.0064236936,0.48,443.0,219.35,709.85,0.0,0.0,0.055206298828125,0.017913818359375,0.055511474609375,0.017852783203125,0.05706787,0.01777649,0.7647175,0.7631204
chr3:g.52529249G>T|cg14886990,NT5DC2,-0.00048828125,669,0.0026855469,-0.01225586,0.023486327,0.010527684,0.36,274.5,112.4,691.2,0.0,0.0,0.0240478515625,0.01861572265625,0.0240020751953125,0.0186920166015625,0.025619507,0.019218445,0.5774971,0.5776619
chr22:g.46534699G>A|cg07223632,CELSR1,0.00048828125,670,0.0014648438,-0.0024902343,0.0061279293,0.0027785753,0.62,558.5,332.9,728.6999999999999,0.0,0.0,0.04400634765625,0.03265380859375,0.044281005859375,0.0323486328125,0.04475403,0.033203125,0.5744988,0.5847236
chr1:g.92836195C>G|cg08661164,RPL5,-0.00048828125,671,-0.0014648438,-0.005859375,0.0044433586,0.0034679824,0.64,525.5,304.15,732.9499999999999,0.0,0.0,0.0297088623046875,0.029541015625,0.0293121337890625,0.029754638671875,0.030212402,0.02961731,0.51729214,0.50050175
chr9:g.35869721C>T|cg14276698,OR13J1,-0.00048828125,672,0.0017089844,-0.009863282,0.010253906,0.0063805245,0.42,391.0,214.70000000000002,659.0,0.0,0.0,0.031982421875,0.0167236328125,0.031982421875,0.016845703125,0.033691406,0.017211914,0.66395056,0.66697073
chr1:g.241635374G>A|cg17461214,CHML,-0.00048828125,673,0.0,-0.0007568359,0.00026855431,0.00034512603,0.48,711.0,662.15,756.0,0.0,0.0,0.0255584716796875,0.03436279296875,0.025421142578125,0.03448486328125,0.026733398,0.033172607,0.43927047,0.4367031
chr7:g.151049344T>A|cg11262093,ASIC3,-0.00048828125,674,0.0,-0.0012451172,0.00048828125,0.0005381502,0.48,707.5,615.2,756.0,0.0,0.0,0.04949951171875,0.01406097412109375,0.0489501953125,0.0141143798828125,0.048217773,0.014091492,0.7753931,0.77331436
chr1:g.1544993C>T|cg03941625,SSU72,-0.00048828125,675,0.0,-0.001953125,0.0022216793,0.0012569746,0.38,656.5,522.45,757.0,0.0,0.0,0.03448486328125,0.02191162109375,0.034423828125,0.0218658447265625,0.03541565,0.022697449,0.60890985,0.6106564
chr1:g.15660969T>C|cg15998773,RSC1A1,0.00048828125,676,0.00048828125,-0.002001953,0.00390625,0.0020153127,0.52,625.0,414.2,736.75,0.0,0.0,0.03643798828125,0.035064697265625,0.036346435546875,0.03521728515625,0.038253784,0.033477783,0.53009653,0.5278759
chr1:g.228321541C>T|cg08794084,OBSCN,-0.00048828125,677,-0.0053710938,-0.020776367,0.0165039,0.012047143,0.66,280.5,117.0,593.65,0.0,0.0,0.03521728515625,0.018157958984375,0.034942626953125,0.0182952880859375,0.034683228,0.018562317,0.65291715,0.6468168
chr1:g.22600969C>A|cg20991983,EPHA8,0.00048828125,678,0.0014648438,-0.009594726,0.0113281235,0.006365805,0.54,412.5,210.25,658.1,0.0,0.0,0.0333251953125,0.01262664794921875,0.0333251953125,0.0125732421875,0.034606934,0.012969971,0.7214886,0.7261845
chr6:g.47286542G>A|cg11209008,TNFRSF21,0.00048828125,679,0.00048828125,-0.0029785156,0.0031982418,0.0021237687,0.54,610.5,445.7,745.65,0.0,0.0,0.04443359375,0.029815673828125,0.044921875,0.029754638671875,0.043701172,0.029090881,0.6056457,0.60769236
chr16:g.27749939C>G|cg03245155,KATNIP,0.00048828125,680,0.0,-0.00048828125,0.00075683556,0.00042188485,0.3,729.0,633.6,750.55,0.0,0.0,0.044189453125,0.0262603759765625,0.044586181640625,0.026458740234375,0.0440979,0.027404785,0.6139503,0.613985
chr15:g.74175356C>T|cg16926502,ISLR,-0.00048828125,681,-0.0009765625,-0.009326172,0.0052490216,0.00471471,0.62,531.0,246.45,702.55,0.0,0.0,0.044677734375,0.0120086669921875,0.044189453125,0.011962890625,0.046295166,0.012798309,0.78353333,0.782501
chr13:g.106567653C>T|cg20524972,ARGLU1,0.000457763671875,682,0.00032806396,0.00016479492,0.00052185054,0.00011634326,1.0,716.0,668.9,724.0,0.0,0.0,0.062103271484375,0.01358795166015625,0.06109619140625,0.01358795166015625,0.06222534,0.013507843,0.8210608,0.81925225
chr10:g.111079229C>T|cg05329352,ADRA2A,0.000457763671875,683,-0.00064086914,-0.005506897,0.0039871214,0.0032789458,0.44,536.5,331.05,694.4999999999999,0.0,0.0,0.08282470703125,0.00397491455078125,0.082275390625,0.0039005279541015625,0.084106445,0.0041656494,0.9526219,0.95378506
chr15:g.45403363C>A|cg05785653,SPATA5L1,-0.00042724609375,684,-0.000579834,-0.0034713745,0.0024459837,0.0018264737,0.62,616.0,451.8,729.1,0.0,0.0,0.043701171875,0.0171051025390625,0.043853759765625,0.017181396484375,0.045059204,0.017044067,0.72525054,0.7286101
chr20:g.35542892A>G|cg08632001,ERGIC3,-0.0003662109375,685,4.5776367e-05,-0.008258057,0.0042617796,0.003881205,0.5,563.5,284.0,689.55,0.0,0.0,0.054901123046875,0.01666259765625,0.054107666015625,0.0164031982421875,0.056488037,0.017173767,0.766051,0.7676736
chr12:g.57475607C>T|cg05584759,ARHGAP9,-0.00030517578125,686,0.00047302246,-0.0036880493,0.0042709345,0.002317865,0.34,587.0,393.05,751.75,0.0,0.0,0.05645751953125,0.006877899169921875,0.056976318359375,0.006877899169921875,0.057495117,0.006811142,0.8934347,0.89425
chr9:g.6015410C>T|cg08689940,RANBP6,0.00030517578125,687,0.00048828125,-0.0023330688,0.0030715936,0.0018644824,0.58,607.5,458.45,736.55,0.0,0.0,0.03607177734375,0.0191192626953125,0.0360107421875,0.0192718505859375,0.0368042,0.01914215,0.65789753,0.6574574
chr21:g.28992794C>T|cg08249556,LTN1,0.0002899169921875,688,0.00077819824,-0.00021820067,0.001802063,0.0006466738,0.9,653.0,561.25,723.0,0.0,0.0,0.0517578125,0.01395416259765625,0.0517578125,0.01406097412109375,0.051757812,0.014034271,0.781922,0.77973235
chr5:g.132866923G>A|cg05040447,UQCRQ,0.0002899169921875,689,0.00035858154,-0.0006019592,0.0011306762,0.0005687105,0.7,708.5,609.9,725.0,0.0,0.0,0.054901123046875,0.01337432861328125,0.0546875,0.01337432861328125,0.05529785,0.013195038,0.80741763,0.8067497
chr8:g.108443664G>T|cg08258788,EMC2,-0.000274658203125,690,0.00019836426,-0.0013313293,0.0015449522,0.00096859195,0.44,669.5,536.05,726.55,0.0,0.0,0.05224609375,0.01560211181640625,0.05224609375,0.015716552734375,0.054000854,0.015335083,0.7772003,0.776118
chr19:g.35141166C>T|cg10351808,FXYD1,0.000244140625,691,0.000579834,-0.011372375,0.012811277,0.007713271,0.52,388.0,155.6,652.75,0.0,0.0,0.056640625,0.01358795166015625,0.0567626953125,0.01363372802734375,0.057800293,0.01361084,0.8077264,0.80752146
chr1:g.100539143C>T|cg16007456,GPR88,0.000244140625,692,0.0039978027,-0.00836792,0.020086668,0.008710411,0.72,343.0,129.35,614.5,0.0,0.0,0.09088134765625,0.00359344482421875,0.08990478515625,0.0035381317138671875,0.08609009,0.004600525,0.9511055,0.950596
chr11:g.125626790G>A|cg00554702,CHEK1,0.000213623046875,693,-0.00036621094,-0.0021865845,0.0006088255,0.00092208263,0.2,685.0,530.25,735.75,0.0,0.0,0.040618896484375,0.018829345703125,0.040313720703125,0.018646240234375,0.038253784,0.019462585,0.6603433,0.664522
chr5:g.100902905C>T|cg13320626,ST8SIA4,-0.00018310546875,694,-0.00030517578,-0.0022094727,0.0018325803,0.0012229589,0.58,663.5,523.45,725.55,0.0,0.0,0.05291748046875,0.0112457275390625,0.053314208984375,0.0112457275390625,0.0554657,0.0110321045,0.831121,0.83179414
chr16:g.727584G>T|cg02574319,HAGHL,0.00018310546875,695,0.00061035156,-0.001964569,0.0023666383,0.0015058059,0.6,618.0,492.7,722.55,0.0,0.0,0.054595947265625,0.0127716064453125,0.054290771484375,0.0127716064453125,0.054351807,0.012771606,0.8080808,0.8061286
chr6:g.27810226G>A|cg15410276,H3C10,0.00018310546875,696,9.1552734e-05,-0.0036514283,0.0037826532,0.0026517913,0.5,604.5,394.9,737.3,0.0,0.0,0.038177490234375,0.017303466796875,0.037750244140625,0.0167236328125,0.03883362,0.017242432,0.69078714,0.6945838
chr17:g.1109063C>T|cg01555791,ABR,0.000152587890625,697,-0.00012207031,-0.0010131836,0.0009017944,0.00055381685,0.36,714.5,609.7,729.55,0.0,0.0,0.044281005859375,0.01306915283203125,0.044189453125,0.01306915283203125,0.047164917,0.01335144,0.7795919,0.780107
chr7:g.74174395C>T|cg06739182,EIF4H,-0.000152587890625,698,0.00017547607,-0.00044403077,0.0009918213,0.00050194986,0.36,716.5,614.35,736.5999999999999,0.0,0.0,0.05706787109375,0.01433563232421875,0.057373046875,0.0144500732421875,0.057434082,0.014362335,0.79718244,0.79571736
chr16:g.57984764C>T|cg07844931,TEPP,-0.0001373291015625,699,-0.0001449585,-0.0007583618,4.5776367e-05,0.00024344695,0.8,720.5,653.8,734.75,0.0,0.0,0.06866455078125,0.01129150390625,0.06866455078125,0.01132965087890625,0.06750488,0.011268616,0.8561375,0.8562535
chr20:g.17970015C>T|cg26273886,MGME1,0.0001220703125,700,-0.0021972656,-0.01751709,0.016180418,0.00988269,0.42,329.5,139.8,686.7499999999998,0.0,0.0,0.00760650634765625,0.0261993408203125,0.007488250732421875,0.02752685546875,0.007637024,0.027061462,0.21813077,0.21039099
chr16:g.23710991G>A|cg05532980,ERN2,0.0,701,0.0007324219,-0.0051513673,0.0059570298,0.0033140494,0.06,512.0,317.45,712.2499999999999,0.0,0.0,0.043121337890625,0.01137542724609375,0.043121337890625,0.01142120361328125,0.043411255,0.011375427,0.79614675,0.79537725
chr17:g.2324241C>T|cg22556056,TSR1,0.0,702,0.0,-0.0031982423,0.0031982418,0.0020429606,0.06,589.0,446.05,722.05,0.0,0.0,0.04248046875,0.03240966796875,0.04248046875,0.0325927734375,0.042633057,0.031982422,0.57408726,0.57269216
chr2:g.190998253G>C|cg20173260,STAT1,0.0,703,0.0,-0.00048828125,0.0,0.00022080344,0.78,736.0,672.35,756.0,0.0,0.0,0.04248046875,0.034759521484375,0.042236328125,0.035064697265625,0.04324341,0.034332275,0.55564064,0.55166686
chr2:g.190962956C>T|cg24607686,GLS,0.0,704,0.0,-0.001953125,0.0014648438,0.0012283126,0.2,639.5,514.05,744.55,0.0,0.0,0.047088623046875,0.02752685546875,0.0472412109375,0.027435302734375,0.048858643,0.028213501,0.6356052,0.6350279
chr3:g.25720045T>G|cg12469257,NGLY1,0.0,705,0.00048828125,-0.0071044923,0.008447263,0.004735542,0.02,472.0,259.7,696.55,0.0,0.0,0.0287017822265625,0.034942626953125,0.029144287109375,0.03460693359375,0.03340149,0.032958984,0.49907625,0.5062333
chr9:g.99069811G>A|cg14424210,COL15A1,0.0,706,-0.00048828125,-0.0022216798,0.0031982418,0.0017757684,0.1,661.0,432.7,731.65,0.0,0.0,0.05072021484375,0.033721923828125,0.049774169921875,0.034759521484375,0.052078247,0.032043457,0.6153846,0.6043439
chr16:g.67378687G>A|cg02210621,LRRC36,0.0,707,0.0,-0.00048828125,0.00075683556,0.00035307065,0.6,728.0,652.6,747.55,0.0,0.0,0.041229248046875,0.0210113525390625,0.04132080078125,0.0209197998046875,0.041931152,0.020622253,0.66187716,0.66283494
chr16:g.72796733G>A|cg04101363,ZFHX3,0.0,708,0.0,-0.001953125,0.0024902336,0.0015823351,0.12,622.5,489.25,739.55,0.0,0.0,0.044677734375,0.033660888671875,0.04351806640625,0.033905029296875,0.045440674,0.03439331,0.56831133,0.5593256
chr16:g.89737822C>T|cg02099410,ZNF276,0.0,709,0.0014648438,-0.005200195,0.0053710938,0.0038956355,0.06,517.0,310.6,727.65,0.0,0.0,0.046295166015625,0.03326416015625,0.046539306640625,0.03338623046875,0.04840088,0.033493042,0.58893824,0.5922996
chr5:g.160349684G>A|cg00549609,C1QTNF2,0.0,710,0.0014648438,-0.0056396485,0.0063476562,0.0040112277,0.04,496.0,317.35,690.9499999999999,0.0,0.0,0.044189453125,0.019683837890625,0.044586181640625,0.0197601318359375,0.04336548,0.020347595,0.68110585,0.6843612
chr5:g.138345517G>A|cg01099252,FAM53C,0.0,711,-0.0017089844,-0.00612793,0.0034179688,0.0034361281,0.08,512.5,324.5,738.65,0.0,0.0,0.050140380859375,0.0360107421875,0.049407958984375,0.03656005859375,0.051132202,0.036499023,0.581192,0.56819785
chr17:g.69314364G>A|cg07372195,ABCA5,0.0,712,-0.0009765625,-0.0071044923,0.0061279293,0.004963353,0.02,454.0,257.6,685.15,0.0,0.0,0.040313720703125,0.022247314453125,0.040313720703125,0.0220794677734375,0.039718628,0.021820068,0.6442287,0.64216983
chr19:g.57455917C>T|cg08023175,VN1R1,0.0,713,0.0,0.0,0.00048828125,0.00021635134,0.74,734.5,670.45,754.55,0.0,0.0,0.03265380859375,0.0239105224609375,0.03271484375,0.0239105224609375,0.03366089,0.02319336,0.59050125,0.5897703
chr2:g.48581437C>T|cg25061755,STON1,0.0,714,-0.00024414062,-0.0009765625,0.00075683556,0.0005050338,0.42,703.5,615.45,751.65,0.0,0.0,0.034881591796875,0.017578125,0.034942626953125,0.017578125,0.036621094,0.017448425,0.68215847,0.6815505
chr2:g.24079462C>G|cg10884103,TP53I3,0.0,715,0.0,-0.002709961,0.0024414062,0.0016049289,0.14,646.0,485.95,737.65,0.0,0.0,0.04132080078125,0.03021240234375,0.041229248046875,0.0302734375,0.04333496,0.028900146,0.6002927,0.60029626
chr2:g.33134839C>T|cg14102437,LTBP1,0.0,716,-3.0517578e-05,-0.009396362,0.009017944,0.006300233,0.0,410.0,214.4,688.5999999999999,0.0,0.0,0.0189361572265625,0.0244293212890625,0.0187225341796875,0.024383544921875,0.017745972,0.024932861,0.41215038,0.4129371
chr19:g.12663773C>T|cg12085704,MAN2B1,0.0,717,0.0,-0.0029785156,0.0031982418,0.0019826961,0.14,609.0,434.25,738.55,0.0,0.0,0.04248046875,0.03033447265625,0.041839599609375,0.030670166015625,0.041275024,0.03050232,0.5766582,0.5734514
chr9:g.119167408G>A|cg13603112,BRINP1,0.0,718,0.00024414062,-0.00612793,0.0078125,0.004688922,0.08,478.0,269.5,731.55,0.0,0.0,0.0635986328125,0.02606201171875,0.06292724609375,0.0260009765625,0.061309814,0.02519989,0.71089923,0.70996475
chr8:g.116755669G>A|cg02735071,EIF3H,0.0,719,0.00012207031,-0.002824402,0.0029190057,0.0017927008,0.06,611.0,440.5,731.9499999999999,0.0,0.0,0.042572021484375,0.01666259765625,0.04193115234375,0.0162811279296875,0.04321289,0.016189575,0.72486424,0.72316754
chr1:g.110604093G>A|cg02076848,KCNA2,0.0,720,-0.00048828125,-0.0044433596,0.0029296875,0.002460287,0.02,546.0,395.6,702.9499999999999,0.0,0.0,0.06585693359375,0.009674072265625,0.06573486328125,0.009674072265625,0.0647583,0.010967255,0.8595768,0.859128
chr3:g.187236347C>A|cg04126095,MASP1,0.0,721,0.0,-0.00048828125,0.0,0.00022080343,0.78,731.0,683.35,750.55,0.0,0.0,0.0526123046875,0.0240936279296875,0.052520751953125,0.0239105224609375,0.051605225,0.023597717,0.68576574,0.6867046
chr3:g.170084314G>C|cg19939732,GPR160,0.0,722,0.0,0.0,0.00048828125,0.00025033983,0.64,730.5,680.6,747.55,0.0,0.0,0.038604736328125,0.03216552734375,0.038543701171875,0.03228759765625,0.0385437,0.032958984,0.5367172,0.5347824
chr3:g.155853587G>A|cg21538020,SLC33A1,0.0,723,0.00091552734,-0.0031372071,0.003987121,0.0024781039,0.04,592.0,404.05,720.55,0.0,0.0,0.039337158203125,0.0142822265625,0.0394287109375,0.01433563232421875,0.03883362,0.014175415,0.72793126,0.7274311
chr22:g.37207471G>A|cg07002295,SSTR3,0.0,724,-0.0024414062,-0.009594726,0.007373046,0.004783997,0.02,432.0,234.05,691.65,0.0,0.0,0.043853759765625,0.02044677734375,0.043853759765625,0.0202484130859375,0.04484558,0.020942688,0.6857491,0.6879147
chr3:g.119227025G>C|cg13527974,B4GALT4,0.0,725,-0.00048828125,-0.0024414062,0.0027099606,0.0018116031,0.1,640.5,445.25,741.5,0.0,0.0,0.052337646484375,0.029541015625,0.052032470703125,0.0297088623046875,0.05014038,0.02809143,0.64315665,0.63942695
chr3:g.141443168G>A|cg03582793,ZBTB38,0.0,726,-0.0017089844,-0.012207031,0.009765625,0.006765996,0.0,415.5,193.9,653.3999999999999,0.0,0.0,0.0391845703125,0.034088134765625,0.03875732421875,0.033660888671875,0.038208008,0.034103394,0.5270338,0.526586
chr3:g.50182954G>A|cg19929403,SEMA3F,0.0,727,-0.0024414062,-0.011987304,0.011499023,0.0072220704,0.0,396.5,167.25,637.15,0.0,0.0,0.045257568359375,0.02801513671875,0.045013427734375,0.0282135009765625,0.049865723,0.029090881,0.62970734,0.62251204
chr3:g.45759911C>G|cg09251680,SLC6A20,0.0,728,-0.00048828125,-0.007861328,0.0066162106,0.004156757,0.08,479.5,288.6,736.3,0.0,0.0,0.043701171875,0.0229339599609375,0.0439453125,0.022796630859375,0.04458618,0.02230835,0.66632956,0.66715586
chr20:g.3234770G>C|cg21907993,SLC4A11,0.0,729,-0.00048828125,-0.0056884764,0.003686523,0.0030598126,0.12,587.5,319.9,741.15,0.0,0.0,0.059112548828125,0.0185394287109375,0.059112548828125,0.018585205078125,0.05937195,0.020606995,0.7414606,0.7408385
chr20:g.62330600G>A|cg01847620,LAMA5,0.0,730,-0.00048828125,-0.00390625,0.0034179688,0.0022689828,0.06,563.5,421.6,720.0999999999999,0.0,0.0,0.04742431640625,0.028167724609375,0.047149658203125,0.028106689453125,0.045181274,0.028190613,0.61486316,0.6170745
chr2:g.233693151C>A|cg23874600,UGT1A6,0.0,731,-0.00048828125,-0.0009765625,0.0,0.0003916202,0.42,707.0,626.45,748.65,0.0,0.0,0.047943115234375,0.009674072265625,0.04742431640625,0.009674072265625,0.048583984,0.009597778,0.8329486,0.83122903
chr2:g.241210521C>T|cg19838074,ANO7,0.0,732,-0.00048828125,-0.0022216798,0.0022216793,0.0016055348,0.04,607.0,506.7,704.3,0.0,0.0,0.04949951171875,0.0117340087890625,0.049591064453125,0.011688232421875,0.04899597,0.012359619,0.79896796,0.7990744
chr2:g.206176528G>A|cg23627076,GPR1,0.0,733,-0.00048828125,-0.0017333984,0.00048828125,0.00065613707,0.12,671.5,569.6,735.55,0.0,0.0,0.03155517578125,0.026763916015625,0.03192138671875,0.026458740234375,0.034225464,0.026435852,0.5619616,0.56489503
chr2:g.178722127C>T|cg20701897,TTN,0.0,734,0.00048828125,-0.0031982423,0.003686523,0.0022272544,0.1,590.0,410.1,738.0,0.0,0.0,0.052703857421875,0.006072998046875,0.05291748046875,0.006122589111328125,0.051605225,0.006193161,0.8931893,0.891534
chr12:g.67657270G>A|cg12694689,DYRK2,0.0,735,-0.00048828125,-0.0029296875,0.0014648438,0.001300093,0.16,641.0,481.8,744.55,0.0,0.0,0.061187744140625,0.035614013671875,0.061187744140625,0.035614013671875,0.060028076,0.035476685,0.62728703,0.62723696
chr15:g.74176028C>G|cg09664357,ISLR,0.0,736,-0.0021972656,-0.013671875,0.015893554,0.008988945,0.02,378.5,151.45,615.15,0.0,0.0,0.04327392578125,0.0136871337890625,0.043365478515625,0.0136871337890625,0.043762207,0.014392853,0.751825,0.7549964
chr11:g.57659635G>A|cg14746813,CLP1,0.0,737,0.0,0.0,0.00048828125,0.00021635131,0.74,744.5,683.85,755.55,0.0,0.0,0.04876708984375,0.035400390625,0.048858642578125,0.035491943359375,0.0499115,0.03555298,0.5840644,0.5838558
chr11:g.12162260C>G|cg07706558,MICAL2,0.0,738,-0.00024414062,-0.00048828125,0.0,0.00024661928,0.5,722.0,674.45,755.0,0.0,0.0,0.033905029296875,0.0261077880859375,0.033843994140625,0.0261077880859375,0.03475952,0.026229858,0.5694665,0.568472
chr11:g.499131G>C|cg15210314,RNH1,0.0,739,0.0,-0.004711914,0.005639648,0.003219302,0.14,558.0,325.05,752.55,0.0,0.0,0.041839599609375,0.0301513671875,0.04193115234375,0.0300445556640625,0.042160034,0.030471802,0.5789523,0.58046746
chr11:g.65131489G>C|cg05300538,SYVN1,0.0,740,-0.00048828125,-0.008081054,0.007861327,0.005239717,0.06,399.5,271.15,716.9499999999998,0.0,0.0,0.02752685546875,0.0222930908203125,0.02752685546875,0.0223236083984375,0.029785156,0.024635315,0.5572988,0.5567415
chr11:g.792901C>T|cg19262958,SLC25A22,0.0,741,-0.00024414062,-0.011108398,0.009057617,0.006504887,0.08,423.0,206.9,729.2,0.0,0.0,0.04248046875,0.017303466796875,0.042572021484375,0.017242431640625,0.040542603,0.01701355,0.70950985,0.7082051
chr7:g.37740441G>A|cg24995381,GPR141,0.0,742,0.00048828125,-0.0024414062,0.0024414062,0.0017375724,0.04,611.5,474.55,708.65,0.0,0.0,0.048126220703125,0.0290374755859375,0.047943115234375,0.029205322265625,0.049865723,0.027427673,0.64562976,0.64299154
chr11:g.119342680C>T|cg21504757,MFRP,0.0,743,0.0,-0.00048828125,0.00048828125,0.0003401558,0.5,721.0,669.6,753.55,0.0,0.0,0.033782958984375,0.010528564453125,0.033782958984375,0.010528564453125,0.033569336,0.011940002,0.74024045,0.7395079
chr11:g.116957017C>T|cg19006628,SIK3,0.0,744,0.0,-0.00048828125,0.00048828125,0.00025799728,0.78,743.0,685.4,754.0,0.0,0.0,0.036773681640625,0.0302734375,0.03656005859375,0.03033447265625,0.036758423,0.029953003,0.55005807,0.5482788
chr7:g.44113961C>G|cg26645494,AEBP1,0.0,745,0.00024414062,-0.00390625,0.0063476562,0.0030577765,0.06,548.5,332.95,730.5999999999999,0.0,0.0,0.054595947265625,0.0161590576171875,0.0546875,0.0161590576171875,0.052963257,0.016220093,0.7655929,0.7656677
chr7:g.93132140G>A|cg11214047,SAMD9L,0.0,746,0.00048828125,0.0,0.00048828125,0.00028179417,0.48,713.0,663.25,754.0,0.0,0.0,0.035491943359375,0.0179901123046875,0.035491943359375,0.0179901123046875,0.035003662,0.018424988,0.65773565,0.65820557
chr16:g.15047865C>T|cg08371685,NTAN1,0.0,747,-0.00024414062,-0.0073242188,0.00390625,0.0039352397,0.06,474.5,289.65,710.6999999999998,0.0,0.0,0.04083251953125,0.03228759765625,0.040771484375,0.0322265625,0.041229248,0.03189087,0.56555873,0.5663266
chr15:g.74195374G>A|cg10085741,STRA6,0.0,748,-0.00048828125,-0.012475586,0.0087890625,0.0062676934,0.04,406.0,197.35,696.2,0.0,0.0,0.034027099609375,0.0212860107421875,0.033966064453125,0.021240234375,0.0335083,0.022109985,0.6056249,0.60277784
chr14:g.22845320A>G|cg04219048,MMP14,0.0,749,0.016845703,-0.07646485,0.109448224,0.062333778,0.0,37.5,8.25,423.6999999999995,0.06,0.24,0.021575927734375,0.023101806640625,0.0217437744140625,0.022979736328125,0.022224426,0.024375916,0.4846702,0.49440783
chr15:g.22916598G>A|cg13051607,CYFIP1,0.0,750,0.00024414062,-0.0053710938,0.0041748043,0.002865814,0.06,561.5,360.1,730.0999999999999,0.0,0.0,0.039337158203125,0.038238525390625,0.0394287109375,0.038238525390625,0.04260254,0.03753662,0.5269766,0.52606165
chr15:g.22823780C>T|cg15159661,NIPA1,0.0,751,0.0009765625,-0.0029296875,0.0034179688,0.00223652,0.08,565.5,408.45,739.6999999999999,0.0,0.0,0.038116455078125,0.0390625,0.037689208984375,0.038970947265625,0.039871216,0.03778076,0.51074356,0.5070342
chr10:g.75029366G>A|cg05791881,KAT6B,0.0,752,0.0,-0.0017333984,0.001953125,0.001302897,0.16,653.0,510.65,754.55,0.0,0.0,0.060302734375,0.028167724609375,0.060516357421875,0.0280609130859375,0.059432983,0.02835846,0.6778517,0.6784214
chr9:g.135503839C>G|cg13958495,MRPS2,0.0,753,0.0014648438,-0.01159668,0.014257811,0.0077813976,0.02,373.0,176.8,659.8,0.0,0.0,0.03143310546875,0.023773193359375,0.03179931640625,0.0237274169921875,0.03237915,0.023040771,0.5752801,0.58513296
chr10:g.73498662G>A|cg08971769,USP54,0.0,754,0.0,-0.0029296875,0.0043945312,0.0024891496,0.18,563.0,402.15,754.2,0.0,0.0,0.038604736328125,0.03173828125,0.0386962890625,0.03173828125,0.039489746,0.030532837,0.56705844,0.5643488
chr10:g.73801426G>A|cg17694069,ZSWIM8,0.0,755,0.00048828125,-0.0056396485,0.0053710938,0.0036282511,0.02,515.5,328.0,685.3,0.0,0.0,0.03533935546875,0.01322174072265625,0.035736083984375,0.01306915283203125,0.03564453,0.013145447,0.73167515,0.73066866
chr9:g.135822618C>A|cg14020379,CAMSAP1,0.0,756,0.0014648438,-0.0034179688,0.007104492,0.0037832903,0.02,507.0,285.1,677.9999999999999,0.0,0.0,0.044769287109375,0.0360107421875,0.044189453125,0.036346435546875,0.04360962,0.035186768,0.55312335,0.551325
chr1:g.22576513G>A|cg23242509,EPHA8,0.0,757,0.00048828125,-0.0029296875,0.005200194,0.0026084066,0.04,557.0,371.25,711.55,0.0,0.0,0.0615234375,0.0142822265625,0.061309814453125,0.0142822265625,0.061706543,0.014930725,0.80532056,0.80459225
